seed,violation_present,feasible,first_arm,logging_status,enforced_status,logging_completed_use,enforced_completed_use,enforced_controlled_stop,enforced_post_detection_agent_events,logging_config_hash,enforced_config_hash
420000,True,True,logging_only,COMPLETED,CONTROLLED_STOP,1,0,1,0,76fb791fafbc6eb83d167afd691da9d7efb9acfe879acecef2e76df7d9e6358d,460671aba0c8644dd54c9a32bc4323614be6d34e1a7d0d53d3d530ad63d08daf
420001,False,True,logging_only,COMPLETED,COMPLETED,0,0,0,0,76fb791fafbc6eb83d167afd691da9d7efb9acfe879acecef2e76df7d9e6358d,460671aba0c8644dd54c9a32bc4323614be6d34e1a7d0d53d3d530ad63d08daf
420002,True,True,monitor_enforced,COMPLETED,CONTROLLED_STOP,1,0,1,0,76fb791fafbc6eb83d167afd691da9d7efb9acfe879acecef2e76df7d9e6358d,460671aba0c8644dd54c9a32bc4323614be6d34e1a7d0d53d3d530ad63d08daf
420003,False,True,monitor_enforced,COMPLETED,COMPLETED,0,0,0,0,76fb791fafbc6eb83d167afd691da9d7efb9acfe879acecef2e76df7d9e6358d,460671aba0c8644dd54c9a32bc4323614be6d34e1a7d0d53d3d530ad63d08daf
420004,True,False,logging_only,COMPLETED,CONTROLLED_STOP,1,0,1,0,76fb791fafbc6eb83d167afd691da9d7efb9acfe879acecef2e76df7d9e6358d,460671aba0c8644dd54c9a32bc4323614be6d34e1a7d0d53d3d530ad63d08daf
420005,False,False,logging_only,COMPLETED,COMPLETED,0,0,0,0,76fb791fafbc6eb83d167afd691da9d7efb9acfe879acecef2e76df7d9e6358d,460671aba0c8644dd54c9a32bc4323614be6d34e1a7d0d53d3d530ad63d08daf
420006,True,False,monitor_enforced,COMPLETED,CONTROLLED_STOP,1,0,1,0,76fb791fafbc6eb83d167afd691da9d7efb9acfe879acecef2e76df7d9e6358d,460671aba0c8644dd54c9a32bc4323614be6d34e1a7d0d53d3d530ad63d08daf
420007,False,False,monitor_enforced,COMPLETED,COMPLETED,0,0,0,0,76fb791fafbc6eb83d167afd691da9d7efb9acfe879acecef2e76df7d9e6358d,460671aba0c8644dd54c9a32bc4323614be6d34e1a7d0d53d3d530ad63d08daf
420008,True,True,logging_only,COMPLETED,CONTROLLED_STOP,1,0,1,0,76fb791fafbc6eb83d167afd691da9d7efb9acfe879acecef2e76df7d9e6358d,460671aba0c8644dd54c9a32bc4323614be6d34e1a7d0d53d3d530ad63d08daf
420009,False,True,logging_only,COMPLETED,COMPLETED,0,0,0,0,76fb791fafbc6eb83d167afd691da9d7efb9acfe879acecef2e76df7d9e6358d,460671aba0c8644dd54c9a32bc4323614be6d34e1a7d0d53d3d530ad63d08daf
420010,True,True,monitor_enforced,COMPLETED,CONTROLLED_STOP,1,0,1,0,76fb791fafbc6eb83d167afd691da9d7efb9acfe879acecef2e76df7d9e6358d,460671aba0c8644dd54c9a32bc4323614be6d34e1a7d0d53d3d530ad63d08daf
420011,False,True,monitor_enforced,COMPLETED,COMPLETED,0,0,0,0,76fb791fafbc6eb83d167afd691da9d7efb9acfe879acecef2e76df7d9e6358d,460671aba0c8644dd54c9a32bc4323614be6d34e1a7d0d53d3d530ad63d08daf
420012,True,False,logging_only,COMPLETED,CONTROLLED_STOP,1,0,1,0,76fb791fafbc6eb83d167afd691da9d7efb9acfe879acecef2e76df7d9e6358d,460671aba0c8644dd54c9a32bc4323614be6d34e1a7d0d53d3d530ad63d08daf
420013,False,False,logging_only,COMPLETED,COMPLETED,0,0,0,0,76fb791fafbc6eb83d167afd691da9d7efb9acfe879acecef2e76df7d9e6358d,460671aba0c8644dd54c9a32bc4323614be6d34e1a7d0d53d3d530ad63d08daf
420014,True,False,monitor_enforced,COMPLETED,CONTROLLED_STOP,1,0,1,0,76fb791fafbc6eb83d167afd691da9d7efb9acfe879acecef2e76df7d9e6358d,460671aba0c8644dd54c9a32bc4323614be6d34e1a7d0d53d3d530ad63d08daf
420015,False,False,monitor_enforced,COMPLETED,COMPLETED,0,0,0,0,76fb791fafbc6eb83d167afd691da9d7efb9acfe879acecef2e76df7d9e6358d,460671aba0c8644dd54c9a32bc4323614be6d34e1a7d0d53d3d530ad63d08daf
420016,True,True,logging_only,COMPLETED,CONTROLLED_STOP,1,0,1,0,76fb791fafbc6eb83d167afd691da9d7efb9acfe879acecef2e76df7d9e6358d,460671aba0c8644dd54c9a32bc4323614be6d34e1a7d0d53d3d530ad63d08daf
420017,False,True,logging_only,COMPLETED,COMPLETED,0,0,0,0,76fb791fafbc6eb83d167afd691da9d7efb9acfe879acecef2e76df7d9e6358d,460671aba0c8644dd54c9a32bc4323614be6d34e1a7d0d53d3d530ad63d08daf
420018,True,True,monitor_enforced,COMPLETED,CONTROLLED_STOP,1,0,1,0,76fb791fafbc6eb83d167afd691da9d7efb9acfe879acecef2e76df7d9e6358d,460671aba0c8644dd54c9a32bc4323614be6d34e1a7d0d53d3d530ad63d08daf
420019,False,True,monitor_enforced,COMPLETED,COMPLETED,0,0,0,0,76fb791fafbc6eb83d167afd691da9d7efb9acfe879acecef2e76df7d9e6358d,460671aba0c8644dd54c9a32bc4323614be6d34e1a7d0d53d3d530ad63d08daf
420020,True,False,logging_only,COMPLETED,CONTROLLED_STOP,1,0,1,0,76fb791fafbc6eb83d167afd691da9d7efb9acfe879acecef2e76df7d9e6358d,460671aba0c8644dd54c9a32bc4323614be6d34e1a7d0d53d3d530ad63d08daf
420021,False,False,logging_only,COMPLETED,COMPLETED,0,0,0,0,76fb791fafbc6eb83d167afd691da9d7efb9acfe879acecef2e76df7d9e6358d,460671aba0c8644dd54c9a32bc4323614be6d34e1a7d0d53d3d530ad63d08daf
420022,True,False,monitor_enforced,COMPLETED,CONTROLLED_STOP,1,0,1,0,76fb791fafbc6eb83d167afd691da9d7efb9acfe879acecef2e76df7d9e6358d,460671aba0c8644dd54c9a32bc4323614be6d34e1a7d0d53d3d530ad63d08daf
420023,False,False,monitor_enforced,COMPLETED,COMPLETED,0,0,0,0,76fb791fafbc6eb83d167afd691da9d7efb9acfe879acecef2e76df7d9e6358d,460671aba0c8644dd54c9a32bc4323614be6d34e1a7d0d53d3d530ad63d08daf
420024,True,True,logging_only,COMPLETED,CONTROLLED_STOP,1,0,1,0,76fb791fafbc6eb83d167afd691da9d7efb9acfe879acecef2e76df7d9e6358d,460671aba0c8644dd54c9a32bc4323614be6d34e1a7d0d53d3d530ad63d08daf
420025,False,True,logging_only,COMPLETED,COMPLETED,0,0,0,0,76fb791fafbc6eb83d167afd691da9d7efb9acfe879acecef2e76df7d9e6358d,460671aba0c8644dd54c9a32bc4323614be6d34e1a7d0d53d3d530ad63d08daf
420026,True,True,monitor_enforced,COMPLETED,CONTROLLED_STOP,1,0,1,0,76fb791fafbc6eb83d167afd691da9d7efb9acfe879acecef2e76df7d9e6358d,460671aba0c8644dd54c9a32bc4323614be6d34e1a7d0d53d3d530ad63d08daf
420027,False,True,monitor_enforced,COMPLETED,COMPLETED,0,0,0,0,76fb791fafbc6eb83d167afd691da9d7efb9acfe879acecef2e76df7d9e6358d,460671aba0c8644dd54c9a32bc4323614be6d34e1a7d0d53d3d530ad63d08daf
420028,True,False,logging_only,COMPLETED,CONTROLLED_STOP,1,0,1,0,76fb791fafbc6eb83d167afd691da9d7efb9acfe879acecef2e76df7d9e6358d,460671aba0c8644dd54c9a32bc4323614be6d34e1a7d0d53d3d530ad63d08daf
420029,False,False,logging_only,COMPLETED,COMPLETED,0,0,0,0,76fb791fafbc6eb83d167afd691da9d7efb9acfe879acecef2e76df7d9e6358d,460671aba0c8644dd54c9a32bc4323614be6d34e1a7d0d53d3d530ad63d08daf
420030,True,False,monitor_enforced,COMPLETED,CONTROLLED_STOP,1,0,1,0,76fb791fafbc6eb83d167afd691da9d7efb9acfe879acecef2e76df7d9e6358d,460671aba0c8644dd54c9a32bc4323614be6d34e1a7d0d53d3d530ad63d08daf
420031,False,False,monitor_enforced,COMPLETED,COMPLETED,0,0,0,0,76fb791fafbc6eb83d167afd691da9d7efb9acfe879acecef2e76df7d9e6358d,460671aba0c8644dd54c9a32bc4323614be6d34e1a7d0d53d3d530ad63d08daf
420032,True,True,logging_only,COMPLETED,CONTROLLED_STOP,1,0,1,0,76fb791fafbc6eb83d167afd691da9d7efb9acfe879acecef2e76df7d9e6358d,460671aba0c8644dd54c9a32bc4323614be6d34e1a7d0d53d3d530ad63d08daf
420033,False,True,logging_only,COMPLETED,COMPLETED,0,0,0,0,76fb791fafbc6eb83d167afd691da9d7efb9acfe879acecef2e76df7d9e6358d,460671aba0c8644dd54c9a32bc4323614be6d34e1a7d0d53d3d530ad63d08daf
420034,True,True,monitor_enforced,COMPLETED,CONTROLLED_STOP,1,0,1,0,76fb791fafbc6eb83d167afd691da9d7efb9acfe879acecef2e76df7d9e6358d,460671aba0c8644dd54c9a32bc4323614be6d34e1a7d0d53d3d530ad63d08daf
420035,False,True,monitor_enforced,COMPLETED,COMPLETED,0,0,0,0,76fb791fafbc6eb83d167afd691da9d7efb9acfe879acecef2e76df7d9e6358d,460671aba0c8644dd54c9a32bc4323614be6d34e1a7d0d53d3d530ad63d08daf
420036,True,False,logging_only,COMPLETED,CONTROLLED_STOP,1,0,1,0,76fb791fafbc6eb83d167afd691da9d7efb9acfe879acecef2e76df7d9e6358d,460671aba0c8644dd54c9a32bc4323614be6d34e1a7d0d53d3d530ad63d08daf
420037,False,False,logging_only,COMPLETED,COMPLETED,0,0,0,0,76fb791fafbc6eb83d167afd691da9d7efb9acfe879acecef2e76df7d9e6358d,460671aba0c8644dd54c9a32bc4323614be6d34e1a7d0d53d3d530ad63d08daf
420038,True,False,monitor_enforced,COMPLETED,CONTROLLED_STOP,1,0,1,0,76fb791fafbc6eb83d167afd691da9d7efb9acfe879acecef2e76df7d9e6358d,460671aba0c8644dd54c9a32bc4323614be6d34e1a7d0d53d3d530ad63d08daf
420039,False,False,monitor_enforced,COMPLETED,COMPLETED,0,0,0,0,76fb791fafbc6eb83d167afd691da9d7efb9acfe879acecef2e76df7d9e6358d,460671aba0c8644dd54c9a32bc4323614be6d34e1a7d0d53d3d530ad63d08daf
420040,True,True,logging_only,COMPLETED,CONTROLLED_STOP,1,0,1,0,76fb791fafbc6eb83d167afd691da9d7efb9acfe879acecef2e76df7d9e6358d,460671aba0c8644dd54c9a32bc4323614be6d34e1a7d0d53d3d530ad63d08daf
420041,False,True,logging_only,COMPLETED,COMPLETED,0,0,0,0,76fb791fafbc6eb83d167afd691da9d7efb9acfe879acecef2e76df7d9e6358d,460671aba0c8644dd54c9a32bc4323614be6d34e1a7d0d53d3d530ad63d08daf
420042,True,True,monitor_enforced,COMPLETED,CONTROLLED_STOP,1,0,1,0,76fb791fafbc6eb83d167afd691da9d7efb9acfe879acecef2e76df7d9e6358d,460671aba0c8644dd54c9a32bc4323614be6d34e1a7d0d53d3d530ad63d08daf
420043,False,True,monitor_enforced,COMPLETED,COMPLETED,0,0,0,0,76fb791fafbc6eb83d167afd691da9d7efb9acfe879acecef2e76df7d9e6358d,460671aba0c8644dd54c9a32bc4323614be6d34e1a7d0d53d3d530ad63d08daf
420044,True,False,logging_only,COMPLETED,CONTROLLED_STOP,1,0,1,0,76fb791fafbc6eb83d167afd691da9d7efb9acfe879acecef2e76df7d9e6358d,460671aba0c8644dd54c9a32bc4323614be6d34e1a7d0d53d3d530ad63d08daf
420045,False,False,logging_only,COMPLETED,COMPLETED,0,0,0,0,76fb791fafbc6eb83d167afd691da9d7efb9acfe879acecef2e76df7d9e6358d,460671aba0c8644dd54c9a32bc4323614be6d34e1a7d0d53d3d530ad63d08daf
420046,True,False,monitor_enforced,COMPLETED,CONTROLLED_STOP,1,0,1,0,76fb791fafbc6eb83d167afd691da9d7efb9acfe879acecef2e76df7d9e6358d,460671aba0c8644dd54c9a32bc4323614be6d34e1a7d0d53d3d530ad63d08daf
420047,False,False,monitor_enforced,COMPLETED,COMPLETED,0,0,0,0,76fb791fafbc6eb83d167afd691da9d7efb9acfe879acecef2e76df7d9e6358d,460671aba0c8644dd54c9a32bc4323614be6d34e1a7d0d53d3d530ad63d08daf
420048,True,True,logging_only,COMPLETED,CONTROLLED_STOP,1,0,1,0,76fb791fafbc6eb83d167afd691da9d7efb9acfe879acecef2e76df7d9e6358d,460671aba0c8644dd54c9a32bc4323614be6d34e1a7d0d53d3d530ad63d08daf
420049,False,True,logging_only,COMPLETED,COMPLETED,0,0,0,0,76fb791fafbc6eb83d167afd691da9d7efb9acfe879acecef2e76df7d9e6358d,460671aba0c8644dd54c9a32bc4323614be6d34e1a7d0d53d3d530ad63d08daf
420050,True,True,monitor_enforced,COMPLETED,CONTROLLED_STOP,1,0,1,0,76fb791fafbc6eb83d167afd691da9d7efb9acfe879acecef2e76df7d9e6358d,460671aba0c8644dd54c9a32bc4323614be6d34e1a7d0d53d3d530ad63d08daf
420051,False,True,monitor_enforced,COMPLETED,COMPLETED,0,0,0,0,76fb791fafbc6eb83d167afd691da9d7efb9acfe879acecef2e76df7d9e6358d,460671aba0c8644dd54c9a32bc4323614be6d34e1a7d0d53d3d530ad63d08daf
420052,True,False,logging_only,COMPLETED,CONTROLLED_STOP,1,0,1,0,76fb791fafbc6eb83d167afd691da9d7efb9acfe879acecef2e76df7d9e6358d,460671aba0c8644dd54c9a32bc4323614be6d34e1a7d0d53d3d530ad63d08daf
420053,False,False,logging_only,COMPLETED,COMPLETED,0,0,0,0,76fb791fafbc6eb83d167afd691da9d7efb9acfe879acecef2e76df7d9e6358d,460671aba0c8644dd54c9a32bc4323614be6d34e1a7d0d53d3d530ad63d08daf
420054,True,False,monitor_enforced,COMPLETED,CONTROLLED_STOP,1,0,1,0,76fb791fafbc6eb83d167afd691da9d7efb9acfe879acecef2e76df7d9e6358d,460671aba0c8644dd54c9a32bc4323614be6d34e1a7d0d53d3d530ad63d08daf
420055,False,False,monitor_enforced,COMPLETED,COMPLETED,0,0,0,0,76fb791fafbc6eb83d167afd691da9d7efb9acfe879acecef2e76df7d9e6358d,460671aba0c8644dd54c9a32bc4323614be6d34e1a7d0d53d3d530ad63d08daf
420056,True,True,logging_only,COMPLETED,CONTROLLED_STOP,1,0,1,0,76fb791fafbc6eb83d167afd691da9d7efb9acfe879acecef2e76df7d9e6358d,460671aba0c8644dd54c9a32bc4323614be6d34e1a7d0d53d3d530ad63d08daf
420057,False,True,logging_only,COMPLETED,COMPLETED,0,0,0,0,76fb791fafbc6eb83d167afd691da9d7efb9acfe879acecef2e76df7d9e6358d,460671aba0c8644dd54c9a32bc4323614be6d34e1a7d0d53d3d530ad63d08daf
420058,True,True,monitor_enforced,COMPLETED,CONTROLLED_STOP,1,0,1,0,76fb791fafbc6eb83d167afd691da9d7efb9acfe879acecef2e76df7d9e6358d,460671aba0c8644dd54c9a32bc4323614be6d34e1a7d0d53d3d530ad63d08daf
420059,False,True,monitor_enforced,COMPLETED,COMPLETED,0,0,0,0,76fb791fafbc6eb83d167afd691da9d7efb9acfe879acecef2e76df7d9e6358d,460671aba0c8644dd54c9a32bc4323614be6d34e1a7d0d53d3d530ad63d08daf
420060,True,False,logging_only,COMPLETED,CONTROLLED_STOP,1,0,1,0,76fb791fafbc6eb83d167afd691da9d7efb9acfe879acecef2e76df7d9e6358d,460671aba0c8644dd54c9a32bc4323614be6d34e1a7d0d53d3d530ad63d08daf
420061,False,False,logging_only,COMPLETED,COMPLETED,0,0,0,0,76fb791fafbc6eb83d167afd691da9d7efb9acfe879acecef2e76df7d9e6358d,460671aba0c8644dd54c9a32bc4323614be6d34e1a7d0d53d3d530ad63d08daf
420062,True,False,monitor_enforced,COMPLETED,CONTROLLED_STOP,1,0,1,0,76fb791fafbc6eb83d167afd691da9d7efb9acfe879acecef2e76df7d9e6358d,460671aba0c8644dd54c9a32bc4323614be6d34e1a7d0d53d3d530ad63d08daf
420063,False,False,monitor_enforced,COMPLETED,COMPLETED,0,0,0,0,76fb791fafbc6eb83d167afd691da9d7efb9acfe879acecef2e76df7d9e6358d,460671aba0c8644dd54c9a32bc4323614be6d34e1a7d0d53d3d530ad63d08daf
420064,True,True,logging_only,COMPLETED,CONTROLLED_STOP,1,0,1,0,76fb791fafbc6eb83d167afd691da9d7efb9acfe879acecef2e76df7d9e6358d,460671aba0c8644dd54c9a32bc4323614be6d34e1a7d0d53d3d530ad63d08daf
420065,False,True,logging_only,COMPLETED,COMPLETED,0,0,0,0,76fb791fafbc6eb83d167afd691da9d7efb9acfe879acecef2e76df7d9e6358d,460671aba0c8644dd54c9a32bc4323614be6d34e1a7d0d53d3d530ad63d08daf
420066,True,True,monitor_enforced,COMPLETED,CONTROLLED_STOP,1,0,1,0,76fb791fafbc6eb83d167afd691da9d7efb9acfe879acecef2e76df7d9e6358d,460671aba0c8644dd54c9a32bc4323614be6d34e1a7d0d53d3d530ad63d08daf
420067,False,True,monitor_enforced,COMPLETED,COMPLETED,0,0,0,0,76fb791fafbc6eb83d167afd691da9d7efb9acfe879acecef2e76df7d9e6358d,460671aba0c8644dd54c9a32bc4323614be6d34e1a7d0d53d3d530ad63d08daf
420068,True,False,logging_only,COMPLETED,CONTROLLED_STOP,1,0,1,0,76fb791fafbc6eb83d167afd691da9d7efb9acfe879acecef2e76df7d9e6358d,460671aba0c8644dd54c9a32bc4323614be6d34e1a7d0d53d3d530ad63d08daf
420069,False,False,logging_only,COMPLETED,COMPLETED,0,0,0,0,76fb791fafbc6eb83d167afd691da9d7efb9acfe879acecef2e76df7d9e6358d,460671aba0c8644dd54c9a32bc4323614be6d34e1a7d0d53d3d530ad63d08daf
420070,True,False,monitor_enforced,COMPLETED,CONTROLLED_STOP,1,0,1,0,76fb791fafbc6eb83d167afd691da9d7efb9acfe879acecef2e76df7d9e6358d,460671aba0c8644dd54c9a32bc4323614be6d34e1a7d0d53d3d530ad63d08daf
420071,False,False,monitor_enforced,COMPLETED,COMPLETED,0,0,0,0,76fb791fafbc6eb83d167afd691da9d7efb9acfe879acecef2e76df7d9e6358d,460671aba0c8644dd54c9a32bc4323614be6d34e1a7d0d53d3d530ad63d08daf
420072,True,True,logging_only,COMPLETED,CONTROLLED_STOP,1,0,1,0,76fb791fafbc6eb83d167afd691da9d7efb9acfe879acecef2e76df7d9e6358d,460671aba0c8644dd54c9a32bc4323614be6d34e1a7d0d53d3d530ad63d08daf
420073,False,True,logging_only,COMPLETED,COMPLETED,0,0,0,0,76fb791fafbc6eb83d167afd691da9d7efb9acfe879acecef2e76df7d9e6358d,460671aba0c8644dd54c9a32bc4323614be6d34e1a7d0d53d3d530ad63d08daf
420074,True,True,monitor_enforced,COMPLETED,CONTROLLED_STOP,1,0,1,0,76fb791fafbc6eb83d167afd691da9d7efb9acfe879acecef2e76df7d9e6358d,460671aba0c8644dd54c9a32bc4323614be6d34e1a7d0d53d3d530ad63d08daf
420075,False,True,monitor_enforced,COMPLETED,COMPLETED,0,0,0,0,76fb791fafbc6eb83d167afd691da9d7efb9acfe879acecef2e76df7d9e6358d,460671aba0c8644dd54c9a32bc4323614be6d34e1a7d0d53d3d530ad63d08daf
420076,True,False,logging_only,COMPLETED,CONTROLLED_STOP,1,0,1,0,76fb791fafbc6eb83d167afd691da9d7efb9acfe879acecef2e76df7d9e6358d,460671aba0c8644dd54c9a32bc4323614be6d34e1a7d0d53d3d530ad63d08daf
420077,False,False,logging_only,COMPLETED,COMPLETED,0,0,0,0,76fb791fafbc6eb83d167afd691da9d7efb9acfe879acecef2e76df7d9e6358d,460671aba0c8644dd54c9a32bc4323614be6d34e1a7d0d53d3d530ad63d08daf
420078,True,False,monitor_enforced,COMPLETED,CONTROLLED_STOP,1,0,1,0,76fb791fafbc6eb83d167afd691da9d7efb9acfe879acecef2e76df7d9e6358d,460671aba0c8644dd54c9a32bc4323614be6d34e1a7d0d53d3d530ad63d08daf
420079,False,False,monitor_enforced,COMPLETED,COMPLETED,0,0,0,0,76fb791fafbc6eb83d167afd691da9d7efb9acfe879acecef2e76df7d9e6358d,460671aba0c8644dd54c9a32bc4323614be6d34e1a7d0d53d3d530ad63d08daf
420080,True,True,logging_only,COMPLETED,CONTROLLED_STOP,1,0,1,0,76fb791fafbc6eb83d167afd691da9d7efb9acfe879acecef2e76df7d9e6358d,460671aba0c8644dd54c9a32bc4323614be6d34e1a7d0d53d3d530ad63d08daf
420081,False,True,logging_only,COMPLETED,COMPLETED,0,0,0,0,76fb791fafbc6eb83d167afd691da9d7efb9acfe879acecef2e76df7d9e6358d,460671aba0c8644dd54c9a32bc4323614be6d34e1a7d0d53d3d530ad63d08daf
420082,True,True,monitor_enforced,COMPLETED,CONTROLLED_STOP,1,0,1,0,76fb791fafbc6eb83d167afd691da9d7efb9acfe879acecef2e76df7d9e6358d,460671aba0c8644dd54c9a32bc4323614be6d34e1a7d0d53d3d530ad63d08daf
420083,False,True,monitor_enforced,COMPLETED,COMPLETED,0,0,0,0,76fb791fafbc6eb83d167afd691da9d7efb9acfe879acecef2e76df7d9e6358d,460671aba0c8644dd54c9a32bc4323614be6d34e1a7d0d53d3d530ad63d08daf
420084,True,False,logging_only,COMPLETED,CONTROLLED_STOP,1,0,1,0,76fb791fafbc6eb83d167afd691da9d7efb9acfe879acecef2e76df7d9e6358d,460671aba0c8644dd54c9a32bc4323614be6d34e1a7d0d53d3d530ad63d08daf
420085,False,False,logging_only,COMPLETED,COMPLETED,0,0,0,0,76fb791fafbc6eb83d167afd691da9d7efb9acfe879acecef2e76df7d9e6358d,460671aba0c8644dd54c9a32bc4323614be6d34e1a7d0d53d3d530ad63d08daf
420086,True,False,monitor_enforced,COMPLETED,CONTROLLED_STOP,1,0,1,0,76fb791fafbc6eb83d167afd691da9d7efb9acfe879acecef2e76df7d9e6358d,460671aba0c8644dd54c9a32bc4323614be6d34e1a7d0d53d3d530ad63d08daf
420087,False,False,monitor_enforced,COMPLETED,COMPLETED,0,0,0,0,76fb791fafbc6eb83d167afd691da9d7efb9acfe879acecef2e76df7d9e6358d,460671aba0c8644dd54c9a32bc4323614be6d34e1a7d0d53d3d530ad63d08daf
420088,True,True,logging_only,COMPLETED,CONTROLLED_STOP,1,0,1,0,76fb791fafbc6eb83d167afd691da9d7efb9acfe879acecef2e76df7d9e6358d,460671aba0c8644dd54c9a32bc4323614be6d34e1a7d0d53d3d530ad63d08daf
420089,False,True,logging_only,COMPLETED,COMPLETED,0,0,0,0,76fb791fafbc6eb83d167afd691da9d7efb9acfe879acecef2e76df7d9e6358d,460671aba0c8644dd54c9a32bc4323614be6d34e1a7d0d53d3d530ad63d08daf
420090,True,True,monitor_enforced,COMPLETED,CONTROLLED_STOP,1,0,1,0,76fb791fafbc6eb83d167afd691da9d7efb9acfe879acecef2e76df7d9e6358d,460671aba0c8644dd54c9a32bc4323614be6d34e1a7d0d53d3d530ad63d08daf
420091,False,True,monitor_enforced,COMPLETED,COMPLETED,0,0,0,0,76fb791fafbc6eb83d167afd691da9d7efb9acfe879acecef2e76df7d9e6358d,460671aba0c8644dd54c9a32bc4323614be6d34e1a7d0d53d3d530ad63d08daf
420092,True,False,logging_only,COMPLETED,CONTROLLED_STOP,1,0,1,0,76fb791fafbc6eb83d167afd691da9d7efb9acfe879acecef2e76df7d9e6358d,460671aba0c8644dd54c9a32bc4323614be6d34e1a7d0d53d3d530ad63d08daf
420093,False,False,logging_only,COMPLETED,COMPLETED,0,0,0,0,76fb791fafbc6eb83d167afd691da9d7efb9acfe879acecef2e76df7d9e6358d,460671aba0c8644dd54c9a32bc4323614be6d34e1a7d0d53d3d530ad63d08daf
420094,True,False,monitor_enforced,COMPLETED,CONTROLLED_STOP,1,0,1,0,76fb791fafbc6eb83d167afd691da9d7efb9acfe879acecef2e76df7d9e6358d,460671aba0c8644dd54c9a32bc4323614be6d34e1a7d0d53d3d530ad63d08daf
420095,False,False,monitor_enforced,COMPLETED,COMPLETED,0,0,0,0,76fb791fafbc6eb83d167afd691da9d7efb9acfe879acecef2e76df7d9e6358d,460671aba0c8644dd54c9a32bc4323614be6d34e1a7d0d53d3d530ad63d08daf
420096,True,True,logging_only,COMPLETED,CONTROLLED_STOP,1,0,1,0,76fb791fafbc6eb83d167afd691da9d7efb9acfe879acecef2e76df7d9e6358d,460671aba0c8644dd54c9a32bc4323614be6d34e1a7d0d53d3d530ad63d08daf
420097,False,True,logging_only,COMPLETED,COMPLETED,0,0,0,0,76fb791fafbc6eb83d167afd691da9d7efb9acfe879acecef2e76df7d9e6358d,460671aba0c8644dd54c9a32bc4323614be6d34e1a7d0d53d3d530ad63d08daf
420098,True,True,monitor_enforced,COMPLETED,CONTROLLED_STOP,1,0,1,0,76fb791fafbc6eb83d167afd691da9d7efb9acfe879acecef2e76df7d9e6358d,460671aba0c8644dd54c9a32bc4323614be6d34e1a7d0d53d3d530ad63d08daf
420099,False,True,monitor_enforced,COMPLETED,COMPLETED,0,0,0,0,76fb791fafbc6eb83d167afd691da9d7efb9acfe879acecef2e76df7d9e6358d,460671aba0c8644dd54c9a32bc4323614be6d34e1a7d0d53d3d530ad63d08daf
420100,True,False,logging_only,COMPLETED,CONTROLLED_STOP,1,0,1,0,76fb791fafbc6eb83d167afd691da9d7efb9acfe879acecef2e76df7d9e6358d,460671aba0c8644dd54c9a32bc4323614be6d34e1a7d0d53d3d530ad63d08daf
420101,False,False,logging_only,COMPLETED,COMPLETED,0,0,0,0,76fb791fafbc6eb83d167afd691da9d7efb9acfe879acecef2e76df7d9e6358d,460671aba0c8644dd54c9a32bc4323614be6d34e1a7d0d53d3d530ad63d08daf
420102,True,False,monitor_enforced,COMPLETED,CONTROLLED_STOP,1,0,1,0,76fb791fafbc6eb83d167afd691da9d7efb9acfe879acecef2e76df7d9e6358d,460671aba0c8644dd54c9a32bc4323614be6d34e1a7d0d53d3d530ad63d08daf
420103,False,False,monitor_enforced,COMPLETED,COMPLETED,0,0,0,0,76fb791fafbc6eb83d167afd691da9d7efb9acfe879acecef2e76df7d9e6358d,460671aba0c8644dd54c9a32bc4323614be6d34e1a7d0d53d3d530ad63d08daf
420104,True,True,logging_only,COMPLETED,CONTROLLED_STOP,1,0,1,0,76fb791fafbc6eb83d167afd691da9d7efb9acfe879acecef2e76df7d9e6358d,460671aba0c8644dd54c9a32bc4323614be6d34e1a7d0d53d3d530ad63d08daf
420105,False,True,logging_only,COMPLETED,COMPLETED,0,0,0,0,76fb791fafbc6eb83d167afd691da9d7efb9acfe879acecef2e76df7d9e6358d,460671aba0c8644dd54c9a32bc4323614be6d34e1a7d0d53d3d530ad63d08daf
420106,True,True,monitor_enforced,COMPLETED,CONTROLLED_STOP,1,0,1,0,76fb791fafbc6eb83d167afd691da9d7efb9acfe879acecef2e76df7d9e6358d,460671aba0c8644dd54c9a32bc4323614be6d34e1a7d0d53d3d530ad63d08daf
420107,False,True,monitor_enforced,COMPLETED,COMPLETED,0,0,0,0,76fb791fafbc6eb83d167afd691da9d7efb9acfe879acecef2e76df7d9e6358d,460671aba0c8644dd54c9a32bc4323614be6d34e1a7d0d53d3d530ad63d08daf
420108,True,False,logging_only,COMPLETED,CONTROLLED_STOP,1,0,1,0,76fb791fafbc6eb83d167afd691da9d7efb9acfe879acecef2e76df7d9e6358d,460671aba0c8644dd54c9a32bc4323614be6d34e1a7d0d53d3d530ad63d08daf
420109,False,False,logging_only,COMPLETED,COMPLETED,0,0,0,0,76fb791fafbc6eb83d167afd691da9d7efb9acfe879acecef2e76df7d9e6358d,460671aba0c8644dd54c9a32bc4323614be6d34e1a7d0d53d3d530ad63d08daf
420110,True,False,monitor_enforced,COMPLETED,CONTROLLED_STOP,1,0,1,0,76fb791fafbc6eb83d167afd691da9d7efb9acfe879acecef2e76df7d9e6358d,460671aba0c8644dd54c9a32bc4323614be6d34e1a7d0d53d3d530ad63d08daf
420111,False,False,monitor_enforced,COMPLETED,COMPLETED,0,0,0,0,76fb791fafbc6eb83d167afd691da9d7efb9acfe879acecef2e76df7d9e6358d,460671aba0c8644dd54c9a32bc4323614be6d34e1a7d0d53d3d530ad63d08daf
420112,True,True,logging_only,COMPLETED,CONTROLLED_STOP,1,0,1,0,76fb791fafbc6eb83d167afd691da9d7efb9acfe879acecef2e76df7d9e6358d,460671aba0c8644dd54c9a32bc4323614be6d34e1a7d0d53d3d530ad63d08daf
420113,False,True,logging_only,COMPLETED,COMPLETED,0,0,0,0,76fb791fafbc6eb83d167afd691da9d7efb9acfe879acecef2e76df7d9e6358d,460671aba0c8644dd54c9a32bc4323614be6d34e1a7d0d53d3d530ad63d08daf
420114,True,True,monitor_enforced,COMPLETED,CONTROLLED_STOP,1,0,1,0,76fb791fafbc6eb83d167afd691da9d7efb9acfe879acecef2e76df7d9e6358d,460671aba0c8644dd54c9a32bc4323614be6d34e1a7d0d53d3d530ad63d08daf
420115,False,True,monitor_enforced,COMPLETED,COMPLETED,0,0,0,0,76fb791fafbc6eb83d167afd691da9d7efb9acfe879acecef2e76df7d9e6358d,460671aba0c8644dd54c9a32bc4323614be6d34e1a7d0d53d3d530ad63d08daf
420116,True,False,logging_only,COMPLETED,CONTROLLED_STOP,1,0,1,0,76fb791fafbc6eb83d167afd691da9d7efb9acfe879acecef2e76df7d9e6358d,460671aba0c8644dd54c9a32bc4323614be6d34e1a7d0d53d3d530ad63d08daf
420117,False,False,logging_only,COMPLETED,COMPLETED,0,0,0,0,76fb791fafbc6eb83d167afd691da9d7efb9acfe879acecef2e76df7d9e6358d,460671aba0c8644dd54c9a32bc4323614be6d34e1a7d0d53d3d530ad63d08daf
420118,True,False,monitor_enforced,COMPLETED,CONTROLLED_STOP,1,0,1,0,76fb791fafbc6eb83d167afd691da9d7efb9acfe879acecef2e76df7d9e6358d,460671aba0c8644dd54c9a32bc4323614be6d34e1a7d0d53d3d530ad63d08daf
420119,False,False,monitor_enforced,COMPLETED,COMPLETED,0,0,0,0,76fb791fafbc6eb83d167afd691da9d7efb9acfe879acecef2e76df7d9e6358d,460671aba0c8644dd54c9a32bc4323614be6d34e1a7d0d53d3d530ad63d08daf
420120,True,True,logging_only,COMPLETED,CONTROLLED_STOP,1,0,1,0,76fb791fafbc6eb83d167afd691da9d7efb9acfe879acecef2e76df7d9e6358d,460671aba0c8644dd54c9a32bc4323614be6d34e1a7d0d53d3d530ad63d08daf
420121,False,True,logging_only,COMPLETED,COMPLETED,0,0,0,0,76fb791fafbc6eb83d167afd691da9d7efb9acfe879acecef2e76df7d9e6358d,460671aba0c8644dd54c9a32bc4323614be6d34e1a7d0d53d3d530ad63d08daf
420122,True,True,monitor_enforced,COMPLETED,CONTROLLED_STOP,1,0,1,0,76fb791fafbc6eb83d167afd691da9d7efb9acfe879acecef2e76df7d9e6358d,460671aba0c8644dd54c9a32bc4323614be6d34e1a7d0d53d3d530ad63d08daf
420123,False,True,monitor_enforced,COMPLETED,COMPLETED,0,0,0,0,76fb791fafbc6eb83d167afd691da9d7efb9acfe879acecef2e76df7d9e6358d,460671aba0c8644dd54c9a32bc4323614be6d34e1a7d0d53d3d530ad63d08daf
420124,True,False,logging_only,COMPLETED,CONTROLLED_STOP,1,0,1,0,76fb791fafbc6eb83d167afd691da9d7efb9acfe879acecef2e76df7d9e6358d,460671aba0c8644dd54c9a32bc4323614be6d34e1a7d0d53d3d530ad63d08daf
420125,False,False,logging_only,COMPLETED,COMPLETED,0,0,0,0,76fb791fafbc6eb83d167afd691da9d7efb9acfe879acecef2e76df7d9e6358d,460671aba0c8644dd54c9a32bc4323614be6d34e1a7d0d53d3d530ad63d08daf
420126,True,False,monitor_enforced,COMPLETED,CONTROLLED_STOP,1,0,1,0,76fb791fafbc6eb83d167afd691da9d7efb9acfe879acecef2e76df7d9e6358d,460671aba0c8644dd54c9a32bc4323614be6d34e1a7d0d53d3d530ad63d08daf
420127,False,False,monitor_enforced,COMPLETED,COMPLETED,0,0,0,0,76fb791fafbc6eb83d167afd691da9d7efb9acfe879acecef2e76df7d9e6358d,460671aba0c8644dd54c9a32bc4323614be6d34e1a7d0d53d3d530ad63d08daf
420128,True,True,logging_only,COMPLETED,CONTROLLED_STOP,1,0,1,0,76fb791fafbc6eb83d167afd691da9d7efb9acfe879acecef2e76df7d9e6358d,460671aba0c8644dd54c9a32bc4323614be6d34e1a7d0d53d3d530ad63d08daf
420129,False,True,logging_only,COMPLETED,COMPLETED,0,0,0,0,76fb791fafbc6eb83d167afd691da9d7efb9acfe879acecef2e76df7d9e6358d,460671aba0c8644dd54c9a32bc4323614be6d34e1a7d0d53d3d530ad63d08daf
420130,True,True,monitor_enforced,COMPLETED,CONTROLLED_STOP,1,0,1,0,76fb791fafbc6eb83d167afd691da9d7efb9acfe879acecef2e76df7d9e6358d,460671aba0c8644dd54c9a32bc4323614be6d34e1a7d0d53d3d530ad63d08daf
420131,False,True,monitor_enforced,COMPLETED,COMPLETED,0,0,0,0,76fb791fafbc6eb83d167afd691da9d7efb9acfe879acecef2e76df7d9e6358d,460671aba0c8644dd54c9a32bc4323614be6d34e1a7d0d53d3d530ad63d08daf
420132,True,False,logging_only,COMPLETED,CONTROLLED_STOP,1,0,1,0,76fb791fafbc6eb83d167afd691da9d7efb9acfe879acecef2e76df7d9e6358d,460671aba0c8644dd54c9a32bc4323614be6d34e1a7d0d53d3d530ad63d08daf
420133,False,False,logging_only,COMPLETED,COMPLETED,0,0,0,0,76fb791fafbc6eb83d167afd691da9d7efb9acfe879acecef2e76df7d9e6358d,460671aba0c8644dd54c9a32bc4323614be6d34e1a7d0d53d3d530ad63d08daf
420134,True,False,monitor_enforced,COMPLETED,CONTROLLED_STOP,1,0,1,0,76fb791fafbc6eb83d167afd691da9d7efb9acfe879acecef2e76df7d9e6358d,460671aba0c8644dd54c9a32bc4323614be6d34e1a7d0d53d3d530ad63d08daf
420135,False,False,monitor_enforced,COMPLETED,COMPLETED,0,0,0,0,76fb791fafbc6eb83d167afd691da9d7efb9acfe879acecef2e76df7d9e6358d,460671aba0c8644dd54c9a32bc4323614be6d34e1a7d0d53d3d530ad63d08daf
420136,True,True,logging_only,COMPLETED,CONTROLLED_STOP,1,0,1,0,76fb791fafbc6eb83d167afd691da9d7efb9acfe879acecef2e76df7d9e6358d,460671aba0c8644dd54c9a32bc4323614be6d34e1a7d0d53d3d530ad63d08daf
420137,False,True,logging_only,COMPLETED,COMPLETED,0,0,0,0,76fb791fafbc6eb83d167afd691da9d7efb9acfe879acecef2e76df7d9e6358d,460671aba0c8644dd54c9a32bc4323614be6d34e1a7d0d53d3d530ad63d08daf
420138,True,True,monitor_enforced,COMPLETED,CONTROLLED_STOP,1,0,1,0,76fb791fafbc6eb83d167afd691da9d7efb9acfe879acecef2e76df7d9e6358d,460671aba0c8644dd54c9a32bc4323614be6d34e1a7d0d53d3d530ad63d08daf
420139,False,True,monitor_enforced,COMPLETED,COMPLETED,0,0,0,0,76fb791fafbc6eb83d167afd691da9d7efb9acfe879acecef2e76df7d9e6358d,460671aba0c8644dd54c9a32bc4323614be6d34e1a7d0d53d3d530ad63d08daf
420140,True,False,logging_only,COMPLETED,CONTROLLED_STOP,1,0,1,0,76fb791fafbc6eb83d167afd691da9d7efb9acfe879acecef2e76df7d9e6358d,460671aba0c8644dd54c9a32bc4323614be6d34e1a7d0d53d3d530ad63d08daf
420141,False,False,logging_only,COMPLETED,COMPLETED,0,0,0,0,76fb791fafbc6eb83d167afd691da9d7efb9acfe879acecef2e76df7d9e6358d,460671aba0c8644dd54c9a32bc4323614be6d34e1a7d0d53d3d530ad63d08daf
420142,True,False,monitor_enforced,COMPLETED,CONTROLLED_STOP,1,0,1,0,76fb791fafbc6eb83d167afd691da9d7efb9acfe879acecef2e76df7d9e6358d,460671aba0c8644dd54c9a32bc4323614be6d34e1a7d0d53d3d530ad63d08daf
420143,False,False,monitor_enforced,COMPLETED,COMPLETED,0,0,0,0,76fb791fafbc6eb83d167afd691da9d7efb9acfe879acecef2e76df7d9e6358d,460671aba0c8644dd54c9a32bc4323614be6d34e1a7d0d53d3d530ad63d08daf
420144,True,True,logging_only,COMPLETED,CONTROLLED_STOP,1,0,1,0,76fb791fafbc6eb83d167afd691da9d7efb9acfe879acecef2e76df7d9e6358d,460671aba0c8644dd54c9a32bc4323614be6d34e1a7d0d53d3d530ad63d08daf
420145,False,True,logging_only,COMPLETED,COMPLETED,0,0,0,0,76fb791fafbc6eb83d167afd691da9d7efb9acfe879acecef2e76df7d9e6358d,460671aba0c8644dd54c9a32bc4323614be6d34e1a7d0d53d3d530ad63d08daf
420146,True,True,monitor_enforced,COMPLETED,CONTROLLED_STOP,1,0,1,0,76fb791fafbc6eb83d167afd691da9d7efb9acfe879acecef2e76df7d9e6358d,460671aba0c8644dd54c9a32bc4323614be6d34e1a7d0d53d3d530ad63d08daf
420147,False,True,monitor_enforced,COMPLETED,COMPLETED,0,0,0,0,76fb791fafbc6eb83d167afd691da9d7efb9acfe879acecef2e76df7d9e6358d,460671aba0c8644dd54c9a32bc4323614be6d34e1a7d0d53d3d530ad63d08daf
420148,True,False,logging_only,COMPLETED,CONTROLLED_STOP,1,0,1,0,76fb791fafbc6eb83d167afd691da9d7efb9acfe879acecef2e76df7d9e6358d,460671aba0c8644dd54c9a32bc4323614be6d34e1a7d0d53d3d530ad63d08daf
420149,False,False,logging_only,COMPLETED,COMPLETED,0,0,0,0,76fb791fafbc6eb83d167afd691da9d7efb9acfe879acecef2e76df7d9e6358d,460671aba0c8644dd54c9a32bc4323614be6d34e1a7d0d53d3d530ad63d08daf
420150,True,False,monitor_enforced,COMPLETED,CONTROLLED_STOP,1,0,1,0,76fb791fafbc6eb83d167afd691da9d7efb9acfe879acecef2e76df7d9e6358d,460671aba0c8644dd54c9a32bc4323614be6d34e1a7d0d53d3d530ad63d08daf
420151,False,False,monitor_enforced,COMPLETED,COMPLETED,0,0,0,0,76fb791fafbc6eb83d167afd691da9d7efb9acfe879acecef2e76df7d9e6358d,460671aba0c8644dd54c9a32bc4323614be6d34e1a7d0d53d3d530ad63d08daf
420152,True,True,logging_only,COMPLETED,CONTROLLED_STOP,1,0,1,0,76fb791fafbc6eb83d167afd691da9d7efb9acfe879acecef2e76df7d9e6358d,460671aba0c8644dd54c9a32bc4323614be6d34e1a7d0d53d3d530ad63d08daf
420153,False,True,logging_only,COMPLETED,COMPLETED,0,0,0,0,76fb791fafbc6eb83d167afd691da9d7efb9acfe879acecef2e76df7d9e6358d,460671aba0c8644dd54c9a32bc4323614be6d34e1a7d0d53d3d530ad63d08daf
420154,True,True,monitor_enforced,COMPLETED,CONTROLLED_STOP,1,0,1,0,76fb791fafbc6eb83d167afd691da9d7efb9acfe879acecef2e76df7d9e6358d,460671aba0c8644dd54c9a32bc4323614be6d34e1a7d0d53d3d530ad63d08daf
420155,False,True,monitor_enforced,COMPLETED,COMPLETED,0,0,0,0,76fb791fafbc6eb83d167afd691da9d7efb9acfe879acecef2e76df7d9e6358d,460671aba0c8644dd54c9a32bc4323614be6d34e1a7d0d53d3d530ad63d08daf
420156,True,False,logging_only,COMPLETED,CONTROLLED_STOP,1,0,1,0,76fb791fafbc6eb83d167afd691da9d7efb9acfe879acecef2e76df7d9e6358d,460671aba0c8644dd54c9a32bc4323614be6d34e1a7d0d53d3d530ad63d08daf
420157,False,False,logging_only,COMPLETED,COMPLETED,0,0,0,0,76fb791fafbc6eb83d167afd691da9d7efb9acfe879acecef2e76df7d9e6358d,460671aba0c8644dd54c9a32bc4323614be6d34e1a7d0d53d3d530ad63d08daf
420158,True,False,monitor_enforced,COMPLETED,CONTROLLED_STOP,1,0,1,0,76fb791fafbc6eb83d167afd691da9d7efb9acfe879acecef2e76df7d9e6358d,460671aba0c8644dd54c9a32bc4323614be6d34e1a7d0d53d3d530ad63d08daf
420159,False,False,monitor_enforced,COMPLETED,COMPLETED,0,0,0,0,76fb791fafbc6eb83d167afd691da9d7efb9acfe879acecef2e76df7d9e6358d,460671aba0c8644dd54c9a32bc4323614be6d34e1a7d0d53d3d530ad63d08daf
420160,True,True,logging_only,COMPLETED,CONTROLLED_STOP,1,0,1,0,76fb791fafbc6eb83d167afd691da9d7efb9acfe879acecef2e76df7d9e6358d,460671aba0c8644dd54c9a32bc4323614be6d34e1a7d0d53d3d530ad63d08daf
420161,False,True,logging_only,COMPLETED,COMPLETED,0,0,0,0,76fb791fafbc6eb83d167afd691da9d7efb9acfe879acecef2e76df7d9e6358d,460671aba0c8644dd54c9a32bc4323614be6d34e1a7d0d53d3d530ad63d08daf
420162,True,True,monitor_enforced,COMPLETED,CONTROLLED_STOP,1,0,1,0,76fb791fafbc6eb83d167afd691da9d7efb9acfe879acecef2e76df7d9e6358d,460671aba0c8644dd54c9a32bc4323614be6d34e1a7d0d53d3d530ad63d08daf
420163,False,True,monitor_enforced,COMPLETED,COMPLETED,0,0,0,0,76fb791fafbc6eb83d167afd691da9d7efb9acfe879acecef2e76df7d9e6358d,460671aba0c8644dd54c9a32bc4323614be6d34e1a7d0d53d3d530ad63d08daf
420164,True,False,logging_only,COMPLETED,CONTROLLED_STOP,1,0,1,0,76fb791fafbc6eb83d167afd691da9d7efb9acfe879acecef2e76df7d9e6358d,460671aba0c8644dd54c9a32bc4323614be6d34e1a7d0d53d3d530ad63d08daf
420165,False,False,logging_only,COMPLETED,COMPLETED,0,0,0,0,76fb791fafbc6eb83d167afd691da9d7efb9acfe879acecef2e76df7d9e6358d,460671aba0c8644dd54c9a32bc4323614be6d34e1a7d0d53d3d530ad63d08daf
420166,True,False,monitor_enforced,COMPLETED,CONTROLLED_STOP,1,0,1,0,76fb791fafbc6eb83d167afd691da9d7efb9acfe879acecef2e76df7d9e6358d,460671aba0c8644dd54c9a32bc4323614be6d34e1a7d0d53d3d530ad63d08daf
420167,False,False,monitor_enforced,COMPLETED,COMPLETED,0,0,0,0,76fb791fafbc6eb83d167afd691da9d7efb9acfe879acecef2e76df7d9e6358d,460671aba0c8644dd54c9a32bc4323614be6d34e1a7d0d53d3d530ad63d08daf
420168,True,True,logging_only,COMPLETED,CONTROLLED_STOP,1,0,1,0,76fb791fafbc6eb83d167afd691da9d7efb9acfe879acecef2e76df7d9e6358d,460671aba0c8644dd54c9a32bc4323614be6d34e1a7d0d53d3d530ad63d08daf
420169,False,True,logging_only,COMPLETED,COMPLETED,0,0,0,0,76fb791fafbc6eb83d167afd691da9d7efb9acfe879acecef2e76df7d9e6358d,460671aba0c8644dd54c9a32bc4323614be6d34e1a7d0d53d3d530ad63d08daf
420170,True,True,monitor_enforced,COMPLETED,CONTROLLED_STOP,1,0,1,0,76fb791fafbc6eb83d167afd691da9d7efb9acfe879acecef2e76df7d9e6358d,460671aba0c8644dd54c9a32bc4323614be6d34e1a7d0d53d3d530ad63d08daf
420171,False,True,monitor_enforced,COMPLETED,COMPLETED,0,0,0,0,76fb791fafbc6eb83d167afd691da9d7efb9acfe879acecef2e76df7d9e6358d,460671aba0c8644dd54c9a32bc4323614be6d34e1a7d0d53d3d530ad63d08daf
420172,True,False,logging_only,COMPLETED,CONTROLLED_STOP,1,0,1,0,76fb791fafbc6eb83d167afd691da9d7efb9acfe879acecef2e76df7d9e6358d,460671aba0c8644dd54c9a32bc4323614be6d34e1a7d0d53d3d530ad63d08daf
420173,False,False,logging_only,COMPLETED,COMPLETED,0,0,0,0,76fb791fafbc6eb83d167afd691da9d7efb9acfe879acecef2e76df7d9e6358d,460671aba0c8644dd54c9a32bc4323614be6d34e1a7d0d53d3d530ad63d08daf
420174,True,False,monitor_enforced,COMPLETED,CONTROLLED_STOP,1,0,1,0,76fb791fafbc6eb83d167afd691da9d7efb9acfe879acecef2e76df7d9e6358d,460671aba0c8644dd54c9a32bc4323614be6d34e1a7d0d53d3d530ad63d08daf
420175,False,False,monitor_enforced,COMPLETED,COMPLETED,0,0,0,0,76fb791fafbc6eb83d167afd691da9d7efb9acfe879acecef2e76df7d9e6358d,460671aba0c8644dd54c9a32bc4323614be6d34e1a7d0d53d3d530ad63d08daf
420176,True,True,logging_only,COMPLETED,CONTROLLED_STOP,1,0,1,0,76fb791fafbc6eb83d167afd691da9d7efb9acfe879acecef2e76df7d9e6358d,460671aba0c8644dd54c9a32bc4323614be6d34e1a7d0d53d3d530ad63d08daf
420177,False,True,logging_only,COMPLETED,COMPLETED,0,0,0,0,76fb791fafbc6eb83d167afd691da9d7efb9acfe879acecef2e76df7d9e6358d,460671aba0c8644dd54c9a32bc4323614be6d34e1a7d0d53d3d530ad63d08daf
420178,True,True,monitor_enforced,COMPLETED,CONTROLLED_STOP,1,0,1,0,76fb791fafbc6eb83d167afd691da9d7efb9acfe879acecef2e76df7d9e6358d,460671aba0c8644dd54c9a32bc4323614be6d34e1a7d0d53d3d530ad63d08daf
420179,False,True,monitor_enforced,COMPLETED,COMPLETED,0,0,0,0,76fb791fafbc6eb83d167afd691da9d7efb9acfe879acecef2e76df7d9e6358d,460671aba0c8644dd54c9a32bc4323614be6d34e1a7d0d53d3d530ad63d08daf
420180,True,False,logging_only,COMPLETED,CONTROLLED_STOP,1,0,1,0,76fb791fafbc6eb83d167afd691da9d7efb9acfe879acecef2e76df7d9e6358d,460671aba0c8644dd54c9a32bc4323614be6d34e1a7d0d53d3d530ad63d08daf
420181,False,False,logging_only,COMPLETED,COMPLETED,0,0,0,0,76fb791fafbc6eb83d167afd691da9d7efb9acfe879acecef2e76df7d9e6358d,460671aba0c8644dd54c9a32bc4323614be6d34e1a7d0d53d3d530ad63d08daf
420182,True,False,monitor_enforced,COMPLETED,CONTROLLED_STOP,1,0,1,0,76fb791fafbc6eb83d167afd691da9d7efb9acfe879acecef2e76df7d9e6358d,460671aba0c8644dd54c9a32bc4323614be6d34e1a7d0d53d3d530ad63d08daf
420183,False,False,monitor_enforced,COMPLETED,COMPLETED,0,0,0,0,76fb791fafbc6eb83d167afd691da9d7efb9acfe879acecef2e76df7d9e6358d,460671aba0c8644dd54c9a32bc4323614be6d34e1a7d0d53d3d530ad63d08daf
420184,True,True,logging_only,COMPLETED,CONTROLLED_STOP,1,0,1,0,76fb791fafbc6eb83d167afd691da9d7efb9acfe879acecef2e76df7d9e6358d,460671aba0c8644dd54c9a32bc4323614be6d34e1a7d0d53d3d530ad63d08daf
420185,False,True,logging_only,COMPLETED,COMPLETED,0,0,0,0,76fb791fafbc6eb83d167afd691da9d7efb9acfe879acecef2e76df7d9e6358d,460671aba0c8644dd54c9a32bc4323614be6d34e1a7d0d53d3d530ad63d08daf
420186,True,True,monitor_enforced,COMPLETED,CONTROLLED_STOP,1,0,1,0,76fb791fafbc6eb83d167afd691da9d7efb9acfe879acecef2e76df7d9e6358d,460671aba0c8644dd54c9a32bc4323614be6d34e1a7d0d53d3d530ad63d08daf
420187,False,True,monitor_enforced,COMPLETED,COMPLETED,0,0,0,0,76fb791fafbc6eb83d167afd691da9d7efb9acfe879acecef2e76df7d9e6358d,460671aba0c8644dd54c9a32bc4323614be6d34e1a7d0d53d3d530ad63d08daf
420188,True,False,logging_only,COMPLETED,CONTROLLED_STOP,1,0,1,0,76fb791fafbc6eb83d167afd691da9d7efb9acfe879acecef2e76df7d9e6358d,460671aba0c8644dd54c9a32bc4323614be6d34e1a7d0d53d3d530ad63d08daf
420189,False,False,logging_only,COMPLETED,COMPLETED,0,0,0,0,76fb791fafbc6eb83d167afd691da9d7efb9acfe879acecef2e76df7d9e6358d,460671aba0c8644dd54c9a32bc4323614be6d34e1a7d0d53d3d530ad63d08daf
420190,True,False,monitor_enforced,COMPLETED,CONTROLLED_STOP,1,0,1,0,76fb791fafbc6eb83d167afd691da9d7efb9acfe879acecef2e76df7d9e6358d,460671aba0c8644dd54c9a32bc4323614be6d34e1a7d0d53d3d530ad63d08daf
420191,False,False,monitor_enforced,COMPLETED,COMPLETED,0,0,0,0,76fb791fafbc6eb83d167afd691da9d7efb9acfe879acecef2e76df7d9e6358d,460671aba0c8644dd54c9a32bc4323614be6d34e1a7d0d53d3d530ad63d08daf
420192,True,True,logging_only,COMPLETED,CONTROLLED_STOP,1,0,1,0,76fb791fafbc6eb83d167afd691da9d7efb9acfe879acecef2e76df7d9e6358d,460671aba0c8644dd54c9a32bc4323614be6d34e1a7d0d53d3d530ad63d08daf
420193,False,True,logging_only,COMPLETED,COMPLETED,0,0,0,0,76fb791fafbc6eb83d167afd691da9d7efb9acfe879acecef2e76df7d9e6358d,460671aba0c8644dd54c9a32bc4323614be6d34e1a7d0d53d3d530ad63d08daf
420194,True,True,monitor_enforced,COMPLETED,CONTROLLED_STOP,1,0,1,0,76fb791fafbc6eb83d167afd691da9d7efb9acfe879acecef2e76df7d9e6358d,460671aba0c8644dd54c9a32bc4323614be6d34e1a7d0d53d3d530ad63d08daf
420195,False,True,monitor_enforced,COMPLETED,COMPLETED,0,0,0,0,76fb791fafbc6eb83d167afd691da9d7efb9acfe879acecef2e76df7d9e6358d,460671aba0c8644dd54c9a32bc4323614be6d34e1a7d0d53d3d530ad63d08daf
420196,True,False,logging_only,COMPLETED,CONTROLLED_STOP,1,0,1,0,76fb791fafbc6eb83d167afd691da9d7efb9acfe879acecef2e76df7d9e6358d,460671aba0c8644dd54c9a32bc4323614be6d34e1a7d0d53d3d530ad63d08daf
420197,False,False,logging_only,COMPLETED,COMPLETED,0,0,0,0,76fb791fafbc6eb83d167afd691da9d7efb9acfe879acecef2e76df7d9e6358d,460671aba0c8644dd54c9a32bc4323614be6d34e1a7d0d53d3d530ad63d08daf
420198,True,False,monitor_enforced,COMPLETED,CONTROLLED_STOP,1,0,1,0,76fb791fafbc6eb83d167afd691da9d7efb9acfe879acecef2e76df7d9e6358d,460671aba0c8644dd54c9a32bc4323614be6d34e1a7d0d53d3d530ad63d08daf
420199,False,False,monitor_enforced,COMPLETED,COMPLETED,0,0,0,0,76fb791fafbc6eb83d167afd691da9d7efb9acfe879acecef2e76df7d9e6358d,460671aba0c8644dd54c9a32bc4323614be6d34e1a7d0d53d3d530ad63d08daf
420200,True,True,logging_only,COMPLETED,CONTROLLED_STOP,1,0,1,0,76fb791fafbc6eb83d167afd691da9d7efb9acfe879acecef2e76df7d9e6358d,460671aba0c8644dd54c9a32bc4323614be6d34e1a7d0d53d3d530ad63d08daf
420201,False,True,logging_only,COMPLETED,COMPLETED,0,0,0,0,76fb791fafbc6eb83d167afd691da9d7efb9acfe879acecef2e76df7d9e6358d,460671aba0c8644dd54c9a32bc4323614be6d34e1a7d0d53d3d530ad63d08daf
420202,True,True,monitor_enforced,COMPLETED,CONTROLLED_STOP,1,0,1,0,76fb791fafbc6eb83d167afd691da9d7efb9acfe879acecef2e76df7d9e6358d,460671aba0c8644dd54c9a32bc4323614be6d34e1a7d0d53d3d530ad63d08daf
420203,False,True,monitor_enforced,COMPLETED,COMPLETED,0,0,0,0,76fb791fafbc6eb83d167afd691da9d7efb9acfe879acecef2e76df7d9e6358d,460671aba0c8644dd54c9a32bc4323614be6d34e1a7d0d53d3d530ad63d08daf
420204,True,False,logging_only,COMPLETED,CONTROLLED_STOP,1,0,1,0,76fb791fafbc6eb83d167afd691da9d7efb9acfe879acecef2e76df7d9e6358d,460671aba0c8644dd54c9a32bc4323614be6d34e1a7d0d53d3d530ad63d08daf
420205,False,False,logging_only,COMPLETED,COMPLETED,0,0,0,0,76fb791fafbc6eb83d167afd691da9d7efb9acfe879acecef2e76df7d9e6358d,460671aba0c8644dd54c9a32bc4323614be6d34e1a7d0d53d3d530ad63d08daf
420206,True,False,monitor_enforced,COMPLETED,CONTROLLED_STOP,1,0,1,0,76fb791fafbc6eb83d167afd691da9d7efb9acfe879acecef2e76df7d9e6358d,460671aba0c8644dd54c9a32bc4323614be6d34e1a7d0d53d3d530ad63d08daf
420207,False,False,monitor_enforced,COMPLETED,COMPLETED,0,0,0,0,76fb791fafbc6eb83d167afd691da9d7efb9acfe879acecef2e76df7d9e6358d,460671aba0c8644dd54c9a32bc4323614be6d34e1a7d0d53d3d530ad63d08daf
420208,True,True,logging_only,COMPLETED,CONTROLLED_STOP,1,0,1,0,76fb791fafbc6eb83d167afd691da9d7efb9acfe879acecef2e76df7d9e6358d,460671aba0c8644dd54c9a32bc4323614be6d34e1a7d0d53d3d530ad63d08daf
420209,False,True,logging_only,COMPLETED,COMPLETED,0,0,0,0,76fb791fafbc6eb83d167afd691da9d7efb9acfe879acecef2e76df7d9e6358d,460671aba0c8644dd54c9a32bc4323614be6d34e1a7d0d53d3d530ad63d08daf
420210,True,True,monitor_enforced,COMPLETED,CONTROLLED_STOP,1,0,1,0,76fb791fafbc6eb83d167afd691da9d7efb9acfe879acecef2e76df7d9e6358d,460671aba0c8644dd54c9a32bc4323614be6d34e1a7d0d53d3d530ad63d08daf
420211,False,True,monitor_enforced,COMPLETED,COMPLETED,0,0,0,0,76fb791fafbc6eb83d167afd691da9d7efb9acfe879acecef2e76df7d9e6358d,460671aba0c8644dd54c9a32bc4323614be6d34e1a7d0d53d3d530ad63d08daf
420212,True,False,logging_only,COMPLETED,CONTROLLED_STOP,1,0,1,0,76fb791fafbc6eb83d167afd691da9d7efb9acfe879acecef2e76df7d9e6358d,460671aba0c8644dd54c9a32bc4323614be6d34e1a7d0d53d3d530ad63d08daf
420213,False,False,logging_only,COMPLETED,COMPLETED,0,0,0,0,76fb791fafbc6eb83d167afd691da9d7efb9acfe879acecef2e76df7d9e6358d,460671aba0c8644dd54c9a32bc4323614be6d34e1a7d0d53d3d530ad63d08daf
420214,True,False,monitor_enforced,COMPLETED,CONTROLLED_STOP,1,0,1,0,76fb791fafbc6eb83d167afd691da9d7efb9acfe879acecef2e76df7d9e6358d,460671aba0c8644dd54c9a32bc4323614be6d34e1a7d0d53d3d530ad63d08daf
420215,False,False,monitor_enforced,COMPLETED,COMPLETED,0,0,0,0,76fb791fafbc6eb83d167afd691da9d7efb9acfe879acecef2e76df7d9e6358d,460671aba0c8644dd54c9a32bc4323614be6d34e1a7d0d53d3d530ad63d08daf
420216,True,True,logging_only,COMPLETED,CONTROLLED_STOP,1,0,1,0,76fb791fafbc6eb83d167afd691da9d7efb9acfe879acecef2e76df7d9e6358d,460671aba0c8644dd54c9a32bc4323614be6d34e1a7d0d53d3d530ad63d08daf
420217,False,True,logging_only,COMPLETED,COMPLETED,0,0,0,0,76fb791fafbc6eb83d167afd691da9d7efb9acfe879acecef2e76df7d9e6358d,460671aba0c8644dd54c9a32bc4323614be6d34e1a7d0d53d3d530ad63d08daf
420218,True,True,monitor_enforced,COMPLETED,CONTROLLED_STOP,1,0,1,0,76fb791fafbc6eb83d167afd691da9d7efb9acfe879acecef2e76df7d9e6358d,460671aba0c8644dd54c9a32bc4323614be6d34e1a7d0d53d3d530ad63d08daf
420219,False,True,monitor_enforced,COMPLETED,COMPLETED,0,0,0,0,76fb791fafbc6eb83d167afd691da9d7efb9acfe879acecef2e76df7d9e6358d,460671aba0c8644dd54c9a32bc4323614be6d34e1a7d0d53d3d530ad63d08daf
420220,True,False,logging_only,COMPLETED,CONTROLLED_STOP,1,0,1,0,76fb791fafbc6eb83d167afd691da9d7efb9acfe879acecef2e76df7d9e6358d,460671aba0c8644dd54c9a32bc4323614be6d34e1a7d0d53d3d530ad63d08daf
420221,False,False,logging_only,COMPLETED,COMPLETED,0,0,0,0,76fb791fafbc6eb83d167afd691da9d7efb9acfe879acecef2e76df7d9e6358d,460671aba0c8644dd54c9a32bc4323614be6d34e1a7d0d53d3d530ad63d08daf
420222,True,False,monitor_enforced,COMPLETED,CONTROLLED_STOP,1,0,1,0,76fb791fafbc6eb83d167afd691da9d7efb9acfe879acecef2e76df7d9e6358d,460671aba0c8644dd54c9a32bc4323614be6d34e1a7d0d53d3d530ad63d08daf
420223,False,False,monitor_enforced,COMPLETED,COMPLETED,0,0,0,0,76fb791fafbc6eb83d167afd691da9d7efb9acfe879acecef2e76df7d9e6358d,460671aba0c8644dd54c9a32bc4323614be6d34e1a7d0d53d3d530ad63d08daf
420224,True,True,logging_only,COMPLETED,CONTROLLED_STOP,1,0,1,0,76fb791fafbc6eb83d167afd691da9d7efb9acfe879acecef2e76df7d9e6358d,460671aba0c8644dd54c9a32bc4323614be6d34e1a7d0d53d3d530ad63d08daf
420225,False,True,logging_only,COMPLETED,COMPLETED,0,0,0,0,76fb791fafbc6eb83d167afd691da9d7efb9acfe879acecef2e76df7d9e6358d,460671aba0c8644dd54c9a32bc4323614be6d34e1a7d0d53d3d530ad63d08daf
420226,True,True,monitor_enforced,COMPLETED,CONTROLLED_STOP,1,0,1,0,76fb791fafbc6eb83d167afd691da9d7efb9acfe879acecef2e76df7d9e6358d,460671aba0c8644dd54c9a32bc4323614be6d34e1a7d0d53d3d530ad63d08daf
420227,False,True,monitor_enforced,COMPLETED,COMPLETED,0,0,0,0,76fb791fafbc6eb83d167afd691da9d7efb9acfe879acecef2e76df7d9e6358d,460671aba0c8644dd54c9a32bc4323614be6d34e1a7d0d53d3d530ad63d08daf
420228,True,False,logging_only,COMPLETED,CONTROLLED_STOP,1,0,1,0,76fb791fafbc6eb83d167afd691da9d7efb9acfe879acecef2e76df7d9e6358d,460671aba0c8644dd54c9a32bc4323614be6d34e1a7d0d53d3d530ad63d08daf
420229,False,False,logging_only,COMPLETED,COMPLETED,0,0,0,0,76fb791fafbc6eb83d167afd691da9d7efb9acfe879acecef2e76df7d9e6358d,460671aba0c8644dd54c9a32bc4323614be6d34e1a7d0d53d3d530ad63d08daf
420230,True,False,monitor_enforced,COMPLETED,CONTROLLED_STOP,1,0,1,0,76fb791fafbc6eb83d167afd691da9d7efb9acfe879acecef2e76df7d9e6358d,460671aba0c8644dd54c9a32bc4323614be6d34e1a7d0d53d3d530ad63d08daf
420231,False,False,monitor_enforced,COMPLETED,COMPLETED,0,0,0,0,76fb791fafbc6eb83d167afd691da9d7efb9acfe879acecef2e76df7d9e6358d,460671aba0c8644dd54c9a32bc4323614be6d34e1a7d0d53d3d530ad63d08daf
420232,True,True,logging_only,COMPLETED,CONTROLLED_STOP,1,0,1,0,76fb791fafbc6eb83d167afd691da9d7efb9acfe879acecef2e76df7d9e6358d,460671aba0c8644dd54c9a32bc4323614be6d34e1a7d0d53d3d530ad63d08daf
420233,False,True,logging_only,COMPLETED,COMPLETED,0,0,0,0,76fb791fafbc6eb83d167afd691da9d7efb9acfe879acecef2e76df7d9e6358d,460671aba0c8644dd54c9a32bc4323614be6d34e1a7d0d53d3d530ad63d08daf
420234,True,True,monitor_enforced,COMPLETED,CONTROLLED_STOP,1,0,1,0,76fb791fafbc6eb83d167afd691da9d7efb9acfe879acecef2e76df7d9e6358d,460671aba0c8644dd54c9a32bc4323614be6d34e1a7d0d53d3d530ad63d08daf
420235,False,True,monitor_enforced,COMPLETED,COMPLETED,0,0,0,0,76fb791fafbc6eb83d167afd691da9d7efb9acfe879acecef2e76df7d9e6358d,460671aba0c8644dd54c9a32bc4323614be6d34e1a7d0d53d3d530ad63d08daf
420236,True,False,logging_only,COMPLETED,CONTROLLED_STOP,1,0,1,0,76fb791fafbc6eb83d167afd691da9d7efb9acfe879acecef2e76df7d9e6358d,460671aba0c8644dd54c9a32bc4323614be6d34e1a7d0d53d3d530ad63d08daf
420237,False,False,logging_only,COMPLETED,COMPLETED,0,0,0,0,76fb791fafbc6eb83d167afd691da9d7efb9acfe879acecef2e76df7d9e6358d,460671aba0c8644dd54c9a32bc4323614be6d34e1a7d0d53d3d530ad63d08daf
420238,True,False,monitor_enforced,COMPLETED,CONTROLLED_STOP,1,0,1,0,76fb791fafbc6eb83d167afd691da9d7efb9acfe879acecef2e76df7d9e6358d,460671aba0c8644dd54c9a32bc4323614be6d34e1a7d0d53d3d530ad63d08daf
420239,False,False,monitor_enforced,COMPLETED,COMPLETED,0,0,0,0,76fb791fafbc6eb83d167afd691da9d7efb9acfe879acecef2e76df7d9e6358d,460671aba0c8644dd54c9a32bc4323614be6d34e1a7d0d53d3d530ad63d08daf
420240,True,True,logging_only,COMPLETED,CONTROLLED_STOP,1,0,1,0,76fb791fafbc6eb83d167afd691da9d7efb9acfe879acecef2e76df7d9e6358d,460671aba0c8644dd54c9a32bc4323614be6d34e1a7d0d53d3d530ad63d08daf
420241,False,True,logging_only,COMPLETED,COMPLETED,0,0,0,0,76fb791fafbc6eb83d167afd691da9d7efb9acfe879acecef2e76df7d9e6358d,460671aba0c8644dd54c9a32bc4323614be6d34e1a7d0d53d3d530ad63d08daf
420242,True,True,monitor_enforced,COMPLETED,CONTROLLED_STOP,1,0,1,0,76fb791fafbc6eb83d167afd691da9d7efb9acfe879acecef2e76df7d9e6358d,460671aba0c8644dd54c9a32bc4323614be6d34e1a7d0d53d3d530ad63d08daf
420243,False,True,monitor_enforced,COMPLETED,COMPLETED,0,0,0,0,76fb791fafbc6eb83d167afd691da9d7efb9acfe879acecef2e76df7d9e6358d,460671aba0c8644dd54c9a32bc4323614be6d34e1a7d0d53d3d530ad63d08daf
420244,True,False,logging_only,COMPLETED,CONTROLLED_STOP,1,0,1,0,76fb791fafbc6eb83d167afd691da9d7efb9acfe879acecef2e76df7d9e6358d,460671aba0c8644dd54c9a32bc4323614be6d34e1a7d0d53d3d530ad63d08daf
420245,False,False,logging_only,COMPLETED,COMPLETED,0,0,0,0,76fb791fafbc6eb83d167afd691da9d7efb9acfe879acecef2e76df7d9e6358d,460671aba0c8644dd54c9a32bc4323614be6d34e1a7d0d53d3d530ad63d08daf
420246,True,False,monitor_enforced,COMPLETED,CONTROLLED_STOP,1,0,1,0,76fb791fafbc6eb83d167afd691da9d7efb9acfe879acecef2e76df7d9e6358d,460671aba0c8644dd54c9a32bc4323614be6d34e1a7d0d53d3d530ad63d08daf
420247,False,False,monitor_enforced,COMPLETED,COMPLETED,0,0,0,0,76fb791fafbc6eb83d167afd691da9d7efb9acfe879acecef2e76df7d9e6358d,460671aba0c8644dd54c9a32bc4323614be6d34e1a7d0d53d3d530ad63d08daf
420248,True,True,logging_only,COMPLETED,CONTROLLED_STOP,1,0,1,0,76fb791fafbc6eb83d167afd691da9d7efb9acfe879acecef2e76df7d9e6358d,460671aba0c8644dd54c9a32bc4323614be6d34e1a7d0d53d3d530ad63d08daf
420249,False,True,logging_only,COMPLETED,COMPLETED,0,0,0,0,76fb791fafbc6eb83d167afd691da9d7efb9acfe879acecef2e76df7d9e6358d,460671aba0c8644dd54c9a32bc4323614be6d34e1a7d0d53d3d530ad63d08daf
420250,True,True,monitor_enforced,COMPLETED,CONTROLLED_STOP,1,0,1,0,76fb791fafbc6eb83d167afd691da9d7efb9acfe879acecef2e76df7d9e6358d,460671aba0c8644dd54c9a32bc4323614be6d34e1a7d0d53d3d530ad63d08daf
420251,False,True,monitor_enforced,COMPLETED,COMPLETED,0,0,0,0,76fb791fafbc6eb83d167afd691da9d7efb9acfe879acecef2e76df7d9e6358d,460671aba0c8644dd54c9a32bc4323614be6d34e1a7d0d53d3d530ad63d08daf
420252,True,False,logging_only,COMPLETED,CONTROLLED_STOP,1,0,1,0,76fb791fafbc6eb83d167afd691da9d7efb9acfe879acecef2e76df7d9e6358d,460671aba0c8644dd54c9a32bc4323614be6d34e1a7d0d53d3d530ad63d08daf
420253,False,False,logging_only,COMPLETED,COMPLETED,0,0,0,0,76fb791fafbc6eb83d167afd691da9d7efb9acfe879acecef2e76df7d9e6358d,460671aba0c8644dd54c9a32bc4323614be6d34e1a7d0d53d3d530ad63d08daf
420254,True,False,monitor_enforced,COMPLETED,CONTROLLED_STOP,1,0,1,0,76fb791fafbc6eb83d167afd691da9d7efb9acfe879acecef2e76df7d9e6358d,460671aba0c8644dd54c9a32bc4323614be6d34e1a7d0d53d3d530ad63d08daf
420255,False,False,monitor_enforced,COMPLETED,COMPLETED,0,0,0,0,76fb791fafbc6eb83d167afd691da9d7efb9acfe879acecef2e76df7d9e6358d,460671aba0c8644dd54c9a32bc4323614be6d34e1a7d0d53d3d530ad63d08daf
420256,True,True,logging_only,COMPLETED,CONTROLLED_STOP,1,0,1,0,76fb791fafbc6eb83d167afd691da9d7efb9acfe879acecef2e76df7d9e6358d,460671aba0c8644dd54c9a32bc4323614be6d34e1a7d0d53d3d530ad63d08daf
420257,False,True,logging_only,COMPLETED,COMPLETED,0,0,0,0,76fb791fafbc6eb83d167afd691da9d7efb9acfe879acecef2e76df7d9e6358d,460671aba0c8644dd54c9a32bc4323614be6d34e1a7d0d53d3d530ad63d08daf
420258,True,True,monitor_enforced,COMPLETED,CONTROLLED_STOP,1,0,1,0,76fb791fafbc6eb83d167afd691da9d7efb9acfe879acecef2e76df7d9e6358d,460671aba0c8644dd54c9a32bc4323614be6d34e1a7d0d53d3d530ad63d08daf
420259,False,True,monitor_enforced,COMPLETED,COMPLETED,0,0,0,0,76fb791fafbc6eb83d167afd691da9d7efb9acfe879acecef2e76df7d9e6358d,460671aba0c8644dd54c9a32bc4323614be6d34e1a7d0d53d3d530ad63d08daf
420260,True,False,logging_only,COMPLETED,CONTROLLED_STOP,1,0,1,0,76fb791fafbc6eb83d167afd691da9d7efb9acfe879acecef2e76df7d9e6358d,460671aba0c8644dd54c9a32bc4323614be6d34e1a7d0d53d3d530ad63d08daf
420261,False,False,logging_only,COMPLETED,COMPLETED,0,0,0,0,76fb791fafbc6eb83d167afd691da9d7efb9acfe879acecef2e76df7d9e6358d,460671aba0c8644dd54c9a32bc4323614be6d34e1a7d0d53d3d530ad63d08daf
420262,True,False,monitor_enforced,COMPLETED,CONTROLLED_STOP,1,0,1,0,76fb791fafbc6eb83d167afd691da9d7efb9acfe879acecef2e76df7d9e6358d,460671aba0c8644dd54c9a32bc4323614be6d34e1a7d0d53d3d530ad63d08daf
420263,False,False,monitor_enforced,COMPLETED,COMPLETED,0,0,0,0,76fb791fafbc6eb83d167afd691da9d7efb9acfe879acecef2e76df7d9e6358d,460671aba0c8644dd54c9a32bc4323614be6d34e1a7d0d53d3d530ad63d08daf
420264,True,True,logging_only,COMPLETED,CONTROLLED_STOP,1,0,1,0,76fb791fafbc6eb83d167afd691da9d7efb9acfe879acecef2e76df7d9e6358d,460671aba0c8644dd54c9a32bc4323614be6d34e1a7d0d53d3d530ad63d08daf
420265,False,True,logging_only,COMPLETED,COMPLETED,0,0,0,0,76fb791fafbc6eb83d167afd691da9d7efb9acfe879acecef2e76df7d9e6358d,460671aba0c8644dd54c9a32bc4323614be6d34e1a7d0d53d3d530ad63d08daf
420266,True,True,monitor_enforced,COMPLETED,CONTROLLED_STOP,1,0,1,0,76fb791fafbc6eb83d167afd691da9d7efb9acfe879acecef2e76df7d9e6358d,460671aba0c8644dd54c9a32bc4323614be6d34e1a7d0d53d3d530ad63d08daf
420267,False,True,monitor_enforced,COMPLETED,COMPLETED,0,0,0,0,76fb791fafbc6eb83d167afd691da9d7efb9acfe879acecef2e76df7d9e6358d,460671aba0c8644dd54c9a32bc4323614be6d34e1a7d0d53d3d530ad63d08daf
420268,True,False,logging_only,COMPLETED,CONTROLLED_STOP,1,0,1,0,76fb791fafbc6eb83d167afd691da9d7efb9acfe879acecef2e76df7d9e6358d,460671aba0c8644dd54c9a32bc4323614be6d34e1a7d0d53d3d530ad63d08daf
420269,False,False,logging_only,COMPLETED,COMPLETED,0,0,0,0,76fb791fafbc6eb83d167afd691da9d7efb9acfe879acecef2e76df7d9e6358d,460671aba0c8644dd54c9a32bc4323614be6d34e1a7d0d53d3d530ad63d08daf
420270,True,False,monitor_enforced,COMPLETED,CONTROLLED_STOP,1,0,1,0,76fb791fafbc6eb83d167afd691da9d7efb9acfe879acecef2e76df7d9e6358d,460671aba0c8644dd54c9a32bc4323614be6d34e1a7d0d53d3d530ad63d08daf
420271,False,False,monitor_enforced,COMPLETED,COMPLETED,0,0,0,0,76fb791fafbc6eb83d167afd691da9d7efb9acfe879acecef2e76df7d9e6358d,460671aba0c8644dd54c9a32bc4323614be6d34e1a7d0d53d3d530ad63d08daf
420272,True,True,logging_only,COMPLETED,CONTROLLED_STOP,1,0,1,0,76fb791fafbc6eb83d167afd691da9d7efb9acfe879acecef2e76df7d9e6358d,460671aba0c8644dd54c9a32bc4323614be6d34e1a7d0d53d3d530ad63d08daf
420273,False,True,logging_only,COMPLETED,COMPLETED,0,0,0,0,76fb791fafbc6eb83d167afd691da9d7efb9acfe879acecef2e76df7d9e6358d,460671aba0c8644dd54c9a32bc4323614be6d34e1a7d0d53d3d530ad63d08daf
420274,True,True,monitor_enforced,COMPLETED,CONTROLLED_STOP,1,0,1,0,76fb791fafbc6eb83d167afd691da9d7efb9acfe879acecef2e76df7d9e6358d,460671aba0c8644dd54c9a32bc4323614be6d34e1a7d0d53d3d530ad63d08daf
420275,False,True,monitor_enforced,COMPLETED,COMPLETED,0,0,0,0,76fb791fafbc6eb83d167afd691da9d7efb9acfe879acecef2e76df7d9e6358d,460671aba0c8644dd54c9a32bc4323614be6d34e1a7d0d53d3d530ad63d08daf
420276,True,False,logging_only,COMPLETED,CONTROLLED_STOP,1,0,1,0,76fb791fafbc6eb83d167afd691da9d7efb9acfe879acecef2e76df7d9e6358d,460671aba0c8644dd54c9a32bc4323614be6d34e1a7d0d53d3d530ad63d08daf
420277,False,False,logging_only,COMPLETED,COMPLETED,0,0,0,0,76fb791fafbc6eb83d167afd691da9d7efb9acfe879acecef2e76df7d9e6358d,460671aba0c8644dd54c9a32bc4323614be6d34e1a7d0d53d3d530ad63d08daf
420278,True,False,monitor_enforced,COMPLETED,CONTROLLED_STOP,1,0,1,0,76fb791fafbc6eb83d167afd691da9d7efb9acfe879acecef2e76df7d9e6358d,460671aba0c8644dd54c9a32bc4323614be6d34e1a7d0d53d3d530ad63d08daf
420279,False,False,monitor_enforced,COMPLETED,COMPLETED,0,0,0,0,76fb791fafbc6eb83d167afd691da9d7efb9acfe879acecef2e76df7d9e6358d,460671aba0c8644dd54c9a32bc4323614be6d34e1a7d0d53d3d530ad63d08daf
420280,True,True,logging_only,COMPLETED,CONTROLLED_STOP,1,0,1,0,76fb791fafbc6eb83d167afd691da9d7efb9acfe879acecef2e76df7d9e6358d,460671aba0c8644dd54c9a32bc4323614be6d34e1a7d0d53d3d530ad63d08daf
420281,False,True,logging_only,COMPLETED,COMPLETED,0,0,0,0,76fb791fafbc6eb83d167afd691da9d7efb9acfe879acecef2e76df7d9e6358d,460671aba0c8644dd54c9a32bc4323614be6d34e1a7d0d53d3d530ad63d08daf
420282,True,True,monitor_enforced,COMPLETED,CONTROLLED_STOP,1,0,1,0,76fb791fafbc6eb83d167afd691da9d7efb9acfe879acecef2e76df7d9e6358d,460671aba0c8644dd54c9a32bc4323614be6d34e1a7d0d53d3d530ad63d08daf
420283,False,True,monitor_enforced,COMPLETED,COMPLETED,0,0,0,0,76fb791fafbc6eb83d167afd691da9d7efb9acfe879acecef2e76df7d9e6358d,460671aba0c8644dd54c9a32bc4323614be6d34e1a7d0d53d3d530ad63d08daf
420284,True,False,logging_only,COMPLETED,CONTROLLED_STOP,1,0,1,0,76fb791fafbc6eb83d167afd691da9d7efb9acfe879acecef2e76df7d9e6358d,460671aba0c8644dd54c9a32bc4323614be6d34e1a7d0d53d3d530ad63d08daf
420285,False,False,logging_only,COMPLETED,COMPLETED,0,0,0,0,76fb791fafbc6eb83d167afd691da9d7efb9acfe879acecef2e76df7d9e6358d,460671aba0c8644dd54c9a32bc4323614be6d34e1a7d0d53d3d530ad63d08daf
420286,True,False,monitor_enforced,COMPLETED,CONTROLLED_STOP,1,0,1,0,76fb791fafbc6eb83d167afd691da9d7efb9acfe879acecef2e76df7d9e6358d,460671aba0c8644dd54c9a32bc4323614be6d34e1a7d0d53d3d530ad63d08daf
420287,False,False,monitor_enforced,COMPLETED,COMPLETED,0,0,0,0,76fb791fafbc6eb83d167afd691da9d7efb9acfe879acecef2e76df7d9e6358d,460671aba0c8644dd54c9a32bc4323614be6d34e1a7d0d53d3d530ad63d08daf
420288,True,True,logging_only,COMPLETED,CONTROLLED_STOP,1,0,1,0,76fb791fafbc6eb83d167afd691da9d7efb9acfe879acecef2e76df7d9e6358d,460671aba0c8644dd54c9a32bc4323614be6d34e1a7d0d53d3d530ad63d08daf
420289,False,True,logging_only,COMPLETED,COMPLETED,0,0,0,0,76fb791fafbc6eb83d167afd691da9d7efb9acfe879acecef2e76df7d9e6358d,460671aba0c8644dd54c9a32bc4323614be6d34e1a7d0d53d3d530ad63d08daf
420290,True,True,monitor_enforced,COMPLETED,CONTROLLED_STOP,1,0,1,0,76fb791fafbc6eb83d167afd691da9d7efb9acfe879acecef2e76df7d9e6358d,460671aba0c8644dd54c9a32bc4323614be6d34e1a7d0d53d3d530ad63d08daf
420291,False,True,monitor_enforced,COMPLETED,COMPLETED,0,0,0,0,76fb791fafbc6eb83d167afd691da9d7efb9acfe879acecef2e76df7d9e6358d,460671aba0c8644dd54c9a32bc4323614be6d34e1a7d0d53d3d530ad63d08daf
420292,True,False,logging_only,COMPLETED,CONTROLLED_STOP,1,0,1,0,76fb791fafbc6eb83d167afd691da9d7efb9acfe879acecef2e76df7d9e6358d,460671aba0c8644dd54c9a32bc4323614be6d34e1a7d0d53d3d530ad63d08daf
420293,False,False,logging_only,COMPLETED,COMPLETED,0,0,0,0,76fb791fafbc6eb83d167afd691da9d7efb9acfe879acecef2e76df7d9e6358d,460671aba0c8644dd54c9a32bc4323614be6d34e1a7d0d53d3d530ad63d08daf
420294,True,False,monitor_enforced,COMPLETED,CONTROLLED_STOP,1,0,1,0,76fb791fafbc6eb83d167afd691da9d7efb9acfe879acecef2e76df7d9e6358d,460671aba0c8644dd54c9a32bc4323614be6d34e1a7d0d53d3d530ad63d08daf
420295,False,False,monitor_enforced,COMPLETED,COMPLETED,0,0,0,0,76fb791fafbc6eb83d167afd691da9d7efb9acfe879acecef2e76df7d9e6358d,460671aba0c8644dd54c9a32bc4323614be6d34e1a7d0d53d3d530ad63d08daf
420296,True,True,logging_only,COMPLETED,CONTROLLED_STOP,1,0,1,0,76fb791fafbc6eb83d167afd691da9d7efb9acfe879acecef2e76df7d9e6358d,460671aba0c8644dd54c9a32bc4323614be6d34e1a7d0d53d3d530ad63d08daf
420297,False,True,logging_only,COMPLETED,COMPLETED,0,0,0,0,76fb791fafbc6eb83d167afd691da9d7efb9acfe879acecef2e76df7d9e6358d,460671aba0c8644dd54c9a32bc4323614be6d34e1a7d0d53d3d530ad63d08daf
420298,True,True,monitor_enforced,COMPLETED,CONTROLLED_STOP,1,0,1,0,76fb791fafbc6eb83d167afd691da9d7efb9acfe879acecef2e76df7d9e6358d,460671aba0c8644dd54c9a32bc4323614be6d34e1a7d0d53d3d530ad63d08daf
420299,False,True,monitor_enforced,COMPLETED,COMPLETED,0,0,0,0,76fb791fafbc6eb83d167afd691da9d7efb9acfe879acecef2e76df7d9e6358d,460671aba0c8644dd54c9a32bc4323614be6d34e1a7d0d53d3d530ad63d08daf
420300,True,False,logging_only,COMPLETED,CONTROLLED_STOP,1,0,1,0,76fb791fafbc6eb83d167afd691da9d7efb9acfe879acecef2e76df7d9e6358d,460671aba0c8644dd54c9a32bc4323614be6d34e1a7d0d53d3d530ad63d08daf
420301,False,False,logging_only,COMPLETED,COMPLETED,0,0,0,0,76fb791fafbc6eb83d167afd691da9d7efb9acfe879acecef2e76df7d9e6358d,460671aba0c8644dd54c9a32bc4323614be6d34e1a7d0d53d3d530ad63d08daf
420302,True,False,monitor_enforced,COMPLETED,CONTROLLED_STOP,1,0,1,0,76fb791fafbc6eb83d167afd691da9d7efb9acfe879acecef2e76df7d9e6358d,460671aba0c8644dd54c9a32bc4323614be6d34e1a7d0d53d3d530ad63d08daf
420303,False,False,monitor_enforced,COMPLETED,COMPLETED,0,0,0,0,76fb791fafbc6eb83d167afd691da9d7efb9acfe879acecef2e76df7d9e6358d,460671aba0c8644dd54c9a32bc4323614be6d34e1a7d0d53d3d530ad63d08daf
420304,True,True,logging_only,COMPLETED,CONTROLLED_STOP,1,0,1,0,76fb791fafbc6eb83d167afd691da9d7efb9acfe879acecef2e76df7d9e6358d,460671aba0c8644dd54c9a32bc4323614be6d34e1a7d0d53d3d530ad63d08daf
420305,False,True,logging_only,COMPLETED,COMPLETED,0,0,0,0,76fb791fafbc6eb83d167afd691da9d7efb9acfe879acecef2e76df7d9e6358d,460671aba0c8644dd54c9a32bc4323614be6d34e1a7d0d53d3d530ad63d08daf
420306,True,True,monitor_enforced,COMPLETED,CONTROLLED_STOP,1,0,1,0,76fb791fafbc6eb83d167afd691da9d7efb9acfe879acecef2e76df7d9e6358d,460671aba0c8644dd54c9a32bc4323614be6d34e1a7d0d53d3d530ad63d08daf
420307,False,True,monitor_enforced,COMPLETED,COMPLETED,0,0,0,0,76fb791fafbc6eb83d167afd691da9d7efb9acfe879acecef2e76df7d9e6358d,460671aba0c8644dd54c9a32bc4323614be6d34e1a7d0d53d3d530ad63d08daf
420308,True,False,logging_only,COMPLETED,CONTROLLED_STOP,1,0,1,0,76fb791fafbc6eb83d167afd691da9d7efb9acfe879acecef2e76df7d9e6358d,460671aba0c8644dd54c9a32bc4323614be6d34e1a7d0d53d3d530ad63d08daf
420309,False,False,logging_only,COMPLETED,COMPLETED,0,0,0,0,76fb791fafbc6eb83d167afd691da9d7efb9acfe879acecef2e76df7d9e6358d,460671aba0c8644dd54c9a32bc4323614be6d34e1a7d0d53d3d530ad63d08daf
420310,True,False,monitor_enforced,COMPLETED,CONTROLLED_STOP,1,0,1,0,76fb791fafbc6eb83d167afd691da9d7efb9acfe879acecef2e76df7d9e6358d,460671aba0c8644dd54c9a32bc4323614be6d34e1a7d0d53d3d530ad63d08daf
420311,False,False,monitor_enforced,COMPLETED,COMPLETED,0,0,0,0,76fb791fafbc6eb83d167afd691da9d7efb9acfe879acecef2e76df7d9e6358d,460671aba0c8644dd54c9a32bc4323614be6d34e1a7d0d53d3d530ad63d08daf
420312,True,True,logging_only,COMPLETED,CONTROLLED_STOP,1,0,1,0,76fb791fafbc6eb83d167afd691da9d7efb9acfe879acecef2e76df7d9e6358d,460671aba0c8644dd54c9a32bc4323614be6d34e1a7d0d53d3d530ad63d08daf
420313,False,True,logging_only,COMPLETED,COMPLETED,0,0,0,0,76fb791fafbc6eb83d167afd691da9d7efb9acfe879acecef2e76df7d9e6358d,460671aba0c8644dd54c9a32bc4323614be6d34e1a7d0d53d3d530ad63d08daf
420314,True,True,monitor_enforced,COMPLETED,CONTROLLED_STOP,1,0,1,0,76fb791fafbc6eb83d167afd691da9d7efb9acfe879acecef2e76df7d9e6358d,460671aba0c8644dd54c9a32bc4323614be6d34e1a7d0d53d3d530ad63d08daf
420315,False,True,monitor_enforced,COMPLETED,COMPLETED,0,0,0,0,76fb791fafbc6eb83d167afd691da9d7efb9acfe879acecef2e76df7d9e6358d,460671aba0c8644dd54c9a32bc4323614be6d34e1a7d0d53d3d530ad63d08daf
420316,True,False,logging_only,COMPLETED,CONTROLLED_STOP,1,0,1,0,76fb791fafbc6eb83d167afd691da9d7efb9acfe879acecef2e76df7d9e6358d,460671aba0c8644dd54c9a32bc4323614be6d34e1a7d0d53d3d530ad63d08daf
420317,False,False,logging_only,COMPLETED,COMPLETED,0,0,0,0,76fb791fafbc6eb83d167afd691da9d7efb9acfe879acecef2e76df7d9e6358d,460671aba0c8644dd54c9a32bc4323614be6d34e1a7d0d53d3d530ad63d08daf
420318,True,False,monitor_enforced,COMPLETED,CONTROLLED_STOP,1,0,1,0,76fb791fafbc6eb83d167afd691da9d7efb9acfe879acecef2e76df7d9e6358d,460671aba0c8644dd54c9a32bc4323614be6d34e1a7d0d53d3d530ad63d08daf
420319,False,False,monitor_enforced,COMPLETED,COMPLETED,0,0,0,0,76fb791fafbc6eb83d167afd691da9d7efb9acfe879acecef2e76df7d9e6358d,460671aba0c8644dd54c9a32bc4323614be6d34e1a7d0d53d3d530ad63d08daf
420320,True,True,logging_only,COMPLETED,CONTROLLED_STOP,1,0,1,0,76fb791fafbc6eb83d167afd691da9d7efb9acfe879acecef2e76df7d9e6358d,460671aba0c8644dd54c9a32bc4323614be6d34e1a7d0d53d3d530ad63d08daf
420321,False,True,logging_only,COMPLETED,COMPLETED,0,0,0,0,76fb791fafbc6eb83d167afd691da9d7efb9acfe879acecef2e76df7d9e6358d,460671aba0c8644dd54c9a32bc4323614be6d34e1a7d0d53d3d530ad63d08daf
420322,True,True,monitor_enforced,COMPLETED,CONTROLLED_STOP,1,0,1,0,76fb791fafbc6eb83d167afd691da9d7efb9acfe879acecef2e76df7d9e6358d,460671aba0c8644dd54c9a32bc4323614be6d34e1a7d0d53d3d530ad63d08daf
420323,False,True,monitor_enforced,COMPLETED,COMPLETED,0,0,0,0,76fb791fafbc6eb83d167afd691da9d7efb9acfe879acecef2e76df7d9e6358d,460671aba0c8644dd54c9a32bc4323614be6d34e1a7d0d53d3d530ad63d08daf
420324,True,False,logging_only,COMPLETED,CONTROLLED_STOP,1,0,1,0,76fb791fafbc6eb83d167afd691da9d7efb9acfe879acecef2e76df7d9e6358d,460671aba0c8644dd54c9a32bc4323614be6d34e1a7d0d53d3d530ad63d08daf
420325,False,False,logging_only,COMPLETED,COMPLETED,0,0,0,0,76fb791fafbc6eb83d167afd691da9d7efb9acfe879acecef2e76df7d9e6358d,460671aba0c8644dd54c9a32bc4323614be6d34e1a7d0d53d3d530ad63d08daf
420326,True,False,monitor_enforced,COMPLETED,CONTROLLED_STOP,1,0,1,0,76fb791fafbc6eb83d167afd691da9d7efb9acfe879acecef2e76df7d9e6358d,460671aba0c8644dd54c9a32bc4323614be6d34e1a7d0d53d3d530ad63d08daf
420327,False,False,monitor_enforced,COMPLETED,COMPLETED,0,0,0,0,76fb791fafbc6eb83d167afd691da9d7efb9acfe879acecef2e76df7d9e6358d,460671aba0c8644dd54c9a32bc4323614be6d34e1a7d0d53d3d530ad63d08daf
420328,True,True,logging_only,COMPLETED,CONTROLLED_STOP,1,0,1,0,76fb791fafbc6eb83d167afd691da9d7efb9acfe879acecef2e76df7d9e6358d,460671aba0c8644dd54c9a32bc4323614be6d34e1a7d0d53d3d530ad63d08daf
420329,False,True,logging_only,COMPLETED,COMPLETED,0,0,0,0,76fb791fafbc6eb83d167afd691da9d7efb9acfe879acecef2e76df7d9e6358d,460671aba0c8644dd54c9a32bc4323614be6d34e1a7d0d53d3d530ad63d08daf
420330,True,True,monitor_enforced,COMPLETED,CONTROLLED_STOP,1,0,1,0,76fb791fafbc6eb83d167afd691da9d7efb9acfe879acecef2e76df7d9e6358d,460671aba0c8644dd54c9a32bc4323614be6d34e1a7d0d53d3d530ad63d08daf
420331,False,True,monitor_enforced,COMPLETED,COMPLETED,0,0,0,0,76fb791fafbc6eb83d167afd691da9d7efb9acfe879acecef2e76df7d9e6358d,460671aba0c8644dd54c9a32bc4323614be6d34e1a7d0d53d3d530ad63d08daf
420332,True,False,logging_only,COMPLETED,CONTROLLED_STOP,1,0,1,0,76fb791fafbc6eb83d167afd691da9d7efb9acfe879acecef2e76df7d9e6358d,460671aba0c8644dd54c9a32bc4323614be6d34e1a7d0d53d3d530ad63d08daf
420333,False,False,logging_only,COMPLETED,COMPLETED,0,0,0,0,76fb791fafbc6eb83d167afd691da9d7efb9acfe879acecef2e76df7d9e6358d,460671aba0c8644dd54c9a32bc4323614be6d34e1a7d0d53d3d530ad63d08daf
420334,True,False,monitor_enforced,COMPLETED,CONTROLLED_STOP,1,0,1,0,76fb791fafbc6eb83d167afd691da9d7efb9acfe879acecef2e76df7d9e6358d,460671aba0c8644dd54c9a32bc4323614be6d34e1a7d0d53d3d530ad63d08daf
420335,False,False,monitor_enforced,COMPLETED,COMPLETED,0,0,0,0,76fb791fafbc6eb83d167afd691da9d7efb9acfe879acecef2e76df7d9e6358d,460671aba0c8644dd54c9a32bc4323614be6d34e1a7d0d53d3d530ad63d08daf
420336,True,True,logging_only,COMPLETED,CONTROLLED_STOP,1,0,1,0,76fb791fafbc6eb83d167afd691da9d7efb9acfe879acecef2e76df7d9e6358d,460671aba0c8644dd54c9a32bc4323614be6d34e1a7d0d53d3d530ad63d08daf
420337,False,True,logging_only,COMPLETED,COMPLETED,0,0,0,0,76fb791fafbc6eb83d167afd691da9d7efb9acfe879acecef2e76df7d9e6358d,460671aba0c8644dd54c9a32bc4323614be6d34e1a7d0d53d3d530ad63d08daf
420338,True,True,monitor_enforced,COMPLETED,CONTROLLED_STOP,1,0,1,0,76fb791fafbc6eb83d167afd691da9d7efb9acfe879acecef2e76df7d9e6358d,460671aba0c8644dd54c9a32bc4323614be6d34e1a7d0d53d3d530ad63d08daf
420339,False,True,monitor_enforced,COMPLETED,COMPLETED,0,0,0,0,76fb791fafbc6eb83d167afd691da9d7efb9acfe879acecef2e76df7d9e6358d,460671aba0c8644dd54c9a32bc4323614be6d34e1a7d0d53d3d530ad63d08daf
420340,True,False,logging_only,COMPLETED,CONTROLLED_STOP,1,0,1,0,76fb791fafbc6eb83d167afd691da9d7efb9acfe879acecef2e76df7d9e6358d,460671aba0c8644dd54c9a32bc4323614be6d34e1a7d0d53d3d530ad63d08daf
420341,False,False,logging_only,COMPLETED,COMPLETED,0,0,0,0,76fb791fafbc6eb83d167afd691da9d7efb9acfe879acecef2e76df7d9e6358d,460671aba0c8644dd54c9a32bc4323614be6d34e1a7d0d53d3d530ad63d08daf
420342,True,False,monitor_enforced,COMPLETED,CONTROLLED_STOP,1,0,1,0,76fb791fafbc6eb83d167afd691da9d7efb9acfe879acecef2e76df7d9e6358d,460671aba0c8644dd54c9a32bc4323614be6d34e1a7d0d53d3d530ad63d08daf
420343,False,False,monitor_enforced,COMPLETED,COMPLETED,0,0,0,0,76fb791fafbc6eb83d167afd691da9d7efb9acfe879acecef2e76df7d9e6358d,460671aba0c8644dd54c9a32bc4323614be6d34e1a7d0d53d3d530ad63d08daf
420344,True,True,logging_only,COMPLETED,CONTROLLED_STOP,1,0,1,0,76fb791fafbc6eb83d167afd691da9d7efb9acfe879acecef2e76df7d9e6358d,460671aba0c8644dd54c9a32bc4323614be6d34e1a7d0d53d3d530ad63d08daf
420345,False,True,logging_only,COMPLETED,COMPLETED,0,0,0,0,76fb791fafbc6eb83d167afd691da9d7efb9acfe879acecef2e76df7d9e6358d,460671aba0c8644dd54c9a32bc4323614be6d34e1a7d0d53d3d530ad63d08daf
420346,True,True,monitor_enforced,COMPLETED,CONTROLLED_STOP,1,0,1,0,76fb791fafbc6eb83d167afd691da9d7efb9acfe879acecef2e76df7d9e6358d,460671aba0c8644dd54c9a32bc4323614be6d34e1a7d0d53d3d530ad63d08daf
420347,False,True,monitor_enforced,COMPLETED,COMPLETED,0,0,0,0,76fb791fafbc6eb83d167afd691da9d7efb9acfe879acecef2e76df7d9e6358d,460671aba0c8644dd54c9a32bc4323614be6d34e1a7d0d53d3d530ad63d08daf
420348,True,False,logging_only,COMPLETED,CONTROLLED_STOP,1,0,1,0,76fb791fafbc6eb83d167afd691da9d7efb9acfe879acecef2e76df7d9e6358d,460671aba0c8644dd54c9a32bc4323614be6d34e1a7d0d53d3d530ad63d08daf
420349,False,False,logging_only,COMPLETED,COMPLETED,0,0,0,0,76fb791fafbc6eb83d167afd691da9d7efb9acfe879acecef2e76df7d9e6358d,460671aba0c8644dd54c9a32bc4323614be6d34e1a7d0d53d3d530ad63d08daf
420350,True,False,monitor_enforced,COMPLETED,CONTROLLED_STOP,1,0,1,0,76fb791fafbc6eb83d167afd691da9d7efb9acfe879acecef2e76df7d9e6358d,460671aba0c8644dd54c9a32bc4323614be6d34e1a7d0d53d3d530ad63d08daf
420351,False,False,monitor_enforced,COMPLETED,COMPLETED,0,0,0,0,76fb791fafbc6eb83d167afd691da9d7efb9acfe879acecef2e76df7d9e6358d,460671aba0c8644dd54c9a32bc4323614be6d34e1a7d0d53d3d530ad63d08daf
420352,True,True,logging_only,COMPLETED,CONTROLLED_STOP,1,0,1,0,76fb791fafbc6eb83d167afd691da9d7efb9acfe879acecef2e76df7d9e6358d,460671aba0c8644dd54c9a32bc4323614be6d34e1a7d0d53d3d530ad63d08daf
420353,False,True,logging_only,COMPLETED,COMPLETED,0,0,0,0,76fb791fafbc6eb83d167afd691da9d7efb9acfe879acecef2e76df7d9e6358d,460671aba0c8644dd54c9a32bc4323614be6d34e1a7d0d53d3d530ad63d08daf
420354,True,True,monitor_enforced,COMPLETED,CONTROLLED_STOP,1,0,1,0,76fb791fafbc6eb83d167afd691da9d7efb9acfe879acecef2e76df7d9e6358d,460671aba0c8644dd54c9a32bc4323614be6d34e1a7d0d53d3d530ad63d08daf
420355,False,True,monitor_enforced,COMPLETED,COMPLETED,0,0,0,0,76fb791fafbc6eb83d167afd691da9d7efb9acfe879acecef2e76df7d9e6358d,460671aba0c8644dd54c9a32bc4323614be6d34e1a7d0d53d3d530ad63d08daf
420356,True,False,logging_only,COMPLETED,CONTROLLED_STOP,1,0,1,0,76fb791fafbc6eb83d167afd691da9d7efb9acfe879acecef2e76df7d9e6358d,460671aba0c8644dd54c9a32bc4323614be6d34e1a7d0d53d3d530ad63d08daf
420357,False,False,logging_only,COMPLETED,COMPLETED,0,0,0,0,76fb791fafbc6eb83d167afd691da9d7efb9acfe879acecef2e76df7d9e6358d,460671aba0c8644dd54c9a32bc4323614be6d34e1a7d0d53d3d530ad63d08daf
420358,True,False,monitor_enforced,COMPLETED,CONTROLLED_STOP,1,0,1,0,76fb791fafbc6eb83d167afd691da9d7efb9acfe879acecef2e76df7d9e6358d,460671aba0c8644dd54c9a32bc4323614be6d34e1a7d0d53d3d530ad63d08daf
420359,False,False,monitor_enforced,COMPLETED,COMPLETED,0,0,0,0,76fb791fafbc6eb83d167afd691da9d7efb9acfe879acecef2e76df7d9e6358d,460671aba0c8644dd54c9a32bc4323614be6d34e1a7d0d53d3d530ad63d08daf
420360,True,True,logging_only,COMPLETED,CONTROLLED_STOP,1,0,1,0,76fb791fafbc6eb83d167afd691da9d7efb9acfe879acecef2e76df7d9e6358d,460671aba0c8644dd54c9a32bc4323614be6d34e1a7d0d53d3d530ad63d08daf
420361,False,True,logging_only,COMPLETED,COMPLETED,0,0,0,0,76fb791fafbc6eb83d167afd691da9d7efb9acfe879acecef2e76df7d9e6358d,460671aba0c8644dd54c9a32bc4323614be6d34e1a7d0d53d3d530ad63d08daf
420362,True,True,monitor_enforced,COMPLETED,CONTROLLED_STOP,1,0,1,0,76fb791fafbc6eb83d167afd691da9d7efb9acfe879acecef2e76df7d9e6358d,460671aba0c8644dd54c9a32bc4323614be6d34e1a7d0d53d3d530ad63d08daf
420363,False,True,monitor_enforced,COMPLETED,COMPLETED,0,0,0,0,76fb791fafbc6eb83d167afd691da9d7efb9acfe879acecef2e76df7d9e6358d,460671aba0c8644dd54c9a32bc4323614be6d34e1a7d0d53d3d530ad63d08daf
420364,True,False,logging_only,COMPLETED,CONTROLLED_STOP,1,0,1,0,76fb791fafbc6eb83d167afd691da9d7efb9acfe879acecef2e76df7d9e6358d,460671aba0c8644dd54c9a32bc4323614be6d34e1a7d0d53d3d530ad63d08daf
420365,False,False,logging_only,COMPLETED,COMPLETED,0,0,0,0,76fb791fafbc6eb83d167afd691da9d7efb9acfe879acecef2e76df7d9e6358d,460671aba0c8644dd54c9a32bc4323614be6d34e1a7d0d53d3d530ad63d08daf
420366,True,False,monitor_enforced,COMPLETED,CONTROLLED_STOP,1,0,1,0,76fb791fafbc6eb83d167afd691da9d7efb9acfe879acecef2e76df7d9e6358d,460671aba0c8644dd54c9a32bc4323614be6d34e1a7d0d53d3d530ad63d08daf
420367,False,False,monitor_enforced,COMPLETED,COMPLETED,0,0,0,0,76fb791fafbc6eb83d167afd691da9d7efb9acfe879acecef2e76df7d9e6358d,460671aba0c8644dd54c9a32bc4323614be6d34e1a7d0d53d3d530ad63d08daf
420368,True,True,logging_only,COMPLETED,CONTROLLED_STOP,1,0,1,0,76fb791fafbc6eb83d167afd691da9d7efb9acfe879acecef2e76df7d9e6358d,460671aba0c8644dd54c9a32bc4323614be6d34e1a7d0d53d3d530ad63d08daf
420369,False,True,logging_only,COMPLETED,COMPLETED,0,0,0,0,76fb791fafbc6eb83d167afd691da9d7efb9acfe879acecef2e76df7d9e6358d,460671aba0c8644dd54c9a32bc4323614be6d34e1a7d0d53d3d530ad63d08daf
420370,True,True,monitor_enforced,COMPLETED,CONTROLLED_STOP,1,0,1,0,76fb791fafbc6eb83d167afd691da9d7efb9acfe879acecef2e76df7d9e6358d,460671aba0c8644dd54c9a32bc4323614be6d34e1a7d0d53d3d530ad63d08daf
420371,False,True,monitor_enforced,COMPLETED,COMPLETED,0,0,0,0,76fb791fafbc6eb83d167afd691da9d7efb9acfe879acecef2e76df7d9e6358d,460671aba0c8644dd54c9a32bc4323614be6d34e1a7d0d53d3d530ad63d08daf
420372,True,False,logging_only,COMPLETED,CONTROLLED_STOP,1,0,1,0,76fb791fafbc6eb83d167afd691da9d7efb9acfe879acecef2e76df7d9e6358d,460671aba0c8644dd54c9a32bc4323614be6d34e1a7d0d53d3d530ad63d08daf
420373,False,False,logging_only,COMPLETED,COMPLETED,0,0,0,0,76fb791fafbc6eb83d167afd691da9d7efb9acfe879acecef2e76df7d9e6358d,460671aba0c8644dd54c9a32bc4323614be6d34e1a7d0d53d3d530ad63d08daf
420374,True,False,monitor_enforced,COMPLETED,CONTROLLED_STOP,1,0,1,0,76fb791fafbc6eb83d167afd691da9d7efb9acfe879acecef2e76df7d9e6358d,460671aba0c8644dd54c9a32bc4323614be6d34e1a7d0d53d3d530ad63d08daf
420375,False,False,monitor_enforced,COMPLETED,COMPLETED,0,0,0,0,76fb791fafbc6eb83d167afd691da9d7efb9acfe879acecef2e76df7d9e6358d,460671aba0c8644dd54c9a32bc4323614be6d34e1a7d0d53d3d530ad63d08daf
420376,True,True,logging_only,COMPLETED,CONTROLLED_STOP,1,0,1,0,76fb791fafbc6eb83d167afd691da9d7efb9acfe879acecef2e76df7d9e6358d,460671aba0c8644dd54c9a32bc4323614be6d34e1a7d0d53d3d530ad63d08daf
420377,False,True,logging_only,COMPLETED,COMPLETED,0,0,0,0,76fb791fafbc6eb83d167afd691da9d7efb9acfe879acecef2e76df7d9e6358d,460671aba0c8644dd54c9a32bc4323614be6d34e1a7d0d53d3d530ad63d08daf
420378,True,True,monitor_enforced,COMPLETED,CONTROLLED_STOP,1,0,1,0,76fb791fafbc6eb83d167afd691da9d7efb9acfe879acecef2e76df7d9e6358d,460671aba0c8644dd54c9a32bc4323614be6d34e1a7d0d53d3d530ad63d08daf
420379,False,True,monitor_enforced,COMPLETED,COMPLETED,0,0,0,0,76fb791fafbc6eb83d167afd691da9d7efb9acfe879acecef2e76df7d9e6358d,460671aba0c8644dd54c9a32bc4323614be6d34e1a7d0d53d3d530ad63d08daf
420380,True,False,logging_only,COMPLETED,CONTROLLED_STOP,1,0,1,0,76fb791fafbc6eb83d167afd691da9d7efb9acfe879acecef2e76df7d9e6358d,460671aba0c8644dd54c9a32bc4323614be6d34e1a7d0d53d3d530ad63d08daf
420381,False,False,logging_only,COMPLETED,COMPLETED,0,0,0,0,76fb791fafbc6eb83d167afd691da9d7efb9acfe879acecef2e76df7d9e6358d,460671aba0c8644dd54c9a32bc4323614be6d34e1a7d0d53d3d530ad63d08daf
420382,True,False,monitor_enforced,COMPLETED,CONTROLLED_STOP,1,0,1,0,76fb791fafbc6eb83d167afd691da9d7efb9acfe879acecef2e76df7d9e6358d,460671aba0c8644dd54c9a32bc4323614be6d34e1a7d0d53d3d530ad63d08daf
420383,False,False,monitor_enforced,COMPLETED,COMPLETED,0,0,0,0,76fb791fafbc6eb83d167afd691da9d7efb9acfe879acecef2e76df7d9e6358d,460671aba0c8644dd54c9a32bc4323614be6d34e1a7d0d53d3d530ad63d08daf
420384,True,True,logging_only,COMPLETED,CONTROLLED_STOP,1,0,1,0,76fb791fafbc6eb83d167afd691da9d7efb9acfe879acecef2e76df7d9e6358d,460671aba0c8644dd54c9a32bc4323614be6d34e1a7d0d53d3d530ad63d08daf
420385,False,True,logging_only,COMPLETED,COMPLETED,0,0,0,0,76fb791fafbc6eb83d167afd691da9d7efb9acfe879acecef2e76df7d9e6358d,460671aba0c8644dd54c9a32bc4323614be6d34e1a7d0d53d3d530ad63d08daf
420386,True,True,monitor_enforced,COMPLETED,CONTROLLED_STOP,1,0,1,0,76fb791fafbc6eb83d167afd691da9d7efb9acfe879acecef2e76df7d9e6358d,460671aba0c8644dd54c9a32bc4323614be6d34e1a7d0d53d3d530ad63d08daf
420387,False,True,monitor_enforced,COMPLETED,COMPLETED,0,0,0,0,76fb791fafbc6eb83d167afd691da9d7efb9acfe879acecef2e76df7d9e6358d,460671aba0c8644dd54c9a32bc4323614be6d34e1a7d0d53d3d530ad63d08daf
420388,True,False,logging_only,COMPLETED,CONTROLLED_STOP,1,0,1,0,76fb791fafbc6eb83d167afd691da9d7efb9acfe879acecef2e76df7d9e6358d,460671aba0c8644dd54c9a32bc4323614be6d34e1a7d0d53d3d530ad63d08daf
420389,False,False,logging_only,COMPLETED,COMPLETED,0,0,0,0,76fb791fafbc6eb83d167afd691da9d7efb9acfe879acecef2e76df7d9e6358d,460671aba0c8644dd54c9a32bc4323614be6d34e1a7d0d53d3d530ad63d08daf
420390,True,False,monitor_enforced,COMPLETED,CONTROLLED_STOP,1,0,1,0,76fb791fafbc6eb83d167afd691da9d7efb9acfe879acecef2e76df7d9e6358d,460671aba0c8644dd54c9a32bc4323614be6d34e1a7d0d53d3d530ad63d08daf
420391,False,False,monitor_enforced,COMPLETED,COMPLETED,0,0,0,0,76fb791fafbc6eb83d167afd691da9d7efb9acfe879acecef2e76df7d9e6358d,460671aba0c8644dd54c9a32bc4323614be6d34e1a7d0d53d3d530ad63d08daf
420392,True,True,logging_only,COMPLETED,CONTROLLED_STOP,1,0,1,0,76fb791fafbc6eb83d167afd691da9d7efb9acfe879acecef2e76df7d9e6358d,460671aba0c8644dd54c9a32bc4323614be6d34e1a7d0d53d3d530ad63d08daf
420393,False,True,logging_only,COMPLETED,COMPLETED,0,0,0,0,76fb791fafbc6eb83d167afd691da9d7efb9acfe879acecef2e76df7d9e6358d,460671aba0c8644dd54c9a32bc4323614be6d34e1a7d0d53d3d530ad63d08daf
420394,True,True,monitor_enforced,COMPLETED,CONTROLLED_STOP,1,0,1,0,76fb791fafbc6eb83d167afd691da9d7efb9acfe879acecef2e76df7d9e6358d,460671aba0c8644dd54c9a32bc4323614be6d34e1a7d0d53d3d530ad63d08daf
420395,False,True,monitor_enforced,COMPLETED,COMPLETED,0,0,0,0,76fb791fafbc6eb83d167afd691da9d7efb9acfe879acecef2e76df7d9e6358d,460671aba0c8644dd54c9a32bc4323614be6d34e1a7d0d53d3d530ad63d08daf
420396,True,False,logging_only,COMPLETED,CONTROLLED_STOP,1,0,1,0,76fb791fafbc6eb83d167afd691da9d7efb9acfe879acecef2e76df7d9e6358d,460671aba0c8644dd54c9a32bc4323614be6d34e1a7d0d53d3d530ad63d08daf
420397,False,False,logging_only,COMPLETED,COMPLETED,0,0,0,0,76fb791fafbc6eb83d167afd691da9d7efb9acfe879acecef2e76df7d9e6358d,460671aba0c8644dd54c9a32bc4323614be6d34e1a7d0d53d3d530ad63d08daf
420398,True,False,monitor_enforced,COMPLETED,CONTROLLED_STOP,1,0,1,0,76fb791fafbc6eb83d167afd691da9d7efb9acfe879acecef2e76df7d9e6358d,460671aba0c8644dd54c9a32bc4323614be6d34e1a7d0d53d3d530ad63d08daf
420399,False,False,monitor_enforced,COMPLETED,COMPLETED,0,0,0,0,76fb791fafbc6eb83d167afd691da9d7efb9acfe879acecef2e76df7d9e6358d,460671aba0c8644dd54c9a32bc4323614be6d34e1a7d0d53d3d530ad63d08daf
420400,True,True,logging_only,COMPLETED,CONTROLLED_STOP,1,0,1,0,76fb791fafbc6eb83d167afd691da9d7efb9acfe879acecef2e76df7d9e6358d,460671aba0c8644dd54c9a32bc4323614be6d34e1a7d0d53d3d530ad63d08daf
420401,False,True,logging_only,COMPLETED,COMPLETED,0,0,0,0,76fb791fafbc6eb83d167afd691da9d7efb9acfe879acecef2e76df7d9e6358d,460671aba0c8644dd54c9a32bc4323614be6d34e1a7d0d53d3d530ad63d08daf
420402,True,True,monitor_enforced,COMPLETED,CONTROLLED_STOP,1,0,1,0,76fb791fafbc6eb83d167afd691da9d7efb9acfe879acecef2e76df7d9e6358d,460671aba0c8644dd54c9a32bc4323614be6d34e1a7d0d53d3d530ad63d08daf
420403,False,True,monitor_enforced,COMPLETED,COMPLETED,0,0,0,0,76fb791fafbc6eb83d167afd691da9d7efb9acfe879acecef2e76df7d9e6358d,460671aba0c8644dd54c9a32bc4323614be6d34e1a7d0d53d3d530ad63d08daf
420404,True,False,logging_only,COMPLETED,CONTROLLED_STOP,1,0,1,0,76fb791fafbc6eb83d167afd691da9d7efb9acfe879acecef2e76df7d9e6358d,460671aba0c8644dd54c9a32bc4323614be6d34e1a7d0d53d3d530ad63d08daf
420405,False,False,logging_only,COMPLETED,COMPLETED,0,0,0,0,76fb791fafbc6eb83d167afd691da9d7efb9acfe879acecef2e76df7d9e6358d,460671aba0c8644dd54c9a32bc4323614be6d34e1a7d0d53d3d530ad63d08daf
420406,True,False,monitor_enforced,COMPLETED,CONTROLLED_STOP,1,0,1,0,76fb791fafbc6eb83d167afd691da9d7efb9acfe879acecef2e76df7d9e6358d,460671aba0c8644dd54c9a32bc4323614be6d34e1a7d0d53d3d530ad63d08daf
420407,False,False,monitor_enforced,COMPLETED,COMPLETED,0,0,0,0,76fb791fafbc6eb83d167afd691da9d7efb9acfe879acecef2e76df7d9e6358d,460671aba0c8644dd54c9a32bc4323614be6d34e1a7d0d53d3d530ad63d08daf
420408,True,True,logging_only,COMPLETED,CONTROLLED_STOP,1,0,1,0,76fb791fafbc6eb83d167afd691da9d7efb9acfe879acecef2e76df7d9e6358d,460671aba0c8644dd54c9a32bc4323614be6d34e1a7d0d53d3d530ad63d08daf
420409,False,True,logging_only,COMPLETED,COMPLETED,0,0,0,0,76fb791fafbc6eb83d167afd691da9d7efb9acfe879acecef2e76df7d9e6358d,460671aba0c8644dd54c9a32bc4323614be6d34e1a7d0d53d3d530ad63d08daf
420410,True,True,monitor_enforced,COMPLETED,CONTROLLED_STOP,1,0,1,0,76fb791fafbc6eb83d167afd691da9d7efb9acfe879acecef2e76df7d9e6358d,460671aba0c8644dd54c9a32bc4323614be6d34e1a7d0d53d3d530ad63d08daf
420411,False,True,monitor_enforced,COMPLETED,COMPLETED,0,0,0,0,76fb791fafbc6eb83d167afd691da9d7efb9acfe879acecef2e76df7d9e6358d,460671aba0c8644dd54c9a32bc4323614be6d34e1a7d0d53d3d530ad63d08daf
420412,True,False,logging_only,COMPLETED,CONTROLLED_STOP,1,0,1,0,76fb791fafbc6eb83d167afd691da9d7efb9acfe879acecef2e76df7d9e6358d,460671aba0c8644dd54c9a32bc4323614be6d34e1a7d0d53d3d530ad63d08daf
420413,False,False,logging_only,COMPLETED,COMPLETED,0,0,0,0,76fb791fafbc6eb83d167afd691da9d7efb9acfe879acecef2e76df7d9e6358d,460671aba0c8644dd54c9a32bc4323614be6d34e1a7d0d53d3d530ad63d08daf
420414,True,False,monitor_enforced,COMPLETED,CONTROLLED_STOP,1,0,1,0,76fb791fafbc6eb83d167afd691da9d7efb9acfe879acecef2e76df7d9e6358d,460671aba0c8644dd54c9a32bc4323614be6d34e1a7d0d53d3d530ad63d08daf
420415,False,False,monitor_enforced,COMPLETED,COMPLETED,0,0,0,0,76fb791fafbc6eb83d167afd691da9d7efb9acfe879acecef2e76df7d9e6358d,460671aba0c8644dd54c9a32bc4323614be6d34e1a7d0d53d3d530ad63d08daf
420416,True,True,logging_only,COMPLETED,CONTROLLED_STOP,1,0,1,0,76fb791fafbc6eb83d167afd691da9d7efb9acfe879acecef2e76df7d9e6358d,460671aba0c8644dd54c9a32bc4323614be6d34e1a7d0d53d3d530ad63d08daf
420417,False,True,logging_only,COMPLETED,COMPLETED,0,0,0,0,76fb791fafbc6eb83d167afd691da9d7efb9acfe879acecef2e76df7d9e6358d,460671aba0c8644dd54c9a32bc4323614be6d34e1a7d0d53d3d530ad63d08daf
420418,True,True,monitor_enforced,COMPLETED,CONTROLLED_STOP,1,0,1,0,76fb791fafbc6eb83d167afd691da9d7efb9acfe879acecef2e76df7d9e6358d,460671aba0c8644dd54c9a32bc4323614be6d34e1a7d0d53d3d530ad63d08daf
420419,False,True,monitor_enforced,COMPLETED,COMPLETED,0,0,0,0,76fb791fafbc6eb83d167afd691da9d7efb9acfe879acecef2e76df7d9e6358d,460671aba0c8644dd54c9a32bc4323614be6d34e1a7d0d53d3d530ad63d08daf
420420,True,False,logging_only,COMPLETED,CONTROLLED_STOP,1,0,1,0,76fb791fafbc6eb83d167afd691da9d7efb9acfe879acecef2e76df7d9e6358d,460671aba0c8644dd54c9a32bc4323614be6d34e1a7d0d53d3d530ad63d08daf
420421,False,False,logging_only,COMPLETED,COMPLETED,0,0,0,0,76fb791fafbc6eb83d167afd691da9d7efb9acfe879acecef2e76df7d9e6358d,460671aba0c8644dd54c9a32bc4323614be6d34e1a7d0d53d3d530ad63d08daf
420422,True,False,monitor_enforced,COMPLETED,CONTROLLED_STOP,1,0,1,0,76fb791fafbc6eb83d167afd691da9d7efb9acfe879acecef2e76df7d9e6358d,460671aba0c8644dd54c9a32bc4323614be6d34e1a7d0d53d3d530ad63d08daf
420423,False,False,monitor_enforced,COMPLETED,COMPLETED,0,0,0,0,76fb791fafbc6eb83d167afd691da9d7efb9acfe879acecef2e76df7d9e6358d,460671aba0c8644dd54c9a32bc4323614be6d34e1a7d0d53d3d530ad63d08daf
420424,True,True,logging_only,COMPLETED,CONTROLLED_STOP,1,0,1,0,76fb791fafbc6eb83d167afd691da9d7efb9acfe879acecef2e76df7d9e6358d,460671aba0c8644dd54c9a32bc4323614be6d34e1a7d0d53d3d530ad63d08daf
420425,False,True,logging_only,COMPLETED,COMPLETED,0,0,0,0,76fb791fafbc6eb83d167afd691da9d7efb9acfe879acecef2e76df7d9e6358d,460671aba0c8644dd54c9a32bc4323614be6d34e1a7d0d53d3d530ad63d08daf
420426,True,True,monitor_enforced,COMPLETED,CONTROLLED_STOP,1,0,1,0,76fb791fafbc6eb83d167afd691da9d7efb9acfe879acecef2e76df7d9e6358d,460671aba0c8644dd54c9a32bc4323614be6d34e1a7d0d53d3d530ad63d08daf
420427,False,True,monitor_enforced,COMPLETED,COMPLETED,0,0,0,0,76fb791fafbc6eb83d167afd691da9d7efb9acfe879acecef2e76df7d9e6358d,460671aba0c8644dd54c9a32bc4323614be6d34e1a7d0d53d3d530ad63d08daf
420428,True,False,logging_only,COMPLETED,CONTROLLED_STOP,1,0,1,0,76fb791fafbc6eb83d167afd691da9d7efb9acfe879acecef2e76df7d9e6358d,460671aba0c8644dd54c9a32bc4323614be6d34e1a7d0d53d3d530ad63d08daf
420429,False,False,logging_only,COMPLETED,COMPLETED,0,0,0,0,76fb791fafbc6eb83d167afd691da9d7efb9acfe879acecef2e76df7d9e6358d,460671aba0c8644dd54c9a32bc4323614be6d34e1a7d0d53d3d530ad63d08daf
420430,True,False,monitor_enforced,COMPLETED,CONTROLLED_STOP,1,0,1,0,76fb791fafbc6eb83d167afd691da9d7efb9acfe879acecef2e76df7d9e6358d,460671aba0c8644dd54c9a32bc4323614be6d34e1a7d0d53d3d530ad63d08daf
420431,False,False,monitor_enforced,COMPLETED,COMPLETED,0,0,0,0,76fb791fafbc6eb83d167afd691da9d7efb9acfe879acecef2e76df7d9e6358d,460671aba0c8644dd54c9a32bc4323614be6d34e1a7d0d53d3d530ad63d08daf
420432,True,True,logging_only,COMPLETED,CONTROLLED_STOP,1,0,1,0,76fb791fafbc6eb83d167afd691da9d7efb9acfe879acecef2e76df7d9e6358d,460671aba0c8644dd54c9a32bc4323614be6d34e1a7d0d53d3d530ad63d08daf
420433,False,True,logging_only,COMPLETED,COMPLETED,0,0,0,0,76fb791fafbc6eb83d167afd691da9d7efb9acfe879acecef2e76df7d9e6358d,460671aba0c8644dd54c9a32bc4323614be6d34e1a7d0d53d3d530ad63d08daf
420434,True,True,monitor_enforced,COMPLETED,CONTROLLED_STOP,1,0,1,0,76fb791fafbc6eb83d167afd691da9d7efb9acfe879acecef2e76df7d9e6358d,460671aba0c8644dd54c9a32bc4323614be6d34e1a7d0d53d3d530ad63d08daf
420435,False,True,monitor_enforced,COMPLETED,COMPLETED,0,0,0,0,76fb791fafbc6eb83d167afd691da9d7efb9acfe879acecef2e76df7d9e6358d,460671aba0c8644dd54c9a32bc4323614be6d34e1a7d0d53d3d530ad63d08daf
420436,True,False,logging_only,COMPLETED,CONTROLLED_STOP,1,0,1,0,76fb791fafbc6eb83d167afd691da9d7efb9acfe879acecef2e76df7d9e6358d,460671aba0c8644dd54c9a32bc4323614be6d34e1a7d0d53d3d530ad63d08daf
420437,False,False,logging_only,COMPLETED,COMPLETED,0,0,0,0,76fb791fafbc6eb83d167afd691da9d7efb9acfe879acecef2e76df7d9e6358d,460671aba0c8644dd54c9a32bc4323614be6d34e1a7d0d53d3d530ad63d08daf
420438,True,False,monitor_enforced,COMPLETED,CONTROLLED_STOP,1,0,1,0,76fb791fafbc6eb83d167afd691da9d7efb9acfe879acecef2e76df7d9e6358d,460671aba0c8644dd54c9a32bc4323614be6d34e1a7d0d53d3d530ad63d08daf
420439,False,False,monitor_enforced,COMPLETED,COMPLETED,0,0,0,0,76fb791fafbc6eb83d167afd691da9d7efb9acfe879acecef2e76df7d9e6358d,460671aba0c8644dd54c9a32bc4323614be6d34e1a7d0d53d3d530ad63d08daf
420440,True,True,logging_only,COMPLETED,CONTROLLED_STOP,1,0,1,0,76fb791fafbc6eb83d167afd691da9d7efb9acfe879acecef2e76df7d9e6358d,460671aba0c8644dd54c9a32bc4323614be6d34e1a7d0d53d3d530ad63d08daf
420441,False,True,logging_only,COMPLETED,COMPLETED,0,0,0,0,76fb791fafbc6eb83d167afd691da9d7efb9acfe879acecef2e76df7d9e6358d,460671aba0c8644dd54c9a32bc4323614be6d34e1a7d0d53d3d530ad63d08daf
420442,True,True,monitor_enforced,COMPLETED,CONTROLLED_STOP,1,0,1,0,76fb791fafbc6eb83d167afd691da9d7efb9acfe879acecef2e76df7d9e6358d,460671aba0c8644dd54c9a32bc4323614be6d34e1a7d0d53d3d530ad63d08daf
420443,False,True,monitor_enforced,COMPLETED,COMPLETED,0,0,0,0,76fb791fafbc6eb83d167afd691da9d7efb9acfe879acecef2e76df7d9e6358d,460671aba0c8644dd54c9a32bc4323614be6d34e1a7d0d53d3d530ad63d08daf
420444,True,False,logging_only,COMPLETED,CONTROLLED_STOP,1,0,1,0,76fb791fafbc6eb83d167afd691da9d7efb9acfe879acecef2e76df7d9e6358d,460671aba0c8644dd54c9a32bc4323614be6d34e1a7d0d53d3d530ad63d08daf
420445,False,False,logging_only,COMPLETED,COMPLETED,0,0,0,0,76fb791fafbc6eb83d167afd691da9d7efb9acfe879acecef2e76df7d9e6358d,460671aba0c8644dd54c9a32bc4323614be6d34e1a7d0d53d3d530ad63d08daf
420446,True,False,monitor_enforced,COMPLETED,CONTROLLED_STOP,1,0,1,0,76fb791fafbc6eb83d167afd691da9d7efb9acfe879acecef2e76df7d9e6358d,460671aba0c8644dd54c9a32bc4323614be6d34e1a7d0d53d3d530ad63d08daf
420447,False,False,monitor_enforced,COMPLETED,COMPLETED,0,0,0,0,76fb791fafbc6eb83d167afd691da9d7efb9acfe879acecef2e76df7d9e6358d,460671aba0c8644dd54c9a32bc4323614be6d34e1a7d0d53d3d530ad63d08daf
420448,True,True,logging_only,COMPLETED,CONTROLLED_STOP,1,0,1,0,76fb791fafbc6eb83d167afd691da9d7efb9acfe879acecef2e76df7d9e6358d,460671aba0c8644dd54c9a32bc4323614be6d34e1a7d0d53d3d530ad63d08daf
420449,False,True,logging_only,COMPLETED,COMPLETED,0,0,0,0,76fb791fafbc6eb83d167afd691da9d7efb9acfe879acecef2e76df7d9e6358d,460671aba0c8644dd54c9a32bc4323614be6d34e1a7d0d53d3d530ad63d08daf
420450,True,True,monitor_enforced,COMPLETED,CONTROLLED_STOP,1,0,1,0,76fb791fafbc6eb83d167afd691da9d7efb9acfe879acecef2e76df7d9e6358d,460671aba0c8644dd54c9a32bc4323614be6d34e1a7d0d53d3d530ad63d08daf
420451,False,True,monitor_enforced,COMPLETED,COMPLETED,0,0,0,0,76fb791fafbc6eb83d167afd691da9d7efb9acfe879acecef2e76df7d9e6358d,460671aba0c8644dd54c9a32bc4323614be6d34e1a7d0d53d3d530ad63d08daf
420452,True,False,logging_only,COMPLETED,CONTROLLED_STOP,1,0,1,0,76fb791fafbc6eb83d167afd691da9d7efb9acfe879acecef2e76df7d9e6358d,460671aba0c8644dd54c9a32bc4323614be6d34e1a7d0d53d3d530ad63d08daf
420453,False,False,logging_only,COMPLETED,COMPLETED,0,0,0,0,76fb791fafbc6eb83d167afd691da9d7efb9acfe879acecef2e76df7d9e6358d,460671aba0c8644dd54c9a32bc4323614be6d34e1a7d0d53d3d530ad63d08daf
420454,True,False,monitor_enforced,COMPLETED,CONTROLLED_STOP,1,0,1,0,76fb791fafbc6eb83d167afd691da9d7efb9acfe879acecef2e76df7d9e6358d,460671aba0c8644dd54c9a32bc4323614be6d34e1a7d0d53d3d530ad63d08daf
420455,False,False,monitor_enforced,COMPLETED,COMPLETED,0,0,0,0,76fb791fafbc6eb83d167afd691da9d7efb9acfe879acecef2e76df7d9e6358d,460671aba0c8644dd54c9a32bc4323614be6d34e1a7d0d53d3d530ad63d08daf
420456,True,True,logging_only,COMPLETED,CONTROLLED_STOP,1,0,1,0,76fb791fafbc6eb83d167afd691da9d7efb9acfe879acecef2e76df7d9e6358d,460671aba0c8644dd54c9a32bc4323614be6d34e1a7d0d53d3d530ad63d08daf
420457,False,True,logging_only,COMPLETED,COMPLETED,0,0,0,0,76fb791fafbc6eb83d167afd691da9d7efb9acfe879acecef2e76df7d9e6358d,460671aba0c8644dd54c9a32bc4323614be6d34e1a7d0d53d3d530ad63d08daf
420458,True,True,monitor_enforced,COMPLETED,CONTROLLED_STOP,1,0,1,0,76fb791fafbc6eb83d167afd691da9d7efb9acfe879acecef2e76df7d9e6358d,460671aba0c8644dd54c9a32bc4323614be6d34e1a7d0d53d3d530ad63d08daf
420459,False,True,monitor_enforced,COMPLETED,COMPLETED,0,0,0,0,76fb791fafbc6eb83d167afd691da9d7efb9acfe879acecef2e76df7d9e6358d,460671aba0c8644dd54c9a32bc4323614be6d34e1a7d0d53d3d530ad63d08daf
420460,True,False,logging_only,COMPLETED,CONTROLLED_STOP,1,0,1,0,76fb791fafbc6eb83d167afd691da9d7efb9acfe879acecef2e76df7d9e6358d,460671aba0c8644dd54c9a32bc4323614be6d34e1a7d0d53d3d530ad63d08daf
420461,False,False,logging_only,COMPLETED,COMPLETED,0,0,0,0,76fb791fafbc6eb83d167afd691da9d7efb9acfe879acecef2e76df7d9e6358d,460671aba0c8644dd54c9a32bc4323614be6d34e1a7d0d53d3d530ad63d08daf
420462,True,False,monitor_enforced,COMPLETED,CONTROLLED_STOP,1,0,1,0,76fb791fafbc6eb83d167afd691da9d7efb9acfe879acecef2e76df7d9e6358d,460671aba0c8644dd54c9a32bc4323614be6d34e1a7d0d53d3d530ad63d08daf
420463,False,False,monitor_enforced,COMPLETED,COMPLETED,0,0,0,0,76fb791fafbc6eb83d167afd691da9d7efb9acfe879acecef2e76df7d9e6358d,460671aba0c8644dd54c9a32bc4323614be6d34e1a7d0d53d3d530ad63d08daf
420464,True,True,logging_only,COMPLETED,CONTROLLED_STOP,1,0,1,0,76fb791fafbc6eb83d167afd691da9d7efb9acfe879acecef2e76df7d9e6358d,460671aba0c8644dd54c9a32bc4323614be6d34e1a7d0d53d3d530ad63d08daf
420465,False,True,logging_only,COMPLETED,COMPLETED,0,0,0,0,76fb791fafbc6eb83d167afd691da9d7efb9acfe879acecef2e76df7d9e6358d,460671aba0c8644dd54c9a32bc4323614be6d34e1a7d0d53d3d530ad63d08daf
420466,True,True,monitor_enforced,COMPLETED,CONTROLLED_STOP,1,0,1,0,76fb791fafbc6eb83d167afd691da9d7efb9acfe879acecef2e76df7d9e6358d,460671aba0c8644dd54c9a32bc4323614be6d34e1a7d0d53d3d530ad63d08daf
420467,False,True,monitor_enforced,COMPLETED,COMPLETED,0,0,0,0,76fb791fafbc6eb83d167afd691da9d7efb9acfe879acecef2e76df7d9e6358d,460671aba0c8644dd54c9a32bc4323614be6d34e1a7d0d53d3d530ad63d08daf
420468,True,False,logging_only,COMPLETED,CONTROLLED_STOP,1,0,1,0,76fb791fafbc6eb83d167afd691da9d7efb9acfe879acecef2e76df7d9e6358d,460671aba0c8644dd54c9a32bc4323614be6d34e1a7d0d53d3d530ad63d08daf
420469,False,False,logging_only,COMPLETED,COMPLETED,0,0,0,0,76fb791fafbc6eb83d167afd691da9d7efb9acfe879acecef2e76df7d9e6358d,460671aba0c8644dd54c9a32bc4323614be6d34e1a7d0d53d3d530ad63d08daf
420470,True,False,monitor_enforced,COMPLETED,CONTROLLED_STOP,1,0,1,0,76fb791fafbc6eb83d167afd691da9d7efb9acfe879acecef2e76df7d9e6358d,460671aba0c8644dd54c9a32bc4323614be6d34e1a7d0d53d3d530ad63d08daf
420471,False,False,monitor_enforced,COMPLETED,COMPLETED,0,0,0,0,76fb791fafbc6eb83d167afd691da9d7efb9acfe879acecef2e76df7d9e6358d,460671aba0c8644dd54c9a32bc4323614be6d34e1a7d0d53d3d530ad63d08daf
420472,True,True,logging_only,COMPLETED,CONTROLLED_STOP,1,0,1,0,76fb791fafbc6eb83d167afd691da9d7efb9acfe879acecef2e76df7d9e6358d,460671aba0c8644dd54c9a32bc4323614be6d34e1a7d0d53d3d530ad63d08daf
420473,False,True,logging_only,COMPLETED,COMPLETED,0,0,0,0,76fb791fafbc6eb83d167afd691da9d7efb9acfe879acecef2e76df7d9e6358d,460671aba0c8644dd54c9a32bc4323614be6d34e1a7d0d53d3d530ad63d08daf
420474,True,True,monitor_enforced,COMPLETED,CONTROLLED_STOP,1,0,1,0,76fb791fafbc6eb83d167afd691da9d7efb9acfe879acecef2e76df7d9e6358d,460671aba0c8644dd54c9a32bc4323614be6d34e1a7d0d53d3d530ad63d08daf
420475,False,True,monitor_enforced,COMPLETED,COMPLETED,0,0,0,0,76fb791fafbc6eb83d167afd691da9d7efb9acfe879acecef2e76df7d9e6358d,460671aba0c8644dd54c9a32bc4323614be6d34e1a7d0d53d3d530ad63d08daf
420476,True,False,logging_only,COMPLETED,CONTROLLED_STOP,1,0,1,0,76fb791fafbc6eb83d167afd691da9d7efb9acfe879acecef2e76df7d9e6358d,460671aba0c8644dd54c9a32bc4323614be6d34e1a7d0d53d3d530ad63d08daf
420477,False,False,logging_only,COMPLETED,COMPLETED,0,0,0,0,76fb791fafbc6eb83d167afd691da9d7efb9acfe879acecef2e76df7d9e6358d,460671aba0c8644dd54c9a32bc4323614be6d34e1a7d0d53d3d530ad63d08daf
420478,True,False,monitor_enforced,COMPLETED,CONTROLLED_STOP,1,0,1,0,76fb791fafbc6eb83d167afd691da9d7efb9acfe879acecef2e76df7d9e6358d,460671aba0c8644dd54c9a32bc4323614be6d34e1a7d0d53d3d530ad63d08daf
420479,False,False,monitor_enforced,COMPLETED,COMPLETED,0,0,0,0,76fb791fafbc6eb83d167afd691da9d7efb9acfe879acecef2e76df7d9e6358d,460671aba0c8644dd54c9a32bc4323614be6d34e1a7d0d53d3d530ad63d08daf
420480,True,True,logging_only,COMPLETED,CONTROLLED_STOP,1,0,1,0,76fb791fafbc6eb83d167afd691da9d7efb9acfe879acecef2e76df7d9e6358d,460671aba0c8644dd54c9a32bc4323614be6d34e1a7d0d53d3d530ad63d08daf
420481,False,True,logging_only,COMPLETED,COMPLETED,0,0,0,0,76fb791fafbc6eb83d167afd691da9d7efb9acfe879acecef2e76df7d9e6358d,460671aba0c8644dd54c9a32bc4323614be6d34e1a7d0d53d3d530ad63d08daf
420482,True,True,monitor_enforced,COMPLETED,CONTROLLED_STOP,1,0,1,0,76fb791fafbc6eb83d167afd691da9d7efb9acfe879acecef2e76df7d9e6358d,460671aba0c8644dd54c9a32bc4323614be6d34e1a7d0d53d3d530ad63d08daf
420483,False,True,monitor_enforced,COMPLETED,COMPLETED,0,0,0,0,76fb791fafbc6eb83d167afd691da9d7efb9acfe879acecef2e76df7d9e6358d,460671aba0c8644dd54c9a32bc4323614be6d34e1a7d0d53d3d530ad63d08daf
420484,True,False,logging_only,COMPLETED,CONTROLLED_STOP,1,0,1,0,76fb791fafbc6eb83d167afd691da9d7efb9acfe879acecef2e76df7d9e6358d,460671aba0c8644dd54c9a32bc4323614be6d34e1a7d0d53d3d530ad63d08daf
420485,False,False,logging_only,COMPLETED,COMPLETED,0,0,0,0,76fb791fafbc6eb83d167afd691da9d7efb9acfe879acecef2e76df7d9e6358d,460671aba0c8644dd54c9a32bc4323614be6d34e1a7d0d53d3d530ad63d08daf
420486,True,False,monitor_enforced,COMPLETED,CONTROLLED_STOP,1,0,1,0,76fb791fafbc6eb83d167afd691da9d7efb9acfe879acecef2e76df7d9e6358d,460671aba0c8644dd54c9a32bc4323614be6d34e1a7d0d53d3d530ad63d08daf
420487,False,False,monitor_enforced,COMPLETED,COMPLETED,0,0,0,0,76fb791fafbc6eb83d167afd691da9d7efb9acfe879acecef2e76df7d9e6358d,460671aba0c8644dd54c9a32bc4323614be6d34e1a7d0d53d3d530ad63d08daf
420488,True,True,logging_only,COMPLETED,CONTROLLED_STOP,1,0,1,0,76fb791fafbc6eb83d167afd691da9d7efb9acfe879acecef2e76df7d9e6358d,460671aba0c8644dd54c9a32bc4323614be6d34e1a7d0d53d3d530ad63d08daf
420489,False,True,logging_only,COMPLETED,COMPLETED,0,0,0,0,76fb791fafbc6eb83d167afd691da9d7efb9acfe879acecef2e76df7d9e6358d,460671aba0c8644dd54c9a32bc4323614be6d34e1a7d0d53d3d530ad63d08daf
420490,True,True,monitor_enforced,COMPLETED,CONTROLLED_STOP,1,0,1,0,76fb791fafbc6eb83d167afd691da9d7efb9acfe879acecef2e76df7d9e6358d,460671aba0c8644dd54c9a32bc4323614be6d34e1a7d0d53d3d530ad63d08daf
420491,False,True,monitor_enforced,COMPLETED,COMPLETED,0,0,0,0,76fb791fafbc6eb83d167afd691da9d7efb9acfe879acecef2e76df7d9e6358d,460671aba0c8644dd54c9a32bc4323614be6d34e1a7d0d53d3d530ad63d08daf
420492,True,False,logging_only,COMPLETED,CONTROLLED_STOP,1,0,1,0,76fb791fafbc6eb83d167afd691da9d7efb9acfe879acecef2e76df7d9e6358d,460671aba0c8644dd54c9a32bc4323614be6d34e1a7d0d53d3d530ad63d08daf
420493,False,False,logging_only,COMPLETED,COMPLETED,0,0,0,0,76fb791fafbc6eb83d167afd691da9d7efb9acfe879acecef2e76df7d9e6358d,460671aba0c8644dd54c9a32bc4323614be6d34e1a7d0d53d3d530ad63d08daf
420494,True,False,monitor_enforced,COMPLETED,CONTROLLED_STOP,1,0,1,0,76fb791fafbc6eb83d167afd691da9d7efb9acfe879acecef2e76df7d9e6358d,460671aba0c8644dd54c9a32bc4323614be6d34e1a7d0d53d3d530ad63d08daf
420495,False,False,monitor_enforced,COMPLETED,COMPLETED,0,0,0,0,76fb791fafbc6eb83d167afd691da9d7efb9acfe879acecef2e76df7d9e6358d,460671aba0c8644dd54c9a32bc4323614be6d34e1a7d0d53d3d530ad63d08daf
420496,True,True,logging_only,COMPLETED,CONTROLLED_STOP,1,0,1,0,76fb791fafbc6eb83d167afd691da9d7efb9acfe879acecef2e76df7d9e6358d,460671aba0c8644dd54c9a32bc4323614be6d34e1a7d0d53d3d530ad63d08daf
420497,False,True,logging_only,COMPLETED,COMPLETED,0,0,0,0,76fb791fafbc6eb83d167afd691da9d7efb9acfe879acecef2e76df7d9e6358d,460671aba0c8644dd54c9a32bc4323614be6d34e1a7d0d53d3d530ad63d08daf
420498,True,True,monitor_enforced,COMPLETED,CONTROLLED_STOP,1,0,1,0,76fb791fafbc6eb83d167afd691da9d7efb9acfe879acecef2e76df7d9e6358d,460671aba0c8644dd54c9a32bc4323614be6d34e1a7d0d53d3d530ad63d08daf
420499,False,True,monitor_enforced,COMPLETED,COMPLETED,0,0,0,0,76fb791fafbc6eb83d167afd691da9d7efb9acfe879acecef2e76df7d9e6358d,460671aba0c8644dd54c9a32bc4323614be6d34e1a7d0d53d3d530ad63d08daf
420500,True,False,logging_only,COMPLETED,CONTROLLED_STOP,1,0,1,0,76fb791fafbc6eb83d167afd691da9d7efb9acfe879acecef2e76df7d9e6358d,460671aba0c8644dd54c9a32bc4323614be6d34e1a7d0d53d3d530ad63d08daf
420501,False,False,logging_only,COMPLETED,COMPLETED,0,0,0,0,76fb791fafbc6eb83d167afd691da9d7efb9acfe879acecef2e76df7d9e6358d,460671aba0c8644dd54c9a32bc4323614be6d34e1a7d0d53d3d530ad63d08daf
420502,True,False,monitor_enforced,COMPLETED,CONTROLLED_STOP,1,0,1,0,76fb791fafbc6eb83d167afd691da9d7efb9acfe879acecef2e76df7d9e6358d,460671aba0c8644dd54c9a32bc4323614be6d34e1a7d0d53d3d530ad63d08daf
420503,False,False,monitor_enforced,COMPLETED,COMPLETED,0,0,0,0,76fb791fafbc6eb83d167afd691da9d7efb9acfe879acecef2e76df7d9e6358d,460671aba0c8644dd54c9a32bc4323614be6d34e1a7d0d53d3d530ad63d08daf
420504,True,True,logging_only,COMPLETED,CONTROLLED_STOP,1,0,1,0,76fb791fafbc6eb83d167afd691da9d7efb9acfe879acecef2e76df7d9e6358d,460671aba0c8644dd54c9a32bc4323614be6d34e1a7d0d53d3d530ad63d08daf
420505,False,True,logging_only,COMPLETED,COMPLETED,0,0,0,0,76fb791fafbc6eb83d167afd691da9d7efb9acfe879acecef2e76df7d9e6358d,460671aba0c8644dd54c9a32bc4323614be6d34e1a7d0d53d3d530ad63d08daf
420506,True,True,monitor_enforced,COMPLETED,CONTROLLED_STOP,1,0,1,0,76fb791fafbc6eb83d167afd691da9d7efb9acfe879acecef2e76df7d9e6358d,460671aba0c8644dd54c9a32bc4323614be6d34e1a7d0d53d3d530ad63d08daf
420507,False,True,monitor_enforced,COMPLETED,COMPLETED,0,0,0,0,76fb791fafbc6eb83d167afd691da9d7efb9acfe879acecef2e76df7d9e6358d,460671aba0c8644dd54c9a32bc4323614be6d34e1a7d0d53d3d530ad63d08daf
420508,True,False,logging_only,COMPLETED,CONTROLLED_STOP,1,0,1,0,76fb791fafbc6eb83d167afd691da9d7efb9acfe879acecef2e76df7d9e6358d,460671aba0c8644dd54c9a32bc4323614be6d34e1a7d0d53d3d530ad63d08daf
420509,False,False,logging_only,COMPLETED,COMPLETED,0,0,0,0,76fb791fafbc6eb83d167afd691da9d7efb9acfe879acecef2e76df7d9e6358d,460671aba0c8644dd54c9a32bc4323614be6d34e1a7d0d53d3d530ad63d08daf
420510,True,False,monitor_enforced,COMPLETED,CONTROLLED_STOP,1,0,1,0,76fb791fafbc6eb83d167afd691da9d7efb9acfe879acecef2e76df7d9e6358d,460671aba0c8644dd54c9a32bc4323614be6d34e1a7d0d53d3d530ad63d08daf
420511,False,False,monitor_enforced,COMPLETED,COMPLETED,0,0,0,0,76fb791fafbc6eb83d167afd691da9d7efb9acfe879acecef2e76df7d9e6358d,460671aba0c8644dd54c9a32bc4323614be6d34e1a7d0d53d3d530ad63d08daf
420512,True,True,logging_only,COMPLETED,CONTROLLED_STOP,1,0,1,0,76fb791fafbc6eb83d167afd691da9d7efb9acfe879acecef2e76df7d9e6358d,460671aba0c8644dd54c9a32bc4323614be6d34e1a7d0d53d3d530ad63d08daf
420513,False,True,logging_only,COMPLETED,COMPLETED,0,0,0,0,76fb791fafbc6eb83d167afd691da9d7efb9acfe879acecef2e76df7d9e6358d,460671aba0c8644dd54c9a32bc4323614be6d34e1a7d0d53d3d530ad63d08daf
420514,True,True,monitor_enforced,COMPLETED,CONTROLLED_STOP,1,0,1,0,76fb791fafbc6eb83d167afd691da9d7efb9acfe879acecef2e76df7d9e6358d,460671aba0c8644dd54c9a32bc4323614be6d34e1a7d0d53d3d530ad63d08daf
420515,False,True,monitor_enforced,COMPLETED,COMPLETED,0,0,0,0,76fb791fafbc6eb83d167afd691da9d7efb9acfe879acecef2e76df7d9e6358d,460671aba0c8644dd54c9a32bc4323614be6d34e1a7d0d53d3d530ad63d08daf
420516,True,False,logging_only,COMPLETED,CONTROLLED_STOP,1,0,1,0,76fb791fafbc6eb83d167afd691da9d7efb9acfe879acecef2e76df7d9e6358d,460671aba0c8644dd54c9a32bc4323614be6d34e1a7d0d53d3d530ad63d08daf
420517,False,False,logging_only,COMPLETED,COMPLETED,0,0,0,0,76fb791fafbc6eb83d167afd691da9d7efb9acfe879acecef2e76df7d9e6358d,460671aba0c8644dd54c9a32bc4323614be6d34e1a7d0d53d3d530ad63d08daf
420518,True,False,monitor_enforced,COMPLETED,CONTROLLED_STOP,1,0,1,0,76fb791fafbc6eb83d167afd691da9d7efb9acfe879acecef2e76df7d9e6358d,460671aba0c8644dd54c9a32bc4323614be6d34e1a7d0d53d3d530ad63d08daf
420519,False,False,monitor_enforced,COMPLETED,COMPLETED,0,0,0,0,76fb791fafbc6eb83d167afd691da9d7efb9acfe879acecef2e76df7d9e6358d,460671aba0c8644dd54c9a32bc4323614be6d34e1a7d0d53d3d530ad63d08daf
420520,True,True,logging_only,COMPLETED,CONTROLLED_STOP,1,0,1,0,76fb791fafbc6eb83d167afd691da9d7efb9acfe879acecef2e76df7d9e6358d,460671aba0c8644dd54c9a32bc4323614be6d34e1a7d0d53d3d530ad63d08daf
420521,False,True,logging_only,COMPLETED,COMPLETED,0,0,0,0,76fb791fafbc6eb83d167afd691da9d7efb9acfe879acecef2e76df7d9e6358d,460671aba0c8644dd54c9a32bc4323614be6d34e1a7d0d53d3d530ad63d08daf
420522,True,True,monitor_enforced,COMPLETED,CONTROLLED_STOP,1,0,1,0,76fb791fafbc6eb83d167afd691da9d7efb9acfe879acecef2e76df7d9e6358d,460671aba0c8644dd54c9a32bc4323614be6d34e1a7d0d53d3d530ad63d08daf
420523,False,True,monitor_enforced,COMPLETED,COMPLETED,0,0,0,0,76fb791fafbc6eb83d167afd691da9d7efb9acfe879acecef2e76df7d9e6358d,460671aba0c8644dd54c9a32bc4323614be6d34e1a7d0d53d3d530ad63d08daf
420524,True,False,logging_only,COMPLETED,CONTROLLED_STOP,1,0,1,0,76fb791fafbc6eb83d167afd691da9d7efb9acfe879acecef2e76df7d9e6358d,460671aba0c8644dd54c9a32bc4323614be6d34e1a7d0d53d3d530ad63d08daf
420525,False,False,logging_only,COMPLETED,COMPLETED,0,0,0,0,76fb791fafbc6eb83d167afd691da9d7efb9acfe879acecef2e76df7d9e6358d,460671aba0c8644dd54c9a32bc4323614be6d34e1a7d0d53d3d530ad63d08daf
420526,True,False,monitor_enforced,COMPLETED,CONTROLLED_STOP,1,0,1,0,76fb791fafbc6eb83d167afd691da9d7efb9acfe879acecef2e76df7d9e6358d,460671aba0c8644dd54c9a32bc4323614be6d34e1a7d0d53d3d530ad63d08daf
420527,False,False,monitor_enforced,COMPLETED,COMPLETED,0,0,0,0,76fb791fafbc6eb83d167afd691da9d7efb9acfe879acecef2e76df7d9e6358d,460671aba0c8644dd54c9a32bc4323614be6d34e1a7d0d53d3d530ad63d08daf
420528,True,True,logging_only,COMPLETED,CONTROLLED_STOP,1,0,1,0,76fb791fafbc6eb83d167afd691da9d7efb9acfe879acecef2e76df7d9e6358d,460671aba0c8644dd54c9a32bc4323614be6d34e1a7d0d53d3d530ad63d08daf
420529,False,True,logging_only,COMPLETED,COMPLETED,0,0,0,0,76fb791fafbc6eb83d167afd691da9d7efb9acfe879acecef2e76df7d9e6358d,460671aba0c8644dd54c9a32bc4323614be6d34e1a7d0d53d3d530ad63d08daf
420530,True,True,monitor_enforced,COMPLETED,CONTROLLED_STOP,1,0,1,0,76fb791fafbc6eb83d167afd691da9d7efb9acfe879acecef2e76df7d9e6358d,460671aba0c8644dd54c9a32bc4323614be6d34e1a7d0d53d3d530ad63d08daf
420531,False,True,monitor_enforced,COMPLETED,COMPLETED,0,0,0,0,76fb791fafbc6eb83d167afd691da9d7efb9acfe879acecef2e76df7d9e6358d,460671aba0c8644dd54c9a32bc4323614be6d34e1a7d0d53d3d530ad63d08daf
420532,True,False,logging_only,COMPLETED,CONTROLLED_STOP,1,0,1,0,76fb791fafbc6eb83d167afd691da9d7efb9acfe879acecef2e76df7d9e6358d,460671aba0c8644dd54c9a32bc4323614be6d34e1a7d0d53d3d530ad63d08daf
420533,False,False,logging_only,COMPLETED,COMPLETED,0,0,0,0,76fb791fafbc6eb83d167afd691da9d7efb9acfe879acecef2e76df7d9e6358d,460671aba0c8644dd54c9a32bc4323614be6d34e1a7d0d53d3d530ad63d08daf
420534,True,False,monitor_enforced,COMPLETED,CONTROLLED_STOP,1,0,1,0,76fb791fafbc6eb83d167afd691da9d7efb9acfe879acecef2e76df7d9e6358d,460671aba0c8644dd54c9a32bc4323614be6d34e1a7d0d53d3d530ad63d08daf
420535,False,False,monitor_enforced,COMPLETED,COMPLETED,0,0,0,0,76fb791fafbc6eb83d167afd691da9d7efb9acfe879acecef2e76df7d9e6358d,460671aba0c8644dd54c9a32bc4323614be6d34e1a7d0d53d3d530ad63d08daf
420536,True,True,logging_only,COMPLETED,CONTROLLED_STOP,1,0,1,0,76fb791fafbc6eb83d167afd691da9d7efb9acfe879acecef2e76df7d9e6358d,460671aba0c8644dd54c9a32bc4323614be6d34e1a7d0d53d3d530ad63d08daf
420537,False,True,logging_only,COMPLETED,COMPLETED,0,0,0,0,76fb791fafbc6eb83d167afd691da9d7efb9acfe879acecef2e76df7d9e6358d,460671aba0c8644dd54c9a32bc4323614be6d34e1a7d0d53d3d530ad63d08daf
420538,True,True,monitor_enforced,COMPLETED,CONTROLLED_STOP,1,0,1,0,76fb791fafbc6eb83d167afd691da9d7efb9acfe879acecef2e76df7d9e6358d,460671aba0c8644dd54c9a32bc4323614be6d34e1a7d0d53d3d530ad63d08daf
420539,False,True,monitor_enforced,COMPLETED,COMPLETED,0,0,0,0,76fb791fafbc6eb83d167afd691da9d7efb9acfe879acecef2e76df7d9e6358d,460671aba0c8644dd54c9a32bc4323614be6d34e1a7d0d53d3d530ad63d08daf
420540,True,False,logging_only,COMPLETED,CONTROLLED_STOP,1,0,1,0,76fb791fafbc6eb83d167afd691da9d7efb9acfe879acecef2e76df7d9e6358d,460671aba0c8644dd54c9a32bc4323614be6d34e1a7d0d53d3d530ad63d08daf
420541,False,False,logging_only,COMPLETED,COMPLETED,0,0,0,0,76fb791fafbc6eb83d167afd691da9d7efb9acfe879acecef2e76df7d9e6358d,460671aba0c8644dd54c9a32bc4323614be6d34e1a7d0d53d3d530ad63d08daf
420542,True,False,monitor_enforced,COMPLETED,CONTROLLED_STOP,1,0,1,0,76fb791fafbc6eb83d167afd691da9d7efb9acfe879acecef2e76df7d9e6358d,460671aba0c8644dd54c9a32bc4323614be6d34e1a7d0d53d3d530ad63d08daf
420543,False,False,monitor_enforced,COMPLETED,COMPLETED,0,0,0,0,76fb791fafbc6eb83d167afd691da9d7efb9acfe879acecef2e76df7d9e6358d,460671aba0c8644dd54c9a32bc4323614be6d34e1a7d0d53d3d530ad63d08daf
420544,True,True,logging_only,COMPLETED,CONTROLLED_STOP,1,0,1,0,76fb791fafbc6eb83d167afd691da9d7efb9acfe879acecef2e76df7d9e6358d,460671aba0c8644dd54c9a32bc4323614be6d34e1a7d0d53d3d530ad63d08daf
420545,False,True,logging_only,COMPLETED,COMPLETED,0,0,0,0,76fb791fafbc6eb83d167afd691da9d7efb9acfe879acecef2e76df7d9e6358d,460671aba0c8644dd54c9a32bc4323614be6d34e1a7d0d53d3d530ad63d08daf
420546,True,True,monitor_enforced,COMPLETED,CONTROLLED_STOP,1,0,1,0,76fb791fafbc6eb83d167afd691da9d7efb9acfe879acecef2e76df7d9e6358d,460671aba0c8644dd54c9a32bc4323614be6d34e1a7d0d53d3d530ad63d08daf
420547,False,True,monitor_enforced,COMPLETED,COMPLETED,0,0,0,0,76fb791fafbc6eb83d167afd691da9d7efb9acfe879acecef2e76df7d9e6358d,460671aba0c8644dd54c9a32bc4323614be6d34e1a7d0d53d3d530ad63d08daf
420548,True,False,logging_only,COMPLETED,CONTROLLED_STOP,1,0,1,0,76fb791fafbc6eb83d167afd691da9d7efb9acfe879acecef2e76df7d9e6358d,460671aba0c8644dd54c9a32bc4323614be6d34e1a7d0d53d3d530ad63d08daf
420549,False,False,logging_only,COMPLETED,COMPLETED,0,0,0,0,76fb791fafbc6eb83d167afd691da9d7efb9acfe879acecef2e76df7d9e6358d,460671aba0c8644dd54c9a32bc4323614be6d34e1a7d0d53d3d530ad63d08daf
420550,True,False,monitor_enforced,COMPLETED,CONTROLLED_STOP,1,0,1,0,76fb791fafbc6eb83d167afd691da9d7efb9acfe879acecef2e76df7d9e6358d,460671aba0c8644dd54c9a32bc4323614be6d34e1a7d0d53d3d530ad63d08daf
420551,False,False,monitor_enforced,COMPLETED,COMPLETED,0,0,0,0,76fb791fafbc6eb83d167afd691da9d7efb9acfe879acecef2e76df7d9e6358d,460671aba0c8644dd54c9a32bc4323614be6d34e1a7d0d53d3d530ad63d08daf
420552,True,True,logging_only,COMPLETED,CONTROLLED_STOP,1,0,1,0,76fb791fafbc6eb83d167afd691da9d7efb9acfe879acecef2e76df7d9e6358d,460671aba0c8644dd54c9a32bc4323614be6d34e1a7d0d53d3d530ad63d08daf
420553,False,True,logging_only,COMPLETED,COMPLETED,0,0,0,0,76fb791fafbc6eb83d167afd691da9d7efb9acfe879acecef2e76df7d9e6358d,460671aba0c8644dd54c9a32bc4323614be6d34e1a7d0d53d3d530ad63d08daf
420554,True,True,monitor_enforced,COMPLETED,CONTROLLED_STOP,1,0,1,0,76fb791fafbc6eb83d167afd691da9d7efb9acfe879acecef2e76df7d9e6358d,460671aba0c8644dd54c9a32bc4323614be6d34e1a7d0d53d3d530ad63d08daf
420555,False,True,monitor_enforced,COMPLETED,COMPLETED,0,0,0,0,76fb791fafbc6eb83d167afd691da9d7efb9acfe879acecef2e76df7d9e6358d,460671aba0c8644dd54c9a32bc4323614be6d34e1a7d0d53d3d530ad63d08daf
420556,True,False,logging_only,COMPLETED,CONTROLLED_STOP,1,0,1,0,76fb791fafbc6eb83d167afd691da9d7efb9acfe879acecef2e76df7d9e6358d,460671aba0c8644dd54c9a32bc4323614be6d34e1a7d0d53d3d530ad63d08daf
420557,False,False,logging_only,COMPLETED,COMPLETED,0,0,0,0,76fb791fafbc6eb83d167afd691da9d7efb9acfe879acecef2e76df7d9e6358d,460671aba0c8644dd54c9a32bc4323614be6d34e1a7d0d53d3d530ad63d08daf
420558,True,False,monitor_enforced,COMPLETED,CONTROLLED_STOP,1,0,1,0,76fb791fafbc6eb83d167afd691da9d7efb9acfe879acecef2e76df7d9e6358d,460671aba0c8644dd54c9a32bc4323614be6d34e1a7d0d53d3d530ad63d08daf
420559,False,False,monitor_enforced,COMPLETED,COMPLETED,0,0,0,0,76fb791fafbc6eb83d167afd691da9d7efb9acfe879acecef2e76df7d9e6358d,460671aba0c8644dd54c9a32bc4323614be6d34e1a7d0d53d3d530ad63d08daf
420560,True,True,logging_only,COMPLETED,CONTROLLED_STOP,1,0,1,0,76fb791fafbc6eb83d167afd691da9d7efb9acfe879acecef2e76df7d9e6358d,460671aba0c8644dd54c9a32bc4323614be6d34e1a7d0d53d3d530ad63d08daf
420561,False,True,logging_only,COMPLETED,COMPLETED,0,0,0,0,76fb791fafbc6eb83d167afd691da9d7efb9acfe879acecef2e76df7d9e6358d,460671aba0c8644dd54c9a32bc4323614be6d34e1a7d0d53d3d530ad63d08daf
420562,True,True,monitor_enforced,COMPLETED,CONTROLLED_STOP,1,0,1,0,76fb791fafbc6eb83d167afd691da9d7efb9acfe879acecef2e76df7d9e6358d,460671aba0c8644dd54c9a32bc4323614be6d34e1a7d0d53d3d530ad63d08daf
420563,False,True,monitor_enforced,COMPLETED,COMPLETED,0,0,0,0,76fb791fafbc6eb83d167afd691da9d7efb9acfe879acecef2e76df7d9e6358d,460671aba0c8644dd54c9a32bc4323614be6d34e1a7d0d53d3d530ad63d08daf
420564,True,False,logging_only,COMPLETED,CONTROLLED_STOP,1,0,1,0,76fb791fafbc6eb83d167afd691da9d7efb9acfe879acecef2e76df7d9e6358d,460671aba0c8644dd54c9a32bc4323614be6d34e1a7d0d53d3d530ad63d08daf
420565,False,False,logging_only,COMPLETED,COMPLETED,0,0,0,0,76fb791fafbc6eb83d167afd691da9d7efb9acfe879acecef2e76df7d9e6358d,460671aba0c8644dd54c9a32bc4323614be6d34e1a7d0d53d3d530ad63d08daf
420566,True,False,monitor_enforced,COMPLETED,CONTROLLED_STOP,1,0,1,0,76fb791fafbc6eb83d167afd691da9d7efb9acfe879acecef2e76df7d9e6358d,460671aba0c8644dd54c9a32bc4323614be6d34e1a7d0d53d3d530ad63d08daf
420567,False,False,monitor_enforced,COMPLETED,COMPLETED,0,0,0,0,76fb791fafbc6eb83d167afd691da9d7efb9acfe879acecef2e76df7d9e6358d,460671aba0c8644dd54c9a32bc4323614be6d34e1a7d0d53d3d530ad63d08daf
420568,True,True,logging_only,COMPLETED,CONTROLLED_STOP,1,0,1,0,76fb791fafbc6eb83d167afd691da9d7efb9acfe879acecef2e76df7d9e6358d,460671aba0c8644dd54c9a32bc4323614be6d34e1a7d0d53d3d530ad63d08daf
420569,False,True,logging_only,COMPLETED,COMPLETED,0,0,0,0,76fb791fafbc6eb83d167afd691da9d7efb9acfe879acecef2e76df7d9e6358d,460671aba0c8644dd54c9a32bc4323614be6d34e1a7d0d53d3d530ad63d08daf
420570,True,True,monitor_enforced,COMPLETED,CONTROLLED_STOP,1,0,1,0,76fb791fafbc6eb83d167afd691da9d7efb9acfe879acecef2e76df7d9e6358d,460671aba0c8644dd54c9a32bc4323614be6d34e1a7d0d53d3d530ad63d08daf
420571,False,True,monitor_enforced,COMPLETED,COMPLETED,0,0,0,0,76fb791fafbc6eb83d167afd691da9d7efb9acfe879acecef2e76df7d9e6358d,460671aba0c8644dd54c9a32bc4323614be6d34e1a7d0d53d3d530ad63d08daf
420572,True,False,logging_only,COMPLETED,CONTROLLED_STOP,1,0,1,0,76fb791fafbc6eb83d167afd691da9d7efb9acfe879acecef2e76df7d9e6358d,460671aba0c8644dd54c9a32bc4323614be6d34e1a7d0d53d3d530ad63d08daf
420573,False,False,logging_only,COMPLETED,COMPLETED,0,0,0,0,76fb791fafbc6eb83d167afd691da9d7efb9acfe879acecef2e76df7d9e6358d,460671aba0c8644dd54c9a32bc4323614be6d34e1a7d0d53d3d530ad63d08daf
420574,True,False,monitor_enforced,COMPLETED,CONTROLLED_STOP,1,0,1,0,76fb791fafbc6eb83d167afd691da9d7efb9acfe879acecef2e76df7d9e6358d,460671aba0c8644dd54c9a32bc4323614be6d34e1a7d0d53d3d530ad63d08daf
420575,False,False,monitor_enforced,COMPLETED,COMPLETED,0,0,0,0,76fb791fafbc6eb83d167afd691da9d7efb9acfe879acecef2e76df7d9e6358d,460671aba0c8644dd54c9a32bc4323614be6d34e1a7d0d53d3d530ad63d08daf
420576,True,True,logging_only,COMPLETED,CONTROLLED_STOP,1,0,1,0,76fb791fafbc6eb83d167afd691da9d7efb9acfe879acecef2e76df7d9e6358d,460671aba0c8644dd54c9a32bc4323614be6d34e1a7d0d53d3d530ad63d08daf
420577,False,True,logging_only,COMPLETED,COMPLETED,0,0,0,0,76fb791fafbc6eb83d167afd691da9d7efb9acfe879acecef2e76df7d9e6358d,460671aba0c8644dd54c9a32bc4323614be6d34e1a7d0d53d3d530ad63d08daf
420578,True,True,monitor_enforced,COMPLETED,CONTROLLED_STOP,1,0,1,0,76fb791fafbc6eb83d167afd691da9d7efb9acfe879acecef2e76df7d9e6358d,460671aba0c8644dd54c9a32bc4323614be6d34e1a7d0d53d3d530ad63d08daf
420579,False,True,monitor_enforced,COMPLETED,COMPLETED,0,0,0,0,76fb791fafbc6eb83d167afd691da9d7efb9acfe879acecef2e76df7d9e6358d,460671aba0c8644dd54c9a32bc4323614be6d34e1a7d0d53d3d530ad63d08daf
420580,True,False,logging_only,COMPLETED,CONTROLLED_STOP,1,0,1,0,76fb791fafbc6eb83d167afd691da9d7efb9acfe879acecef2e76df7d9e6358d,460671aba0c8644dd54c9a32bc4323614be6d34e1a7d0d53d3d530ad63d08daf
420581,False,False,logging_only,COMPLETED,COMPLETED,0,0,0,0,76fb791fafbc6eb83d167afd691da9d7efb9acfe879acecef2e76df7d9e6358d,460671aba0c8644dd54c9a32bc4323614be6d34e1a7d0d53d3d530ad63d08daf
420582,True,False,monitor_enforced,COMPLETED,CONTROLLED_STOP,1,0,1,0,76fb791fafbc6eb83d167afd691da9d7efb9acfe879acecef2e76df7d9e6358d,460671aba0c8644dd54c9a32bc4323614be6d34e1a7d0d53d3d530ad63d08daf
420583,False,False,monitor_enforced,COMPLETED,COMPLETED,0,0,0,0,76fb791fafbc6eb83d167afd691da9d7efb9acfe879acecef2e76df7d9e6358d,460671aba0c8644dd54c9a32bc4323614be6d34e1a7d0d53d3d530ad63d08daf
420584,True,True,logging_only,COMPLETED,CONTROLLED_STOP,1,0,1,0,76fb791fafbc6eb83d167afd691da9d7efb9acfe879acecef2e76df7d9e6358d,460671aba0c8644dd54c9a32bc4323614be6d34e1a7d0d53d3d530ad63d08daf
420585,False,True,logging_only,COMPLETED,COMPLETED,0,0,0,0,76fb791fafbc6eb83d167afd691da9d7efb9acfe879acecef2e76df7d9e6358d,460671aba0c8644dd54c9a32bc4323614be6d34e1a7d0d53d3d530ad63d08daf
420586,True,True,monitor_enforced,COMPLETED,CONTROLLED_STOP,1,0,1,0,76fb791fafbc6eb83d167afd691da9d7efb9acfe879acecef2e76df7d9e6358d,460671aba0c8644dd54c9a32bc4323614be6d34e1a7d0d53d3d530ad63d08daf
420587,False,True,monitor_enforced,COMPLETED,COMPLETED,0,0,0,0,76fb791fafbc6eb83d167afd691da9d7efb9acfe879acecef2e76df7d9e6358d,460671aba0c8644dd54c9a32bc4323614be6d34e1a7d0d53d3d530ad63d08daf
420588,True,False,logging_only,COMPLETED,CONTROLLED_STOP,1,0,1,0,76fb791fafbc6eb83d167afd691da9d7efb9acfe879acecef2e76df7d9e6358d,460671aba0c8644dd54c9a32bc4323614be6d34e1a7d0d53d3d530ad63d08daf
420589,False,False,logging_only,COMPLETED,COMPLETED,0,0,0,0,76fb791fafbc6eb83d167afd691da9d7efb9acfe879acecef2e76df7d9e6358d,460671aba0c8644dd54c9a32bc4323614be6d34e1a7d0d53d3d530ad63d08daf
420590,True,False,monitor_enforced,COMPLETED,CONTROLLED_STOP,1,0,1,0,76fb791fafbc6eb83d167afd691da9d7efb9acfe879acecef2e76df7d9e6358d,460671aba0c8644dd54c9a32bc4323614be6d34e1a7d0d53d3d530ad63d08daf
420591,False,False,monitor_enforced,COMPLETED,COMPLETED,0,0,0,0,76fb791fafbc6eb83d167afd691da9d7efb9acfe879acecef2e76df7d9e6358d,460671aba0c8644dd54c9a32bc4323614be6d34e1a7d0d53d3d530ad63d08daf
420592,True,True,logging_only,COMPLETED,CONTROLLED_STOP,1,0,1,0,76fb791fafbc6eb83d167afd691da9d7efb9acfe879acecef2e76df7d9e6358d,460671aba0c8644dd54c9a32bc4323614be6d34e1a7d0d53d3d530ad63d08daf
420593,False,True,logging_only,COMPLETED,COMPLETED,0,0,0,0,76fb791fafbc6eb83d167afd691da9d7efb9acfe879acecef2e76df7d9e6358d,460671aba0c8644dd54c9a32bc4323614be6d34e1a7d0d53d3d530ad63d08daf
420594,True,True,monitor_enforced,COMPLETED,CONTROLLED_STOP,1,0,1,0,76fb791fafbc6eb83d167afd691da9d7efb9acfe879acecef2e76df7d9e6358d,460671aba0c8644dd54c9a32bc4323614be6d34e1a7d0d53d3d530ad63d08daf
420595,False,True,monitor_enforced,COMPLETED,COMPLETED,0,0,0,0,76fb791fafbc6eb83d167afd691da9d7efb9acfe879acecef2e76df7d9e6358d,460671aba0c8644dd54c9a32bc4323614be6d34e1a7d0d53d3d530ad63d08daf
420596,True,False,logging_only,COMPLETED,CONTROLLED_STOP,1,0,1,0,76fb791fafbc6eb83d167afd691da9d7efb9acfe879acecef2e76df7d9e6358d,460671aba0c8644dd54c9a32bc4323614be6d34e1a7d0d53d3d530ad63d08daf
420597,False,False,logging_only,COMPLETED,COMPLETED,0,0,0,0,76fb791fafbc6eb83d167afd691da9d7efb9acfe879acecef2e76df7d9e6358d,460671aba0c8644dd54c9a32bc4323614be6d34e1a7d0d53d3d530ad63d08daf
420598,True,False,monitor_enforced,COMPLETED,CONTROLLED_STOP,1,0,1,0,76fb791fafbc6eb83d167afd691da9d7efb9acfe879acecef2e76df7d9e6358d,460671aba0c8644dd54c9a32bc4323614be6d34e1a7d0d53d3d530ad63d08daf
420599,False,False,monitor_enforced,COMPLETED,COMPLETED,0,0,0,0,76fb791fafbc6eb83d167afd691da9d7efb9acfe879acecef2e76df7d9e6358d,460671aba0c8644dd54c9a32bc4323614be6d34e1a7d0d53d3d530ad63d08daf
420600,True,True,logging_only,COMPLETED,CONTROLLED_STOP,1,0,1,0,76fb791fafbc6eb83d167afd691da9d7efb9acfe879acecef2e76df7d9e6358d,460671aba0c8644dd54c9a32bc4323614be6d34e1a7d0d53d3d530ad63d08daf
420601,False,True,logging_only,COMPLETED,COMPLETED,0,0,0,0,76fb791fafbc6eb83d167afd691da9d7efb9acfe879acecef2e76df7d9e6358d,460671aba0c8644dd54c9a32bc4323614be6d34e1a7d0d53d3d530ad63d08daf
420602,True,True,monitor_enforced,COMPLETED,CONTROLLED_STOP,1,0,1,0,76fb791fafbc6eb83d167afd691da9d7efb9acfe879acecef2e76df7d9e6358d,460671aba0c8644dd54c9a32bc4323614be6d34e1a7d0d53d3d530ad63d08daf
420603,False,True,monitor_enforced,COMPLETED,COMPLETED,0,0,0,0,76fb791fafbc6eb83d167afd691da9d7efb9acfe879acecef2e76df7d9e6358d,460671aba0c8644dd54c9a32bc4323614be6d34e1a7d0d53d3d530ad63d08daf
420604,True,False,logging_only,COMPLETED,CONTROLLED_STOP,1,0,1,0,76fb791fafbc6eb83d167afd691da9d7efb9acfe879acecef2e76df7d9e6358d,460671aba0c8644dd54c9a32bc4323614be6d34e1a7d0d53d3d530ad63d08daf
420605,False,False,logging_only,COMPLETED,COMPLETED,0,0,0,0,76fb791fafbc6eb83d167afd691da9d7efb9acfe879acecef2e76df7d9e6358d,460671aba0c8644dd54c9a32bc4323614be6d34e1a7d0d53d3d530ad63d08daf
420606,True,False,monitor_enforced,COMPLETED,CONTROLLED_STOP,1,0,1,0,76fb791fafbc6eb83d167afd691da9d7efb9acfe879acecef2e76df7d9e6358d,460671aba0c8644dd54c9a32bc4323614be6d34e1a7d0d53d3d530ad63d08daf
420607,False,False,monitor_enforced,COMPLETED,COMPLETED,0,0,0,0,76fb791fafbc6eb83d167afd691da9d7efb9acfe879acecef2e76df7d9e6358d,460671aba0c8644dd54c9a32bc4323614be6d34e1a7d0d53d3d530ad63d08daf
420608,True,True,logging_only,COMPLETED,CONTROLLED_STOP,1,0,1,0,76fb791fafbc6eb83d167afd691da9d7efb9acfe879acecef2e76df7d9e6358d,460671aba0c8644dd54c9a32bc4323614be6d34e1a7d0d53d3d530ad63d08daf
420609,False,True,logging_only,COMPLETED,COMPLETED,0,0,0,0,76fb791fafbc6eb83d167afd691da9d7efb9acfe879acecef2e76df7d9e6358d,460671aba0c8644dd54c9a32bc4323614be6d34e1a7d0d53d3d530ad63d08daf
420610,True,True,monitor_enforced,COMPLETED,CONTROLLED_STOP,1,0,1,0,76fb791fafbc6eb83d167afd691da9d7efb9acfe879acecef2e76df7d9e6358d,460671aba0c8644dd54c9a32bc4323614be6d34e1a7d0d53d3d530ad63d08daf
420611,False,True,monitor_enforced,COMPLETED,COMPLETED,0,0,0,0,76fb791fafbc6eb83d167afd691da9d7efb9acfe879acecef2e76df7d9e6358d,460671aba0c8644dd54c9a32bc4323614be6d34e1a7d0d53d3d530ad63d08daf
420612,True,False,logging_only,COMPLETED,CONTROLLED_STOP,1,0,1,0,76fb791fafbc6eb83d167afd691da9d7efb9acfe879acecef2e76df7d9e6358d,460671aba0c8644dd54c9a32bc4323614be6d34e1a7d0d53d3d530ad63d08daf
420613,False,False,logging_only,COMPLETED,COMPLETED,0,0,0,0,76fb791fafbc6eb83d167afd691da9d7efb9acfe879acecef2e76df7d9e6358d,460671aba0c8644dd54c9a32bc4323614be6d34e1a7d0d53d3d530ad63d08daf
420614,True,False,monitor_enforced,COMPLETED,CONTROLLED_STOP,1,0,1,0,76fb791fafbc6eb83d167afd691da9d7efb9acfe879acecef2e76df7d9e6358d,460671aba0c8644dd54c9a32bc4323614be6d34e1a7d0d53d3d530ad63d08daf
420615,False,False,monitor_enforced,COMPLETED,COMPLETED,0,0,0,0,76fb791fafbc6eb83d167afd691da9d7efb9acfe879acecef2e76df7d9e6358d,460671aba0c8644dd54c9a32bc4323614be6d34e1a7d0d53d3d530ad63d08daf
420616,True,True,logging_only,COMPLETED,CONTROLLED_STOP,1,0,1,0,76fb791fafbc6eb83d167afd691da9d7efb9acfe879acecef2e76df7d9e6358d,460671aba0c8644dd54c9a32bc4323614be6d34e1a7d0d53d3d530ad63d08daf
420617,False,True,logging_only,COMPLETED,COMPLETED,0,0,0,0,76fb791fafbc6eb83d167afd691da9d7efb9acfe879acecef2e76df7d9e6358d,460671aba0c8644dd54c9a32bc4323614be6d34e1a7d0d53d3d530ad63d08daf
420618,True,True,monitor_enforced,COMPLETED,CONTROLLED_STOP,1,0,1,0,76fb791fafbc6eb83d167afd691da9d7efb9acfe879acecef2e76df7d9e6358d,460671aba0c8644dd54c9a32bc4323614be6d34e1a7d0d53d3d530ad63d08daf
420619,False,True,monitor_enforced,COMPLETED,COMPLETED,0,0,0,0,76fb791fafbc6eb83d167afd691da9d7efb9acfe879acecef2e76df7d9e6358d,460671aba0c8644dd54c9a32bc4323614be6d34e1a7d0d53d3d530ad63d08daf
420620,True,False,logging_only,COMPLETED,CONTROLLED_STOP,1,0,1,0,76fb791fafbc6eb83d167afd691da9d7efb9acfe879acecef2e76df7d9e6358d,460671aba0c8644dd54c9a32bc4323614be6d34e1a7d0d53d3d530ad63d08daf
420621,False,False,logging_only,COMPLETED,COMPLETED,0,0,0,0,76fb791fafbc6eb83d167afd691da9d7efb9acfe879acecef2e76df7d9e6358d,460671aba0c8644dd54c9a32bc4323614be6d34e1a7d0d53d3d530ad63d08daf
420622,True,False,monitor_enforced,COMPLETED,CONTROLLED_STOP,1,0,1,0,76fb791fafbc6eb83d167afd691da9d7efb9acfe879acecef2e76df7d9e6358d,460671aba0c8644dd54c9a32bc4323614be6d34e1a7d0d53d3d530ad63d08daf
420623,False,False,monitor_enforced,COMPLETED,COMPLETED,0,0,0,0,76fb791fafbc6eb83d167afd691da9d7efb9acfe879acecef2e76df7d9e6358d,460671aba0c8644dd54c9a32bc4323614be6d34e1a7d0d53d3d530ad63d08daf
420624,True,True,logging_only,COMPLETED,CONTROLLED_STOP,1,0,1,0,76fb791fafbc6eb83d167afd691da9d7efb9acfe879acecef2e76df7d9e6358d,460671aba0c8644dd54c9a32bc4323614be6d34e1a7d0d53d3d530ad63d08daf
420625,False,True,logging_only,COMPLETED,COMPLETED,0,0,0,0,76fb791fafbc6eb83d167afd691da9d7efb9acfe879acecef2e76df7d9e6358d,460671aba0c8644dd54c9a32bc4323614be6d34e1a7d0d53d3d530ad63d08daf
420626,True,True,monitor_enforced,COMPLETED,CONTROLLED_STOP,1,0,1,0,76fb791fafbc6eb83d167afd691da9d7efb9acfe879acecef2e76df7d9e6358d,460671aba0c8644dd54c9a32bc4323614be6d34e1a7d0d53d3d530ad63d08daf
420627,False,True,monitor_enforced,COMPLETED,COMPLETED,0,0,0,0,76fb791fafbc6eb83d167afd691da9d7efb9acfe879acecef2e76df7d9e6358d,460671aba0c8644dd54c9a32bc4323614be6d34e1a7d0d53d3d530ad63d08daf
420628,True,False,logging_only,COMPLETED,CONTROLLED_STOP,1,0,1,0,76fb791fafbc6eb83d167afd691da9d7efb9acfe879acecef2e76df7d9e6358d,460671aba0c8644dd54c9a32bc4323614be6d34e1a7d0d53d3d530ad63d08daf
420629,False,False,logging_only,COMPLETED,COMPLETED,0,0,0,0,76fb791fafbc6eb83d167afd691da9d7efb9acfe879acecef2e76df7d9e6358d,460671aba0c8644dd54c9a32bc4323614be6d34e1a7d0d53d3d530ad63d08daf
420630,True,False,monitor_enforced,COMPLETED,CONTROLLED_STOP,1,0,1,0,76fb791fafbc6eb83d167afd691da9d7efb9acfe879acecef2e76df7d9e6358d,460671aba0c8644dd54c9a32bc4323614be6d34e1a7d0d53d3d530ad63d08daf
420631,False,False,monitor_enforced,COMPLETED,COMPLETED,0,0,0,0,76fb791fafbc6eb83d167afd691da9d7efb9acfe879acecef2e76df7d9e6358d,460671aba0c8644dd54c9a32bc4323614be6d34e1a7d0d53d3d530ad63d08daf
420632,True,True,logging_only,COMPLETED,CONTROLLED_STOP,1,0,1,0,76fb791fafbc6eb83d167afd691da9d7efb9acfe879acecef2e76df7d9e6358d,460671aba0c8644dd54c9a32bc4323614be6d34e1a7d0d53d3d530ad63d08daf
420633,False,True,logging_only,COMPLETED,COMPLETED,0,0,0,0,76fb791fafbc6eb83d167afd691da9d7efb9acfe879acecef2e76df7d9e6358d,460671aba0c8644dd54c9a32bc4323614be6d34e1a7d0d53d3d530ad63d08daf
420634,True,True,monitor_enforced,COMPLETED,CONTROLLED_STOP,1,0,1,0,76fb791fafbc6eb83d167afd691da9d7efb9acfe879acecef2e76df7d9e6358d,460671aba0c8644dd54c9a32bc4323614be6d34e1a7d0d53d3d530ad63d08daf
420635,False,True,monitor_enforced,COMPLETED,COMPLETED,0,0,0,0,76fb791fafbc6eb83d167afd691da9d7efb9acfe879acecef2e76df7d9e6358d,460671aba0c8644dd54c9a32bc4323614be6d34e1a7d0d53d3d530ad63d08daf
420636,True,False,logging_only,COMPLETED,CONTROLLED_STOP,1,0,1,0,76fb791fafbc6eb83d167afd691da9d7efb9acfe879acecef2e76df7d9e6358d,460671aba0c8644dd54c9a32bc4323614be6d34e1a7d0d53d3d530ad63d08daf
420637,False,False,logging_only,COMPLETED,COMPLETED,0,0,0,0,76fb791fafbc6eb83d167afd691da9d7efb9acfe879acecef2e76df7d9e6358d,460671aba0c8644dd54c9a32bc4323614be6d34e1a7d0d53d3d530ad63d08daf
420638,True,False,monitor_enforced,COMPLETED,CONTROLLED_STOP,1,0,1,0,76fb791fafbc6eb83d167afd691da9d7efb9acfe879acecef2e76df7d9e6358d,460671aba0c8644dd54c9a32bc4323614be6d34e1a7d0d53d3d530ad63d08daf
420639,False,False,monitor_enforced,COMPLETED,COMPLETED,0,0,0,0,76fb791fafbc6eb83d167afd691da9d7efb9acfe879acecef2e76df7d9e6358d,460671aba0c8644dd54c9a32bc4323614be6d34e1a7d0d53d3d530ad63d08daf
420640,True,True,logging_only,COMPLETED,CONTROLLED_STOP,1,0,1,0,76fb791fafbc6eb83d167afd691da9d7efb9acfe879acecef2e76df7d9e6358d,460671aba0c8644dd54c9a32bc4323614be6d34e1a7d0d53d3d530ad63d08daf
420641,False,True,logging_only,COMPLETED,COMPLETED,0,0,0,0,76fb791fafbc6eb83d167afd691da9d7efb9acfe879acecef2e76df7d9e6358d,460671aba0c8644dd54c9a32bc4323614be6d34e1a7d0d53d3d530ad63d08daf
420642,True,True,monitor_enforced,COMPLETED,CONTROLLED_STOP,1,0,1,0,76fb791fafbc6eb83d167afd691da9d7efb9acfe879acecef2e76df7d9e6358d,460671aba0c8644dd54c9a32bc4323614be6d34e1a7d0d53d3d530ad63d08daf
420643,False,True,monitor_enforced,COMPLETED,COMPLETED,0,0,0,0,76fb791fafbc6eb83d167afd691da9d7efb9acfe879acecef2e76df7d9e6358d,460671aba0c8644dd54c9a32bc4323614be6d34e1a7d0d53d3d530ad63d08daf
420644,True,False,logging_only,COMPLETED,CONTROLLED_STOP,1,0,1,0,76fb791fafbc6eb83d167afd691da9d7efb9acfe879acecef2e76df7d9e6358d,460671aba0c8644dd54c9a32bc4323614be6d34e1a7d0d53d3d530ad63d08daf
420645,False,False,logging_only,COMPLETED,COMPLETED,0,0,0,0,76fb791fafbc6eb83d167afd691da9d7efb9acfe879acecef2e76df7d9e6358d,460671aba0c8644dd54c9a32bc4323614be6d34e1a7d0d53d3d530ad63d08daf
420646,True,False,monitor_enforced,COMPLETED,CONTROLLED_STOP,1,0,1,0,76fb791fafbc6eb83d167afd691da9d7efb9acfe879acecef2e76df7d9e6358d,460671aba0c8644dd54c9a32bc4323614be6d34e1a7d0d53d3d530ad63d08daf
420647,False,False,monitor_enforced,COMPLETED,COMPLETED,0,0,0,0,76fb791fafbc6eb83d167afd691da9d7efb9acfe879acecef2e76df7d9e6358d,460671aba0c8644dd54c9a32bc4323614be6d34e1a7d0d53d3d530ad63d08daf
420648,True,True,logging_only,COMPLETED,CONTROLLED_STOP,1,0,1,0,76fb791fafbc6eb83d167afd691da9d7efb9acfe879acecef2e76df7d9e6358d,460671aba0c8644dd54c9a32bc4323614be6d34e1a7d0d53d3d530ad63d08daf
420649,False,True,logging_only,COMPLETED,COMPLETED,0,0,0,0,76fb791fafbc6eb83d167afd691da9d7efb9acfe879acecef2e76df7d9e6358d,460671aba0c8644dd54c9a32bc4323614be6d34e1a7d0d53d3d530ad63d08daf
420650,True,True,monitor_enforced,COMPLETED,CONTROLLED_STOP,1,0,1,0,76fb791fafbc6eb83d167afd691da9d7efb9acfe879acecef2e76df7d9e6358d,460671aba0c8644dd54c9a32bc4323614be6d34e1a7d0d53d3d530ad63d08daf
420651,False,True,monitor_enforced,COMPLETED,COMPLETED,0,0,0,0,76fb791fafbc6eb83d167afd691da9d7efb9acfe879acecef2e76df7d9e6358d,460671aba0c8644dd54c9a32bc4323614be6d34e1a7d0d53d3d530ad63d08daf
420652,True,False,logging_only,COMPLETED,CONTROLLED_STOP,1,0,1,0,76fb791fafbc6eb83d167afd691da9d7efb9acfe879acecef2e76df7d9e6358d,460671aba0c8644dd54c9a32bc4323614be6d34e1a7d0d53d3d530ad63d08daf
420653,False,False,logging_only,COMPLETED,COMPLETED,0,0,0,0,76fb791fafbc6eb83d167afd691da9d7efb9acfe879acecef2e76df7d9e6358d,460671aba0c8644dd54c9a32bc4323614be6d34e1a7d0d53d3d530ad63d08daf
420654,True,False,monitor_enforced,COMPLETED,CONTROLLED_STOP,1,0,1,0,76fb791fafbc6eb83d167afd691da9d7efb9acfe879acecef2e76df7d9e6358d,460671aba0c8644dd54c9a32bc4323614be6d34e1a7d0d53d3d530ad63d08daf
420655,False,False,monitor_enforced,COMPLETED,COMPLETED,0,0,0,0,76fb791fafbc6eb83d167afd691da9d7efb9acfe879acecef2e76df7d9e6358d,460671aba0c8644dd54c9a32bc4323614be6d34e1a7d0d53d3d530ad63d08daf
420656,True,True,logging_only,COMPLETED,CONTROLLED_STOP,1,0,1,0,76fb791fafbc6eb83d167afd691da9d7efb9acfe879acecef2e76df7d9e6358d,460671aba0c8644dd54c9a32bc4323614be6d34e1a7d0d53d3d530ad63d08daf
420657,False,True,logging_only,COMPLETED,COMPLETED,0,0,0,0,76fb791fafbc6eb83d167afd691da9d7efb9acfe879acecef2e76df7d9e6358d,460671aba0c8644dd54c9a32bc4323614be6d34e1a7d0d53d3d530ad63d08daf
420658,True,True,monitor_enforced,COMPLETED,CONTROLLED_STOP,1,0,1,0,76fb791fafbc6eb83d167afd691da9d7efb9acfe879acecef2e76df7d9e6358d,460671aba0c8644dd54c9a32bc4323614be6d34e1a7d0d53d3d530ad63d08daf
420659,False,True,monitor_enforced,COMPLETED,COMPLETED,0,0,0,0,76fb791fafbc6eb83d167afd691da9d7efb9acfe879acecef2e76df7d9e6358d,460671aba0c8644dd54c9a32bc4323614be6d34e1a7d0d53d3d530ad63d08daf
420660,True,False,logging_only,COMPLETED,CONTROLLED_STOP,1,0,1,0,76fb791fafbc6eb83d167afd691da9d7efb9acfe879acecef2e76df7d9e6358d,460671aba0c8644dd54c9a32bc4323614be6d34e1a7d0d53d3d530ad63d08daf
420661,False,False,logging_only,COMPLETED,COMPLETED,0,0,0,0,76fb791fafbc6eb83d167afd691da9d7efb9acfe879acecef2e76df7d9e6358d,460671aba0c8644dd54c9a32bc4323614be6d34e1a7d0d53d3d530ad63d08daf
420662,True,False,monitor_enforced,COMPLETED,CONTROLLED_STOP,1,0,1,0,76fb791fafbc6eb83d167afd691da9d7efb9acfe879acecef2e76df7d9e6358d,460671aba0c8644dd54c9a32bc4323614be6d34e1a7d0d53d3d530ad63d08daf
420663,False,False,monitor_enforced,COMPLETED,COMPLETED,0,0,0,0,76fb791fafbc6eb83d167afd691da9d7efb9acfe879acecef2e76df7d9e6358d,460671aba0c8644dd54c9a32bc4323614be6d34e1a7d0d53d3d530ad63d08daf
420664,True,True,logging_only,COMPLETED,CONTROLLED_STOP,1,0,1,0,76fb791fafbc6eb83d167afd691da9d7efb9acfe879acecef2e76df7d9e6358d,460671aba0c8644dd54c9a32bc4323614be6d34e1a7d0d53d3d530ad63d08daf
420665,False,True,logging_only,COMPLETED,COMPLETED,0,0,0,0,76fb791fafbc6eb83d167afd691da9d7efb9acfe879acecef2e76df7d9e6358d,460671aba0c8644dd54c9a32bc4323614be6d34e1a7d0d53d3d530ad63d08daf
420666,True,True,monitor_enforced,COMPLETED,CONTROLLED_STOP,1,0,1,0,76fb791fafbc6eb83d167afd691da9d7efb9acfe879acecef2e76df7d9e6358d,460671aba0c8644dd54c9a32bc4323614be6d34e1a7d0d53d3d530ad63d08daf
420667,False,True,monitor_enforced,COMPLETED,COMPLETED,0,0,0,0,76fb791fafbc6eb83d167afd691da9d7efb9acfe879acecef2e76df7d9e6358d,460671aba0c8644dd54c9a32bc4323614be6d34e1a7d0d53d3d530ad63d08daf
420668,True,False,logging_only,COMPLETED,CONTROLLED_STOP,1,0,1,0,76fb791fafbc6eb83d167afd691da9d7efb9acfe879acecef2e76df7d9e6358d,460671aba0c8644dd54c9a32bc4323614be6d34e1a7d0d53d3d530ad63d08daf
420669,False,False,logging_only,COMPLETED,COMPLETED,0,0,0,0,76fb791fafbc6eb83d167afd691da9d7efb9acfe879acecef2e76df7d9e6358d,460671aba0c8644dd54c9a32bc4323614be6d34e1a7d0d53d3d530ad63d08daf
420670,True,False,monitor_enforced,COMPLETED,CONTROLLED_STOP,1,0,1,0,76fb791fafbc6eb83d167afd691da9d7efb9acfe879acecef2e76df7d9e6358d,460671aba0c8644dd54c9a32bc4323614be6d34e1a7d0d53d3d530ad63d08daf
420671,False,False,monitor_enforced,COMPLETED,COMPLETED,0,0,0,0,76fb791fafbc6eb83d167afd691da9d7efb9acfe879acecef2e76df7d9e6358d,460671aba0c8644dd54c9a32bc4323614be6d34e1a7d0d53d3d530ad63d08daf
420672,True,True,logging_only,COMPLETED,CONTROLLED_STOP,1,0,1,0,76fb791fafbc6eb83d167afd691da9d7efb9acfe879acecef2e76df7d9e6358d,460671aba0c8644dd54c9a32bc4323614be6d34e1a7d0d53d3d530ad63d08daf
420673,False,True,logging_only,COMPLETED,COMPLETED,0,0,0,0,76fb791fafbc6eb83d167afd691da9d7efb9acfe879acecef2e76df7d9e6358d,460671aba0c8644dd54c9a32bc4323614be6d34e1a7d0d53d3d530ad63d08daf
420674,True,True,monitor_enforced,COMPLETED,CONTROLLED_STOP,1,0,1,0,76fb791fafbc6eb83d167afd691da9d7efb9acfe879acecef2e76df7d9e6358d,460671aba0c8644dd54c9a32bc4323614be6d34e1a7d0d53d3d530ad63d08daf
420675,False,True,monitor_enforced,COMPLETED,COMPLETED,0,0,0,0,76fb791fafbc6eb83d167afd691da9d7efb9acfe879acecef2e76df7d9e6358d,460671aba0c8644dd54c9a32bc4323614be6d34e1a7d0d53d3d530ad63d08daf
420676,True,False,logging_only,COMPLETED,CONTROLLED_STOP,1,0,1,0,76fb791fafbc6eb83d167afd691da9d7efb9acfe879acecef2e76df7d9e6358d,460671aba0c8644dd54c9a32bc4323614be6d34e1a7d0d53d3d530ad63d08daf
420677,False,False,logging_only,COMPLETED,COMPLETED,0,0,0,0,76fb791fafbc6eb83d167afd691da9d7efb9acfe879acecef2e76df7d9e6358d,460671aba0c8644dd54c9a32bc4323614be6d34e1a7d0d53d3d530ad63d08daf
420678,True,False,monitor_enforced,COMPLETED,CONTROLLED_STOP,1,0,1,0,76fb791fafbc6eb83d167afd691da9d7efb9acfe879acecef2e76df7d9e6358d,460671aba0c8644dd54c9a32bc4323614be6d34e1a7d0d53d3d530ad63d08daf
420679,False,False,monitor_enforced,COMPLETED,COMPLETED,0,0,0,0,76fb791fafbc6eb83d167afd691da9d7efb9acfe879acecef2e76df7d9e6358d,460671aba0c8644dd54c9a32bc4323614be6d34e1a7d0d53d3d530ad63d08daf
420680,True,True,logging_only,COMPLETED,CONTROLLED_STOP,1,0,1,0,76fb791fafbc6eb83d167afd691da9d7efb9acfe879acecef2e76df7d9e6358d,460671aba0c8644dd54c9a32bc4323614be6d34e1a7d0d53d3d530ad63d08daf
420681,False,True,logging_only,COMPLETED,COMPLETED,0,0,0,0,76fb791fafbc6eb83d167afd691da9d7efb9acfe879acecef2e76df7d9e6358d,460671aba0c8644dd54c9a32bc4323614be6d34e1a7d0d53d3d530ad63d08daf
420682,True,True,monitor_enforced,COMPLETED,CONTROLLED_STOP,1,0,1,0,76fb791fafbc6eb83d167afd691da9d7efb9acfe879acecef2e76df7d9e6358d,460671aba0c8644dd54c9a32bc4323614be6d34e1a7d0d53d3d530ad63d08daf
420683,False,True,monitor_enforced,COMPLETED,COMPLETED,0,0,0,0,76fb791fafbc6eb83d167afd691da9d7efb9acfe879acecef2e76df7d9e6358d,460671aba0c8644dd54c9a32bc4323614be6d34e1a7d0d53d3d530ad63d08daf
420684,True,False,logging_only,COMPLETED,CONTROLLED_STOP,1,0,1,0,76fb791fafbc6eb83d167afd691da9d7efb9acfe879acecef2e76df7d9e6358d,460671aba0c8644dd54c9a32bc4323614be6d34e1a7d0d53d3d530ad63d08daf
420685,False,False,logging_only,COMPLETED,COMPLETED,0,0,0,0,76fb791fafbc6eb83d167afd691da9d7efb9acfe879acecef2e76df7d9e6358d,460671aba0c8644dd54c9a32bc4323614be6d34e1a7d0d53d3d530ad63d08daf
420686,True,False,monitor_enforced,COMPLETED,CONTROLLED_STOP,1,0,1,0,76fb791fafbc6eb83d167afd691da9d7efb9acfe879acecef2e76df7d9e6358d,460671aba0c8644dd54c9a32bc4323614be6d34e1a7d0d53d3d530ad63d08daf
420687,False,False,monitor_enforced,COMPLETED,COMPLETED,0,0,0,0,76fb791fafbc6eb83d167afd691da9d7efb9acfe879acecef2e76df7d9e6358d,460671aba0c8644dd54c9a32bc4323614be6d34e1a7d0d53d3d530ad63d08daf
420688,True,True,logging_only,COMPLETED,CONTROLLED_STOP,1,0,1,0,76fb791fafbc6eb83d167afd691da9d7efb9acfe879acecef2e76df7d9e6358d,460671aba0c8644dd54c9a32bc4323614be6d34e1a7d0d53d3d530ad63d08daf
420689,False,True,logging_only,COMPLETED,COMPLETED,0,0,0,0,76fb791fafbc6eb83d167afd691da9d7efb9acfe879acecef2e76df7d9e6358d,460671aba0c8644dd54c9a32bc4323614be6d34e1a7d0d53d3d530ad63d08daf
420690,True,True,monitor_enforced,COMPLETED,CONTROLLED_STOP,1,0,1,0,76fb791fafbc6eb83d167afd691da9d7efb9acfe879acecef2e76df7d9e6358d,460671aba0c8644dd54c9a32bc4323614be6d34e1a7d0d53d3d530ad63d08daf
420691,False,True,monitor_enforced,COMPLETED,COMPLETED,0,0,0,0,76fb791fafbc6eb83d167afd691da9d7efb9acfe879acecef2e76df7d9e6358d,460671aba0c8644dd54c9a32bc4323614be6d34e1a7d0d53d3d530ad63d08daf
420692,True,False,logging_only,COMPLETED,CONTROLLED_STOP,1,0,1,0,76fb791fafbc6eb83d167afd691da9d7efb9acfe879acecef2e76df7d9e6358d,460671aba0c8644dd54c9a32bc4323614be6d34e1a7d0d53d3d530ad63d08daf
420693,False,False,logging_only,COMPLETED,COMPLETED,0,0,0,0,76fb791fafbc6eb83d167afd691da9d7efb9acfe879acecef2e76df7d9e6358d,460671aba0c8644dd54c9a32bc4323614be6d34e1a7d0d53d3d530ad63d08daf
420694,True,False,monitor_enforced,COMPLETED,CONTROLLED_STOP,1,0,1,0,76fb791fafbc6eb83d167afd691da9d7efb9acfe879acecef2e76df7d9e6358d,460671aba0c8644dd54c9a32bc4323614be6d34e1a7d0d53d3d530ad63d08daf
420695,False,False,monitor_enforced,COMPLETED,COMPLETED,0,0,0,0,76fb791fafbc6eb83d167afd691da9d7efb9acfe879acecef2e76df7d9e6358d,460671aba0c8644dd54c9a32bc4323614be6d34e1a7d0d53d3d530ad63d08daf
420696,True,True,logging_only,COMPLETED,CONTROLLED_STOP,1,0,1,0,76fb791fafbc6eb83d167afd691da9d7efb9acfe879acecef2e76df7d9e6358d,460671aba0c8644dd54c9a32bc4323614be6d34e1a7d0d53d3d530ad63d08daf
420697,False,True,logging_only,COMPLETED,COMPLETED,0,0,0,0,76fb791fafbc6eb83d167afd691da9d7efb9acfe879acecef2e76df7d9e6358d,460671aba0c8644dd54c9a32bc4323614be6d34e1a7d0d53d3d530ad63d08daf
420698,True,True,monitor_enforced,COMPLETED,CONTROLLED_STOP,1,0,1,0,76fb791fafbc6eb83d167afd691da9d7efb9acfe879acecef2e76df7d9e6358d,460671aba0c8644dd54c9a32bc4323614be6d34e1a7d0d53d3d530ad63d08daf
420699,False,True,monitor_enforced,COMPLETED,COMPLETED,0,0,0,0,76fb791fafbc6eb83d167afd691da9d7efb9acfe879acecef2e76df7d9e6358d,460671aba0c8644dd54c9a32bc4323614be6d34e1a7d0d53d3d530ad63d08daf
420700,True,False,logging_only,COMPLETED,CONTROLLED_STOP,1,0,1,0,76fb791fafbc6eb83d167afd691da9d7efb9acfe879acecef2e76df7d9e6358d,460671aba0c8644dd54c9a32bc4323614be6d34e1a7d0d53d3d530ad63d08daf
420701,False,False,logging_only,COMPLETED,COMPLETED,0,0,0,0,76fb791fafbc6eb83d167afd691da9d7efb9acfe879acecef2e76df7d9e6358d,460671aba0c8644dd54c9a32bc4323614be6d34e1a7d0d53d3d530ad63d08daf
420702,True,False,monitor_enforced,COMPLETED,CONTROLLED_STOP,1,0,1,0,76fb791fafbc6eb83d167afd691da9d7efb9acfe879acecef2e76df7d9e6358d,460671aba0c8644dd54c9a32bc4323614be6d34e1a7d0d53d3d530ad63d08daf
420703,False,False,monitor_enforced,COMPLETED,COMPLETED,0,0,0,0,76fb791fafbc6eb83d167afd691da9d7efb9acfe879acecef2e76df7d9e6358d,460671aba0c8644dd54c9a32bc4323614be6d34e1a7d0d53d3d530ad63d08daf
420704,True,True,logging_only,COMPLETED,CONTROLLED_STOP,1,0,1,0,76fb791fafbc6eb83d167afd691da9d7efb9acfe879acecef2e76df7d9e6358d,460671aba0c8644dd54c9a32bc4323614be6d34e1a7d0d53d3d530ad63d08daf
420705,False,True,logging_only,COMPLETED,COMPLETED,0,0,0,0,76fb791fafbc6eb83d167afd691da9d7efb9acfe879acecef2e76df7d9e6358d,460671aba0c8644dd54c9a32bc4323614be6d34e1a7d0d53d3d530ad63d08daf
420706,True,True,monitor_enforced,COMPLETED,CONTROLLED_STOP,1,0,1,0,76fb791fafbc6eb83d167afd691da9d7efb9acfe879acecef2e76df7d9e6358d,460671aba0c8644dd54c9a32bc4323614be6d34e1a7d0d53d3d530ad63d08daf
420707,False,True,monitor_enforced,COMPLETED,COMPLETED,0,0,0,0,76fb791fafbc6eb83d167afd691da9d7efb9acfe879acecef2e76df7d9e6358d,460671aba0c8644dd54c9a32bc4323614be6d34e1a7d0d53d3d530ad63d08daf
420708,True,False,logging_only,COMPLETED,CONTROLLED_STOP,1,0,1,0,76fb791fafbc6eb83d167afd691da9d7efb9acfe879acecef2e76df7d9e6358d,460671aba0c8644dd54c9a32bc4323614be6d34e1a7d0d53d3d530ad63d08daf
420709,False,False,logging_only,COMPLETED,COMPLETED,0,0,0,0,76fb791fafbc6eb83d167afd691da9d7efb9acfe879acecef2e76df7d9e6358d,460671aba0c8644dd54c9a32bc4323614be6d34e1a7d0d53d3d530ad63d08daf
420710,True,False,monitor_enforced,COMPLETED,CONTROLLED_STOP,1,0,1,0,76fb791fafbc6eb83d167afd691da9d7efb9acfe879acecef2e76df7d9e6358d,460671aba0c8644dd54c9a32bc4323614be6d34e1a7d0d53d3d530ad63d08daf
420711,False,False,monitor_enforced,COMPLETED,COMPLETED,0,0,0,0,76fb791fafbc6eb83d167afd691da9d7efb9acfe879acecef2e76df7d9e6358d,460671aba0c8644dd54c9a32bc4323614be6d34e1a7d0d53d3d530ad63d08daf
420712,True,True,logging_only,COMPLETED,CONTROLLED_STOP,1,0,1,0,76fb791fafbc6eb83d167afd691da9d7efb9acfe879acecef2e76df7d9e6358d,460671aba0c8644dd54c9a32bc4323614be6d34e1a7d0d53d3d530ad63d08daf
420713,False,True,logging_only,COMPLETED,COMPLETED,0,0,0,0,76fb791fafbc6eb83d167afd691da9d7efb9acfe879acecef2e76df7d9e6358d,460671aba0c8644dd54c9a32bc4323614be6d34e1a7d0d53d3d530ad63d08daf
420714,True,True,monitor_enforced,COMPLETED,CONTROLLED_STOP,1,0,1,0,76fb791fafbc6eb83d167afd691da9d7efb9acfe879acecef2e76df7d9e6358d,460671aba0c8644dd54c9a32bc4323614be6d34e1a7d0d53d3d530ad63d08daf
420715,False,True,monitor_enforced,COMPLETED,COMPLETED,0,0,0,0,76fb791fafbc6eb83d167afd691da9d7efb9acfe879acecef2e76df7d9e6358d,460671aba0c8644dd54c9a32bc4323614be6d34e1a7d0d53d3d530ad63d08daf
420716,True,False,logging_only,COMPLETED,CONTROLLED_STOP,1,0,1,0,76fb791fafbc6eb83d167afd691da9d7efb9acfe879acecef2e76df7d9e6358d,460671aba0c8644dd54c9a32bc4323614be6d34e1a7d0d53d3d530ad63d08daf
420717,False,False,logging_only,COMPLETED,COMPLETED,0,0,0,0,76fb791fafbc6eb83d167afd691da9d7efb9acfe879acecef2e76df7d9e6358d,460671aba0c8644dd54c9a32bc4323614be6d34e1a7d0d53d3d530ad63d08daf
420718,True,False,monitor_enforced,COMPLETED,CONTROLLED_STOP,1,0,1,0,76fb791fafbc6eb83d167afd691da9d7efb9acfe879acecef2e76df7d9e6358d,460671aba0c8644dd54c9a32bc4323614be6d34e1a7d0d53d3d530ad63d08daf
420719,False,False,monitor_enforced,COMPLETED,COMPLETED,0,0,0,0,76fb791fafbc6eb83d167afd691da9d7efb9acfe879acecef2e76df7d9e6358d,460671aba0c8644dd54c9a32bc4323614be6d34e1a7d0d53d3d530ad63d08daf
420720,True,True,logging_only,COMPLETED,CONTROLLED_STOP,1,0,1,0,76fb791fafbc6eb83d167afd691da9d7efb9acfe879acecef2e76df7d9e6358d,460671aba0c8644dd54c9a32bc4323614be6d34e1a7d0d53d3d530ad63d08daf
420721,False,True,logging_only,COMPLETED,COMPLETED,0,0,0,0,76fb791fafbc6eb83d167afd691da9d7efb9acfe879acecef2e76df7d9e6358d,460671aba0c8644dd54c9a32bc4323614be6d34e1a7d0d53d3d530ad63d08daf
420722,True,True,monitor_enforced,COMPLETED,CONTROLLED_STOP,1,0,1,0,76fb791fafbc6eb83d167afd691da9d7efb9acfe879acecef2e76df7d9e6358d,460671aba0c8644dd54c9a32bc4323614be6d34e1a7d0d53d3d530ad63d08daf
420723,False,True,monitor_enforced,COMPLETED,COMPLETED,0,0,0,0,76fb791fafbc6eb83d167afd691da9d7efb9acfe879acecef2e76df7d9e6358d,460671aba0c8644dd54c9a32bc4323614be6d34e1a7d0d53d3d530ad63d08daf
420724,True,False,logging_only,COMPLETED,CONTROLLED_STOP,1,0,1,0,76fb791fafbc6eb83d167afd691da9d7efb9acfe879acecef2e76df7d9e6358d,460671aba0c8644dd54c9a32bc4323614be6d34e1a7d0d53d3d530ad63d08daf
420725,False,False,logging_only,COMPLETED,COMPLETED,0,0,0,0,76fb791fafbc6eb83d167afd691da9d7efb9acfe879acecef2e76df7d9e6358d,460671aba0c8644dd54c9a32bc4323614be6d34e1a7d0d53d3d530ad63d08daf
420726,True,False,monitor_enforced,COMPLETED,CONTROLLED_STOP,1,0,1,0,76fb791fafbc6eb83d167afd691da9d7efb9acfe879acecef2e76df7d9e6358d,460671aba0c8644dd54c9a32bc4323614be6d34e1a7d0d53d3d530ad63d08daf
420727,False,False,monitor_enforced,COMPLETED,COMPLETED,0,0,0,0,76fb791fafbc6eb83d167afd691da9d7efb9acfe879acecef2e76df7d9e6358d,460671aba0c8644dd54c9a32bc4323614be6d34e1a7d0d53d3d530ad63d08daf
420728,True,True,logging_only,COMPLETED,CONTROLLED_STOP,1,0,1,0,76fb791fafbc6eb83d167afd691da9d7efb9acfe879acecef2e76df7d9e6358d,460671aba0c8644dd54c9a32bc4323614be6d34e1a7d0d53d3d530ad63d08daf
420729,False,True,logging_only,COMPLETED,COMPLETED,0,0,0,0,76fb791fafbc6eb83d167afd691da9d7efb9acfe879acecef2e76df7d9e6358d,460671aba0c8644dd54c9a32bc4323614be6d34e1a7d0d53d3d530ad63d08daf
420730,True,True,monitor_enforced,COMPLETED,CONTROLLED_STOP,1,0,1,0,76fb791fafbc6eb83d167afd691da9d7efb9acfe879acecef2e76df7d9e6358d,460671aba0c8644dd54c9a32bc4323614be6d34e1a7d0d53d3d530ad63d08daf
420731,False,True,monitor_enforced,COMPLETED,COMPLETED,0,0,0,0,76fb791fafbc6eb83d167afd691da9d7efb9acfe879acecef2e76df7d9e6358d,460671aba0c8644dd54c9a32bc4323614be6d34e1a7d0d53d3d530ad63d08daf
420732,True,False,logging_only,COMPLETED,CONTROLLED_STOP,1,0,1,0,76fb791fafbc6eb83d167afd691da9d7efb9acfe879acecef2e76df7d9e6358d,460671aba0c8644dd54c9a32bc4323614be6d34e1a7d0d53d3d530ad63d08daf
420733,False,False,logging_only,COMPLETED,COMPLETED,0,0,0,0,76fb791fafbc6eb83d167afd691da9d7efb9acfe879acecef2e76df7d9e6358d,460671aba0c8644dd54c9a32bc4323614be6d34e1a7d0d53d3d530ad63d08daf
420734,True,False,monitor_enforced,COMPLETED,CONTROLLED_STOP,1,0,1,0,76fb791fafbc6eb83d167afd691da9d7efb9acfe879acecef2e76df7d9e6358d,460671aba0c8644dd54c9a32bc4323614be6d34e1a7d0d53d3d530ad63d08daf
420735,False,False,monitor_enforced,COMPLETED,COMPLETED,0,0,0,0,76fb791fafbc6eb83d167afd691da9d7efb9acfe879acecef2e76df7d9e6358d,460671aba0c8644dd54c9a32bc4323614be6d34e1a7d0d53d3d530ad63d08daf
420736,True,True,logging_only,COMPLETED,CONTROLLED_STOP,1,0,1,0,76fb791fafbc6eb83d167afd691da9d7efb9acfe879acecef2e76df7d9e6358d,460671aba0c8644dd54c9a32bc4323614be6d34e1a7d0d53d3d530ad63d08daf
420737,False,True,logging_only,COMPLETED,COMPLETED,0,0,0,0,76fb791fafbc6eb83d167afd691da9d7efb9acfe879acecef2e76df7d9e6358d,460671aba0c8644dd54c9a32bc4323614be6d34e1a7d0d53d3d530ad63d08daf
420738,True,True,monitor_enforced,COMPLETED,CONTROLLED_STOP,1,0,1,0,76fb791fafbc6eb83d167afd691da9d7efb9acfe879acecef2e76df7d9e6358d,460671aba0c8644dd54c9a32bc4323614be6d34e1a7d0d53d3d530ad63d08daf
420739,False,True,monitor_enforced,COMPLETED,COMPLETED,0,0,0,0,76fb791fafbc6eb83d167afd691da9d7efb9acfe879acecef2e76df7d9e6358d,460671aba0c8644dd54c9a32bc4323614be6d34e1a7d0d53d3d530ad63d08daf
420740,True,False,logging_only,COMPLETED,CONTROLLED_STOP,1,0,1,0,76fb791fafbc6eb83d167afd691da9d7efb9acfe879acecef2e76df7d9e6358d,460671aba0c8644dd54c9a32bc4323614be6d34e1a7d0d53d3d530ad63d08daf
420741,False,False,logging_only,COMPLETED,COMPLETED,0,0,0,0,76fb791fafbc6eb83d167afd691da9d7efb9acfe879acecef2e76df7d9e6358d,460671aba0c8644dd54c9a32bc4323614be6d34e1a7d0d53d3d530ad63d08daf
420742,True,False,monitor_enforced,COMPLETED,CONTROLLED_STOP,1,0,1,0,76fb791fafbc6eb83d167afd691da9d7efb9acfe879acecef2e76df7d9e6358d,460671aba0c8644dd54c9a32bc4323614be6d34e1a7d0d53d3d530ad63d08daf
420743,False,False,monitor_enforced,COMPLETED,COMPLETED,0,0,0,0,76fb791fafbc6eb83d167afd691da9d7efb9acfe879acecef2e76df7d9e6358d,460671aba0c8644dd54c9a32bc4323614be6d34e1a7d0d53d3d530ad63d08daf
420744,True,True,logging_only,COMPLETED,CONTROLLED_STOP,1,0,1,0,76fb791fafbc6eb83d167afd691da9d7efb9acfe879acecef2e76df7d9e6358d,460671aba0c8644dd54c9a32bc4323614be6d34e1a7d0d53d3d530ad63d08daf
420745,False,True,logging_only,COMPLETED,COMPLETED,0,0,0,0,76fb791fafbc6eb83d167afd691da9d7efb9acfe879acecef2e76df7d9e6358d,460671aba0c8644dd54c9a32bc4323614be6d34e1a7d0d53d3d530ad63d08daf
420746,True,True,monitor_enforced,COMPLETED,CONTROLLED_STOP,1,0,1,0,76fb791fafbc6eb83d167afd691da9d7efb9acfe879acecef2e76df7d9e6358d,460671aba0c8644dd54c9a32bc4323614be6d34e1a7d0d53d3d530ad63d08daf
420747,False,True,monitor_enforced,COMPLETED,COMPLETED,0,0,0,0,76fb791fafbc6eb83d167afd691da9d7efb9acfe879acecef2e76df7d9e6358d,460671aba0c8644dd54c9a32bc4323614be6d34e1a7d0d53d3d530ad63d08daf
420748,True,False,logging_only,COMPLETED,CONTROLLED_STOP,1,0,1,0,76fb791fafbc6eb83d167afd691da9d7efb9acfe879acecef2e76df7d9e6358d,460671aba0c8644dd54c9a32bc4323614be6d34e1a7d0d53d3d530ad63d08daf
420749,False,False,logging_only,COMPLETED,COMPLETED,0,0,0,0,76fb791fafbc6eb83d167afd691da9d7efb9acfe879acecef2e76df7d9e6358d,460671aba0c8644dd54c9a32bc4323614be6d34e1a7d0d53d3d530ad63d08daf
420750,True,False,monitor_enforced,COMPLETED,CONTROLLED_STOP,1,0,1,0,76fb791fafbc6eb83d167afd691da9d7efb9acfe879acecef2e76df7d9e6358d,460671aba0c8644dd54c9a32bc4323614be6d34e1a7d0d53d3d530ad63d08daf
420751,False,False,monitor_enforced,COMPLETED,COMPLETED,0,0,0,0,76fb791fafbc6eb83d167afd691da9d7efb9acfe879acecef2e76df7d9e6358d,460671aba0c8644dd54c9a32bc4323614be6d34e1a7d0d53d3d530ad63d08daf
420752,True,True,logging_only,COMPLETED,CONTROLLED_STOP,1,0,1,0,76fb791fafbc6eb83d167afd691da9d7efb9acfe879acecef2e76df7d9e6358d,460671aba0c8644dd54c9a32bc4323614be6d34e1a7d0d53d3d530ad63d08daf
420753,False,True,logging_only,COMPLETED,COMPLETED,0,0,0,0,76fb791fafbc6eb83d167afd691da9d7efb9acfe879acecef2e76df7d9e6358d,460671aba0c8644dd54c9a32bc4323614be6d34e1a7d0d53d3d530ad63d08daf
420754,True,True,monitor_enforced,COMPLETED,CONTROLLED_STOP,1,0,1,0,76fb791fafbc6eb83d167afd691da9d7efb9acfe879acecef2e76df7d9e6358d,460671aba0c8644dd54c9a32bc4323614be6d34e1a7d0d53d3d530ad63d08daf
420755,False,True,monitor_enforced,COMPLETED,COMPLETED,0,0,0,0,76fb791fafbc6eb83d167afd691da9d7efb9acfe879acecef2e76df7d9e6358d,460671aba0c8644dd54c9a32bc4323614be6d34e1a7d0d53d3d530ad63d08daf
420756,True,False,logging_only,COMPLETED,CONTROLLED_STOP,1,0,1,0,76fb791fafbc6eb83d167afd691da9d7efb9acfe879acecef2e76df7d9e6358d,460671aba0c8644dd54c9a32bc4323614be6d34e1a7d0d53d3d530ad63d08daf
420757,False,False,logging_only,COMPLETED,COMPLETED,0,0,0,0,76fb791fafbc6eb83d167afd691da9d7efb9acfe879acecef2e76df7d9e6358d,460671aba0c8644dd54c9a32bc4323614be6d34e1a7d0d53d3d530ad63d08daf
420758,True,False,monitor_enforced,COMPLETED,CONTROLLED_STOP,1,0,1,0,76fb791fafbc6eb83d167afd691da9d7efb9acfe879acecef2e76df7d9e6358d,460671aba0c8644dd54c9a32bc4323614be6d34e1a7d0d53d3d530ad63d08daf
420759,False,False,monitor_enforced,COMPLETED,COMPLETED,0,0,0,0,76fb791fafbc6eb83d167afd691da9d7efb9acfe879acecef2e76df7d9e6358d,460671aba0c8644dd54c9a32bc4323614be6d34e1a7d0d53d3d530ad63d08daf
420760,True,True,logging_only,COMPLETED,CONTROLLED_STOP,1,0,1,0,76fb791fafbc6eb83d167afd691da9d7efb9acfe879acecef2e76df7d9e6358d,460671aba0c8644dd54c9a32bc4323614be6d34e1a7d0d53d3d530ad63d08daf
420761,False,True,logging_only,COMPLETED,COMPLETED,0,0,0,0,76fb791fafbc6eb83d167afd691da9d7efb9acfe879acecef2e76df7d9e6358d,460671aba0c8644dd54c9a32bc4323614be6d34e1a7d0d53d3d530ad63d08daf
420762,True,True,monitor_enforced,COMPLETED,CONTROLLED_STOP,1,0,1,0,76fb791fafbc6eb83d167afd691da9d7efb9acfe879acecef2e76df7d9e6358d,460671aba0c8644dd54c9a32bc4323614be6d34e1a7d0d53d3d530ad63d08daf
420763,False,True,monitor_enforced,COMPLETED,COMPLETED,0,0,0,0,76fb791fafbc6eb83d167afd691da9d7efb9acfe879acecef2e76df7d9e6358d,460671aba0c8644dd54c9a32bc4323614be6d34e1a7d0d53d3d530ad63d08daf
420764,True,False,logging_only,COMPLETED,CONTROLLED_STOP,1,0,1,0,76fb791fafbc6eb83d167afd691da9d7efb9acfe879acecef2e76df7d9e6358d,460671aba0c8644dd54c9a32bc4323614be6d34e1a7d0d53d3d530ad63d08daf
420765,False,False,logging_only,COMPLETED,COMPLETED,0,0,0,0,76fb791fafbc6eb83d167afd691da9d7efb9acfe879acecef2e76df7d9e6358d,460671aba0c8644dd54c9a32bc4323614be6d34e1a7d0d53d3d530ad63d08daf
420766,True,False,monitor_enforced,COMPLETED,CONTROLLED_STOP,1,0,1,0,76fb791fafbc6eb83d167afd691da9d7efb9acfe879acecef2e76df7d9e6358d,460671aba0c8644dd54c9a32bc4323614be6d34e1a7d0d53d3d530ad63d08daf
420767,False,False,monitor_enforced,COMPLETED,COMPLETED,0,0,0,0,76fb791fafbc6eb83d167afd691da9d7efb9acfe879acecef2e76df7d9e6358d,460671aba0c8644dd54c9a32bc4323614be6d34e1a7d0d53d3d530ad63d08daf
420768,True,True,logging_only,COMPLETED,CONTROLLED_STOP,1,0,1,0,76fb791fafbc6eb83d167afd691da9d7efb9acfe879acecef2e76df7d9e6358d,460671aba0c8644dd54c9a32bc4323614be6d34e1a7d0d53d3d530ad63d08daf
420769,False,True,logging_only,COMPLETED,COMPLETED,0,0,0,0,76fb791fafbc6eb83d167afd691da9d7efb9acfe879acecef2e76df7d9e6358d,460671aba0c8644dd54c9a32bc4323614be6d34e1a7d0d53d3d530ad63d08daf
420770,True,True,monitor_enforced,COMPLETED,CONTROLLED_STOP,1,0,1,0,76fb791fafbc6eb83d167afd691da9d7efb9acfe879acecef2e76df7d9e6358d,460671aba0c8644dd54c9a32bc4323614be6d34e1a7d0d53d3d530ad63d08daf
420771,False,True,monitor_enforced,COMPLETED,COMPLETED,0,0,0,0,76fb791fafbc6eb83d167afd691da9d7efb9acfe879acecef2e76df7d9e6358d,460671aba0c8644dd54c9a32bc4323614be6d34e1a7d0d53d3d530ad63d08daf
420772,True,False,logging_only,COMPLETED,CONTROLLED_STOP,1,0,1,0,76fb791fafbc6eb83d167afd691da9d7efb9acfe879acecef2e76df7d9e6358d,460671aba0c8644dd54c9a32bc4323614be6d34e1a7d0d53d3d530ad63d08daf
420773,False,False,logging_only,COMPLETED,COMPLETED,0,0,0,0,76fb791fafbc6eb83d167afd691da9d7efb9acfe879acecef2e76df7d9e6358d,460671aba0c8644dd54c9a32bc4323614be6d34e1a7d0d53d3d530ad63d08daf
420774,True,False,monitor_enforced,COMPLETED,CONTROLLED_STOP,1,0,1,0,76fb791fafbc6eb83d167afd691da9d7efb9acfe879acecef2e76df7d9e6358d,460671aba0c8644dd54c9a32bc4323614be6d34e1a7d0d53d3d530ad63d08daf
420775,False,False,monitor_enforced,COMPLETED,COMPLETED,0,0,0,0,76fb791fafbc6eb83d167afd691da9d7efb9acfe879acecef2e76df7d9e6358d,460671aba0c8644dd54c9a32bc4323614be6d34e1a7d0d53d3d530ad63d08daf
420776,True,True,logging_only,COMPLETED,CONTROLLED_STOP,1,0,1,0,76fb791fafbc6eb83d167afd691da9d7efb9acfe879acecef2e76df7d9e6358d,460671aba0c8644dd54c9a32bc4323614be6d34e1a7d0d53d3d530ad63d08daf
420777,False,True,logging_only,COMPLETED,COMPLETED,0,0,0,0,76fb791fafbc6eb83d167afd691da9d7efb9acfe879acecef2e76df7d9e6358d,460671aba0c8644dd54c9a32bc4323614be6d34e1a7d0d53d3d530ad63d08daf
420778,True,True,monitor_enforced,COMPLETED,CONTROLLED_STOP,1,0,1,0,76fb791fafbc6eb83d167afd691da9d7efb9acfe879acecef2e76df7d9e6358d,460671aba0c8644dd54c9a32bc4323614be6d34e1a7d0d53d3d530ad63d08daf
420779,False,True,monitor_enforced,COMPLETED,COMPLETED,0,0,0,0,76fb791fafbc6eb83d167afd691da9d7efb9acfe879acecef2e76df7d9e6358d,460671aba0c8644dd54c9a32bc4323614be6d34e1a7d0d53d3d530ad63d08daf
420780,True,False,logging_only,COMPLETED,CONTROLLED_STOP,1,0,1,0,76fb791fafbc6eb83d167afd691da9d7efb9acfe879acecef2e76df7d9e6358d,460671aba0c8644dd54c9a32bc4323614be6d34e1a7d0d53d3d530ad63d08daf
420781,False,False,logging_only,COMPLETED,COMPLETED,0,0,0,0,76fb791fafbc6eb83d167afd691da9d7efb9acfe879acecef2e76df7d9e6358d,460671aba0c8644dd54c9a32bc4323614be6d34e1a7d0d53d3d530ad63d08daf
420782,True,False,monitor_enforced,COMPLETED,CONTROLLED_STOP,1,0,1,0,76fb791fafbc6eb83d167afd691da9d7efb9acfe879acecef2e76df7d9e6358d,460671aba0c8644dd54c9a32bc4323614be6d34e1a7d0d53d3d530ad63d08daf
420783,False,False,monitor_enforced,COMPLETED,COMPLETED,0,0,0,0,76fb791fafbc6eb83d167afd691da9d7efb9acfe879acecef2e76df7d9e6358d,460671aba0c8644dd54c9a32bc4323614be6d34e1a7d0d53d3d530ad63d08daf
420784,True,True,logging_only,COMPLETED,CONTROLLED_STOP,1,0,1,0,76fb791fafbc6eb83d167afd691da9d7efb9acfe879acecef2e76df7d9e6358d,460671aba0c8644dd54c9a32bc4323614be6d34e1a7d0d53d3d530ad63d08daf
420785,False,True,logging_only,COMPLETED,COMPLETED,0,0,0,0,76fb791fafbc6eb83d167afd691da9d7efb9acfe879acecef2e76df7d9e6358d,460671aba0c8644dd54c9a32bc4323614be6d34e1a7d0d53d3d530ad63d08daf
420786,True,True,monitor_enforced,COMPLETED,CONTROLLED_STOP,1,0,1,0,76fb791fafbc6eb83d167afd691da9d7efb9acfe879acecef2e76df7d9e6358d,460671aba0c8644dd54c9a32bc4323614be6d34e1a7d0d53d3d530ad63d08daf
420787,False,True,monitor_enforced,COMPLETED,COMPLETED,0,0,0,0,76fb791fafbc6eb83d167afd691da9d7efb9acfe879acecef2e76df7d9e6358d,460671aba0c8644dd54c9a32bc4323614be6d34e1a7d0d53d3d530ad63d08daf
420788,True,False,logging_only,COMPLETED,CONTROLLED_STOP,1,0,1,0,76fb791fafbc6eb83d167afd691da9d7efb9acfe879acecef2e76df7d9e6358d,460671aba0c8644dd54c9a32bc4323614be6d34e1a7d0d53d3d530ad63d08daf
420789,False,False,logging_only,COMPLETED,COMPLETED,0,0,0,0,76fb791fafbc6eb83d167afd691da9d7efb9acfe879acecef2e76df7d9e6358d,460671aba0c8644dd54c9a32bc4323614be6d34e1a7d0d53d3d530ad63d08daf
420790,True,False,monitor_enforced,COMPLETED,CONTROLLED_STOP,1,0,1,0,76fb791fafbc6eb83d167afd691da9d7efb9acfe879acecef2e76df7d9e6358d,460671aba0c8644dd54c9a32bc4323614be6d34e1a7d0d53d3d530ad63d08daf
420791,False,False,monitor_enforced,COMPLETED,COMPLETED,0,0,0,0,76fb791fafbc6eb83d167afd691da9d7efb9acfe879acecef2e76df7d9e6358d,460671aba0c8644dd54c9a32bc4323614be6d34e1a7d0d53d3d530ad63d08daf
420792,True,True,logging_only,COMPLETED,CONTROLLED_STOP,1,0,1,0,76fb791fafbc6eb83d167afd691da9d7efb9acfe879acecef2e76df7d9e6358d,460671aba0c8644dd54c9a32bc4323614be6d34e1a7d0d53d3d530ad63d08daf
420793,False,True,logging_only,COMPLETED,COMPLETED,0,0,0,0,76fb791fafbc6eb83d167afd691da9d7efb9acfe879acecef2e76df7d9e6358d,460671aba0c8644dd54c9a32bc4323614be6d34e1a7d0d53d3d530ad63d08daf
420794,True,True,monitor_enforced,COMPLETED,CONTROLLED_STOP,1,0,1,0,76fb791fafbc6eb83d167afd691da9d7efb9acfe879acecef2e76df7d9e6358d,460671aba0c8644dd54c9a32bc4323614be6d34e1a7d0d53d3d530ad63d08daf
420795,False,True,monitor_enforced,COMPLETED,COMPLETED,0,0,0,0,76fb791fafbc6eb83d167afd691da9d7efb9acfe879acecef2e76df7d9e6358d,460671aba0c8644dd54c9a32bc4323614be6d34e1a7d0d53d3d530ad63d08daf
420796,True,False,logging_only,COMPLETED,CONTROLLED_STOP,1,0,1,0,76fb791fafbc6eb83d167afd691da9d7efb9acfe879acecef2e76df7d9e6358d,460671aba0c8644dd54c9a32bc4323614be6d34e1a7d0d53d3d530ad63d08daf
420797,False,False,logging_only,COMPLETED,COMPLETED,0,0,0,0,76fb791fafbc6eb83d167afd691da9d7efb9acfe879acecef2e76df7d9e6358d,460671aba0c8644dd54c9a32bc4323614be6d34e1a7d0d53d3d530ad63d08daf
420798,True,False,monitor_enforced,COMPLETED,CONTROLLED_STOP,1,0,1,0,76fb791fafbc6eb83d167afd691da9d7efb9acfe879acecef2e76df7d9e6358d,460671aba0c8644dd54c9a32bc4323614be6d34e1a7d0d53d3d530ad63d08daf
420799,False,False,monitor_enforced,COMPLETED,COMPLETED,0,0,0,0,76fb791fafbc6eb83d167afd691da9d7efb9acfe879acecef2e76df7d9e6358d,460671aba0c8644dd54c9a32bc4323614be6d34e1a7d0d53d3d530ad63d08daf
420800,True,True,logging_only,COMPLETED,CONTROLLED_STOP,1,0,1,0,76fb791fafbc6eb83d167afd691da9d7efb9acfe879acecef2e76df7d9e6358d,460671aba0c8644dd54c9a32bc4323614be6d34e1a7d0d53d3d530ad63d08daf
420801,False,True,logging_only,COMPLETED,COMPLETED,0,0,0,0,76fb791fafbc6eb83d167afd691da9d7efb9acfe879acecef2e76df7d9e6358d,460671aba0c8644dd54c9a32bc4323614be6d34e1a7d0d53d3d530ad63d08daf
420802,True,True,monitor_enforced,COMPLETED,CONTROLLED_STOP,1,0,1,0,76fb791fafbc6eb83d167afd691da9d7efb9acfe879acecef2e76df7d9e6358d,460671aba0c8644dd54c9a32bc4323614be6d34e1a7d0d53d3d530ad63d08daf
420803,False,True,monitor_enforced,COMPLETED,COMPLETED,0,0,0,0,76fb791fafbc6eb83d167afd691da9d7efb9acfe879acecef2e76df7d9e6358d,460671aba0c8644dd54c9a32bc4323614be6d34e1a7d0d53d3d530ad63d08daf
420804,True,False,logging_only,COMPLETED,CONTROLLED_STOP,1,0,1,0,76fb791fafbc6eb83d167afd691da9d7efb9acfe879acecef2e76df7d9e6358d,460671aba0c8644dd54c9a32bc4323614be6d34e1a7d0d53d3d530ad63d08daf
420805,False,False,logging_only,COMPLETED,COMPLETED,0,0,0,0,76fb791fafbc6eb83d167afd691da9d7efb9acfe879acecef2e76df7d9e6358d,460671aba0c8644dd54c9a32bc4323614be6d34e1a7d0d53d3d530ad63d08daf
420806,True,False,monitor_enforced,COMPLETED,CONTROLLED_STOP,1,0,1,0,76fb791fafbc6eb83d167afd691da9d7efb9acfe879acecef2e76df7d9e6358d,460671aba0c8644dd54c9a32bc4323614be6d34e1a7d0d53d3d530ad63d08daf
420807,False,False,monitor_enforced,COMPLETED,COMPLETED,0,0,0,0,76fb791fafbc6eb83d167afd691da9d7efb9acfe879acecef2e76df7d9e6358d,460671aba0c8644dd54c9a32bc4323614be6d34e1a7d0d53d3d530ad63d08daf
420808,True,True,logging_only,COMPLETED,CONTROLLED_STOP,1,0,1,0,76fb791fafbc6eb83d167afd691da9d7efb9acfe879acecef2e76df7d9e6358d,460671aba0c8644dd54c9a32bc4323614be6d34e1a7d0d53d3d530ad63d08daf
420809,False,True,logging_only,COMPLETED,COMPLETED,0,0,0,0,76fb791fafbc6eb83d167afd691da9d7efb9acfe879acecef2e76df7d9e6358d,460671aba0c8644dd54c9a32bc4323614be6d34e1a7d0d53d3d530ad63d08daf
420810,True,True,monitor_enforced,COMPLETED,CONTROLLED_STOP,1,0,1,0,76fb791fafbc6eb83d167afd691da9d7efb9acfe879acecef2e76df7d9e6358d,460671aba0c8644dd54c9a32bc4323614be6d34e1a7d0d53d3d530ad63d08daf
420811,False,True,monitor_enforced,COMPLETED,COMPLETED,0,0,0,0,76fb791fafbc6eb83d167afd691da9d7efb9acfe879acecef2e76df7d9e6358d,460671aba0c8644dd54c9a32bc4323614be6d34e1a7d0d53d3d530ad63d08daf
420812,True,False,logging_only,COMPLETED,CONTROLLED_STOP,1,0,1,0,76fb791fafbc6eb83d167afd691da9d7efb9acfe879acecef2e76df7d9e6358d,460671aba0c8644dd54c9a32bc4323614be6d34e1a7d0d53d3d530ad63d08daf
420813,False,False,logging_only,COMPLETED,COMPLETED,0,0,0,0,76fb791fafbc6eb83d167afd691da9d7efb9acfe879acecef2e76df7d9e6358d,460671aba0c8644dd54c9a32bc4323614be6d34e1a7d0d53d3d530ad63d08daf
420814,True,False,monitor_enforced,COMPLETED,CONTROLLED_STOP,1,0,1,0,76fb791fafbc6eb83d167afd691da9d7efb9acfe879acecef2e76df7d9e6358d,460671aba0c8644dd54c9a32bc4323614be6d34e1a7d0d53d3d530ad63d08daf
420815,False,False,monitor_enforced,COMPLETED,COMPLETED,0,0,0,0,76fb791fafbc6eb83d167afd691da9d7efb9acfe879acecef2e76df7d9e6358d,460671aba0c8644dd54c9a32bc4323614be6d34e1a7d0d53d3d530ad63d08daf
420816,True,True,logging_only,COMPLETED,CONTROLLED_STOP,1,0,1,0,76fb791fafbc6eb83d167afd691da9d7efb9acfe879acecef2e76df7d9e6358d,460671aba0c8644dd54c9a32bc4323614be6d34e1a7d0d53d3d530ad63d08daf
420817,False,True,logging_only,COMPLETED,COMPLETED,0,0,0,0,76fb791fafbc6eb83d167afd691da9d7efb9acfe879acecef2e76df7d9e6358d,460671aba0c8644dd54c9a32bc4323614be6d34e1a7d0d53d3d530ad63d08daf
420818,True,True,monitor_enforced,COMPLETED,CONTROLLED_STOP,1,0,1,0,76fb791fafbc6eb83d167afd691da9d7efb9acfe879acecef2e76df7d9e6358d,460671aba0c8644dd54c9a32bc4323614be6d34e1a7d0d53d3d530ad63d08daf
420819,False,True,monitor_enforced,COMPLETED,COMPLETED,0,0,0,0,76fb791fafbc6eb83d167afd691da9d7efb9acfe879acecef2e76df7d9e6358d,460671aba0c8644dd54c9a32bc4323614be6d34e1a7d0d53d3d530ad63d08daf
420820,True,False,logging_only,COMPLETED,CONTROLLED_STOP,1,0,1,0,76fb791fafbc6eb83d167afd691da9d7efb9acfe879acecef2e76df7d9e6358d,460671aba0c8644dd54c9a32bc4323614be6d34e1a7d0d53d3d530ad63d08daf
420821,False,False,logging_only,COMPLETED,COMPLETED,0,0,0,0,76fb791fafbc6eb83d167afd691da9d7efb9acfe879acecef2e76df7d9e6358d,460671aba0c8644dd54c9a32bc4323614be6d34e1a7d0d53d3d530ad63d08daf
420822,True,False,monitor_enforced,COMPLETED,CONTROLLED_STOP,1,0,1,0,76fb791fafbc6eb83d167afd691da9d7efb9acfe879acecef2e76df7d9e6358d,460671aba0c8644dd54c9a32bc4323614be6d34e1a7d0d53d3d530ad63d08daf
420823,False,False,monitor_enforced,COMPLETED,COMPLETED,0,0,0,0,76fb791fafbc6eb83d167afd691da9d7efb9acfe879acecef2e76df7d9e6358d,460671aba0c8644dd54c9a32bc4323614be6d34e1a7d0d53d3d530ad63d08daf
420824,True,True,logging_only,COMPLETED,CONTROLLED_STOP,1,0,1,0,76fb791fafbc6eb83d167afd691da9d7efb9acfe879acecef2e76df7d9e6358d,460671aba0c8644dd54c9a32bc4323614be6d34e1a7d0d53d3d530ad63d08daf
420825,False,True,logging_only,COMPLETED,COMPLETED,0,0,0,0,76fb791fafbc6eb83d167afd691da9d7efb9acfe879acecef2e76df7d9e6358d,460671aba0c8644dd54c9a32bc4323614be6d34e1a7d0d53d3d530ad63d08daf
420826,True,True,monitor_enforced,COMPLETED,CONTROLLED_STOP,1,0,1,0,76fb791fafbc6eb83d167afd691da9d7efb9acfe879acecef2e76df7d9e6358d,460671aba0c8644dd54c9a32bc4323614be6d34e1a7d0d53d3d530ad63d08daf
420827,False,True,monitor_enforced,COMPLETED,COMPLETED,0,0,0,0,76fb791fafbc6eb83d167afd691da9d7efb9acfe879acecef2e76df7d9e6358d,460671aba0c8644dd54c9a32bc4323614be6d34e1a7d0d53d3d530ad63d08daf
420828,True,False,logging_only,COMPLETED,CONTROLLED_STOP,1,0,1,0,76fb791fafbc6eb83d167afd691da9d7efb9acfe879acecef2e76df7d9e6358d,460671aba0c8644dd54c9a32bc4323614be6d34e1a7d0d53d3d530ad63d08daf
420829,False,False,logging_only,COMPLETED,COMPLETED,0,0,0,0,76fb791fafbc6eb83d167afd691da9d7efb9acfe879acecef2e76df7d9e6358d,460671aba0c8644dd54c9a32bc4323614be6d34e1a7d0d53d3d530ad63d08daf
420830,True,False,monitor_enforced,COMPLETED,CONTROLLED_STOP,1,0,1,0,76fb791fafbc6eb83d167afd691da9d7efb9acfe879acecef2e76df7d9e6358d,460671aba0c8644dd54c9a32bc4323614be6d34e1a7d0d53d3d530ad63d08daf
420831,False,False,monitor_enforced,COMPLETED,COMPLETED,0,0,0,0,76fb791fafbc6eb83d167afd691da9d7efb9acfe879acecef2e76df7d9e6358d,460671aba0c8644dd54c9a32bc4323614be6d34e1a7d0d53d3d530ad63d08daf
420832,True,True,logging_only,COMPLETED,CONTROLLED_STOP,1,0,1,0,76fb791fafbc6eb83d167afd691da9d7efb9acfe879acecef2e76df7d9e6358d,460671aba0c8644dd54c9a32bc4323614be6d34e1a7d0d53d3d530ad63d08daf
420833,False,True,logging_only,COMPLETED,COMPLETED,0,0,0,0,76fb791fafbc6eb83d167afd691da9d7efb9acfe879acecef2e76df7d9e6358d,460671aba0c8644dd54c9a32bc4323614be6d34e1a7d0d53d3d530ad63d08daf
420834,True,True,monitor_enforced,COMPLETED,CONTROLLED_STOP,1,0,1,0,76fb791fafbc6eb83d167afd691da9d7efb9acfe879acecef2e76df7d9e6358d,460671aba0c8644dd54c9a32bc4323614be6d34e1a7d0d53d3d530ad63d08daf
420835,False,True,monitor_enforced,COMPLETED,COMPLETED,0,0,0,0,76fb791fafbc6eb83d167afd691da9d7efb9acfe879acecef2e76df7d9e6358d,460671aba0c8644dd54c9a32bc4323614be6d34e1a7d0d53d3d530ad63d08daf
420836,True,False,logging_only,COMPLETED,CONTROLLED_STOP,1,0,1,0,76fb791fafbc6eb83d167afd691da9d7efb9acfe879acecef2e76df7d9e6358d,460671aba0c8644dd54c9a32bc4323614be6d34e1a7d0d53d3d530ad63d08daf
420837,False,False,logging_only,COMPLETED,COMPLETED,0,0,0,0,76fb791fafbc6eb83d167afd691da9d7efb9acfe879acecef2e76df7d9e6358d,460671aba0c8644dd54c9a32bc4323614be6d34e1a7d0d53d3d530ad63d08daf
420838,True,False,monitor_enforced,COMPLETED,CONTROLLED_STOP,1,0,1,0,76fb791fafbc6eb83d167afd691da9d7efb9acfe879acecef2e76df7d9e6358d,460671aba0c8644dd54c9a32bc4323614be6d34e1a7d0d53d3d530ad63d08daf
420839,False,False,monitor_enforced,COMPLETED,COMPLETED,0,0,0,0,76fb791fafbc6eb83d167afd691da9d7efb9acfe879acecef2e76df7d9e6358d,460671aba0c8644dd54c9a32bc4323614be6d34e1a7d0d53d3d530ad63d08daf
420840,True,True,logging_only,COMPLETED,CONTROLLED_STOP,1,0,1,0,76fb791fafbc6eb83d167afd691da9d7efb9acfe879acecef2e76df7d9e6358d,460671aba0c8644dd54c9a32bc4323614be6d34e1a7d0d53d3d530ad63d08daf
420841,False,True,logging_only,COMPLETED,COMPLETED,0,0,0,0,76fb791fafbc6eb83d167afd691da9d7efb9acfe879acecef2e76df7d9e6358d,460671aba0c8644dd54c9a32bc4323614be6d34e1a7d0d53d3d530ad63d08daf
420842,True,True,monitor_enforced,COMPLETED,CONTROLLED_STOP,1,0,1,0,76fb791fafbc6eb83d167afd691da9d7efb9acfe879acecef2e76df7d9e6358d,460671aba0c8644dd54c9a32bc4323614be6d34e1a7d0d53d3d530ad63d08daf
420843,False,True,monitor_enforced,COMPLETED,COMPLETED,0,0,0,0,76fb791fafbc6eb83d167afd691da9d7efb9acfe879acecef2e76df7d9e6358d,460671aba0c8644dd54c9a32bc4323614be6d34e1a7d0d53d3d530ad63d08daf
420844,True,False,logging_only,COMPLETED,CONTROLLED_STOP,1,0,1,0,76fb791fafbc6eb83d167afd691da9d7efb9acfe879acecef2e76df7d9e6358d,460671aba0c8644dd54c9a32bc4323614be6d34e1a7d0d53d3d530ad63d08daf
420845,False,False,logging_only,COMPLETED,COMPLETED,0,0,0,0,76fb791fafbc6eb83d167afd691da9d7efb9acfe879acecef2e76df7d9e6358d,460671aba0c8644dd54c9a32bc4323614be6d34e1a7d0d53d3d530ad63d08daf
420846,True,False,monitor_enforced,COMPLETED,CONTROLLED_STOP,1,0,1,0,76fb791fafbc6eb83d167afd691da9d7efb9acfe879acecef2e76df7d9e6358d,460671aba0c8644dd54c9a32bc4323614be6d34e1a7d0d53d3d530ad63d08daf
420847,False,False,monitor_enforced,COMPLETED,COMPLETED,0,0,0,0,76fb791fafbc6eb83d167afd691da9d7efb9acfe879acecef2e76df7d9e6358d,460671aba0c8644dd54c9a32bc4323614be6d34e1a7d0d53d3d530ad63d08daf
420848,True,True,logging_only,COMPLETED,CONTROLLED_STOP,1,0,1,0,76fb791fafbc6eb83d167afd691da9d7efb9acfe879acecef2e76df7d9e6358d,460671aba0c8644dd54c9a32bc4323614be6d34e1a7d0d53d3d530ad63d08daf
420849,False,True,logging_only,COMPLETED,COMPLETED,0,0,0,0,76fb791fafbc6eb83d167afd691da9d7efb9acfe879acecef2e76df7d9e6358d,460671aba0c8644dd54c9a32bc4323614be6d34e1a7d0d53d3d530ad63d08daf
420850,True,True,monitor_enforced,COMPLETED,CONTROLLED_STOP,1,0,1,0,76fb791fafbc6eb83d167afd691da9d7efb9acfe879acecef2e76df7d9e6358d,460671aba0c8644dd54c9a32bc4323614be6d34e1a7d0d53d3d530ad63d08daf
420851,False,True,monitor_enforced,COMPLETED,COMPLETED,0,0,0,0,76fb791fafbc6eb83d167afd691da9d7efb9acfe879acecef2e76df7d9e6358d,460671aba0c8644dd54c9a32bc4323614be6d34e1a7d0d53d3d530ad63d08daf
420852,True,False,logging_only,COMPLETED,CONTROLLED_STOP,1,0,1,0,76fb791fafbc6eb83d167afd691da9d7efb9acfe879acecef2e76df7d9e6358d,460671aba0c8644dd54c9a32bc4323614be6d34e1a7d0d53d3d530ad63d08daf
420853,False,False,logging_only,COMPLETED,COMPLETED,0,0,0,0,76fb791fafbc6eb83d167afd691da9d7efb9acfe879acecef2e76df7d9e6358d,460671aba0c8644dd54c9a32bc4323614be6d34e1a7d0d53d3d530ad63d08daf
420854,True,False,monitor_enforced,COMPLETED,CONTROLLED_STOP,1,0,1,0,76fb791fafbc6eb83d167afd691da9d7efb9acfe879acecef2e76df7d9e6358d,460671aba0c8644dd54c9a32bc4323614be6d34e1a7d0d53d3d530ad63d08daf
420855,False,False,monitor_enforced,COMPLETED,COMPLETED,0,0,0,0,76fb791fafbc6eb83d167afd691da9d7efb9acfe879acecef2e76df7d9e6358d,460671aba0c8644dd54c9a32bc4323614be6d34e1a7d0d53d3d530ad63d08daf
420856,True,True,logging_only,COMPLETED,CONTROLLED_STOP,1,0,1,0,76fb791fafbc6eb83d167afd691da9d7efb9acfe879acecef2e76df7d9e6358d,460671aba0c8644dd54c9a32bc4323614be6d34e1a7d0d53d3d530ad63d08daf
420857,False,True,logging_only,COMPLETED,COMPLETED,0,0,0,0,76fb791fafbc6eb83d167afd691da9d7efb9acfe879acecef2e76df7d9e6358d,460671aba0c8644dd54c9a32bc4323614be6d34e1a7d0d53d3d530ad63d08daf
420858,True,True,monitor_enforced,COMPLETED,CONTROLLED_STOP,1,0,1,0,76fb791fafbc6eb83d167afd691da9d7efb9acfe879acecef2e76df7d9e6358d,460671aba0c8644dd54c9a32bc4323614be6d34e1a7d0d53d3d530ad63d08daf
420859,False,True,monitor_enforced,COMPLETED,COMPLETED,0,0,0,0,76fb791fafbc6eb83d167afd691da9d7efb9acfe879acecef2e76df7d9e6358d,460671aba0c8644dd54c9a32bc4323614be6d34e1a7d0d53d3d530ad63d08daf
420860,True,False,logging_only,COMPLETED,CONTROLLED_STOP,1,0,1,0,76fb791fafbc6eb83d167afd691da9d7efb9acfe879acecef2e76df7d9e6358d,460671aba0c8644dd54c9a32bc4323614be6d34e1a7d0d53d3d530ad63d08daf
420861,False,False,logging_only,COMPLETED,COMPLETED,0,0,0,0,76fb791fafbc6eb83d167afd691da9d7efb9acfe879acecef2e76df7d9e6358d,460671aba0c8644dd54c9a32bc4323614be6d34e1a7d0d53d3d530ad63d08daf
420862,True,False,monitor_enforced,COMPLETED,CONTROLLED_STOP,1,0,1,0,76fb791fafbc6eb83d167afd691da9d7efb9acfe879acecef2e76df7d9e6358d,460671aba0c8644dd54c9a32bc4323614be6d34e1a7d0d53d3d530ad63d08daf
420863,False,False,monitor_enforced,COMPLETED,COMPLETED,0,0,0,0,76fb791fafbc6eb83d167afd691da9d7efb9acfe879acecef2e76df7d9e6358d,460671aba0c8644dd54c9a32bc4323614be6d34e1a7d0d53d3d530ad63d08daf
420864,True,True,logging_only,COMPLETED,CONTROLLED_STOP,1,0,1,0,76fb791fafbc6eb83d167afd691da9d7efb9acfe879acecef2e76df7d9e6358d,460671aba0c8644dd54c9a32bc4323614be6d34e1a7d0d53d3d530ad63d08daf
420865,False,True,logging_only,COMPLETED,COMPLETED,0,0,0,0,76fb791fafbc6eb83d167afd691da9d7efb9acfe879acecef2e76df7d9e6358d,460671aba0c8644dd54c9a32bc4323614be6d34e1a7d0d53d3d530ad63d08daf
420866,True,True,monitor_enforced,COMPLETED,CONTROLLED_STOP,1,0,1,0,76fb791fafbc6eb83d167afd691da9d7efb9acfe879acecef2e76df7d9e6358d,460671aba0c8644dd54c9a32bc4323614be6d34e1a7d0d53d3d530ad63d08daf
420867,False,True,monitor_enforced,COMPLETED,COMPLETED,0,0,0,0,76fb791fafbc6eb83d167afd691da9d7efb9acfe879acecef2e76df7d9e6358d,460671aba0c8644dd54c9a32bc4323614be6d34e1a7d0d53d3d530ad63d08daf
420868,True,False,logging_only,COMPLETED,CONTROLLED_STOP,1,0,1,0,76fb791fafbc6eb83d167afd691da9d7efb9acfe879acecef2e76df7d9e6358d,460671aba0c8644dd54c9a32bc4323614be6d34e1a7d0d53d3d530ad63d08daf
420869,False,False,logging_only,COMPLETED,COMPLETED,0,0,0,0,76fb791fafbc6eb83d167afd691da9d7efb9acfe879acecef2e76df7d9e6358d,460671aba0c8644dd54c9a32bc4323614be6d34e1a7d0d53d3d530ad63d08daf
420870,True,False,monitor_enforced,COMPLETED,CONTROLLED_STOP,1,0,1,0,76fb791fafbc6eb83d167afd691da9d7efb9acfe879acecef2e76df7d9e6358d,460671aba0c8644dd54c9a32bc4323614be6d34e1a7d0d53d3d530ad63d08daf
420871,False,False,monitor_enforced,COMPLETED,COMPLETED,0,0,0,0,76fb791fafbc6eb83d167afd691da9d7efb9acfe879acecef2e76df7d9e6358d,460671aba0c8644dd54c9a32bc4323614be6d34e1a7d0d53d3d530ad63d08daf
420872,True,True,logging_only,COMPLETED,CONTROLLED_STOP,1,0,1,0,76fb791fafbc6eb83d167afd691da9d7efb9acfe879acecef2e76df7d9e6358d,460671aba0c8644dd54c9a32bc4323614be6d34e1a7d0d53d3d530ad63d08daf
420873,False,True,logging_only,COMPLETED,COMPLETED,0,0,0,0,76fb791fafbc6eb83d167afd691da9d7efb9acfe879acecef2e76df7d9e6358d,460671aba0c8644dd54c9a32bc4323614be6d34e1a7d0d53d3d530ad63d08daf
420874,True,True,monitor_enforced,COMPLETED,CONTROLLED_STOP,1,0,1,0,76fb791fafbc6eb83d167afd691da9d7efb9acfe879acecef2e76df7d9e6358d,460671aba0c8644dd54c9a32bc4323614be6d34e1a7d0d53d3d530ad63d08daf
420875,False,True,monitor_enforced,COMPLETED,COMPLETED,0,0,0,0,76fb791fafbc6eb83d167afd691da9d7efb9acfe879acecef2e76df7d9e6358d,460671aba0c8644dd54c9a32bc4323614be6d34e1a7d0d53d3d530ad63d08daf
420876,True,False,logging_only,COMPLETED,CONTROLLED_STOP,1,0,1,0,76fb791fafbc6eb83d167afd691da9d7efb9acfe879acecef2e76df7d9e6358d,460671aba0c8644dd54c9a32bc4323614be6d34e1a7d0d53d3d530ad63d08daf
420877,False,False,logging_only,COMPLETED,COMPLETED,0,0,0,0,76fb791fafbc6eb83d167afd691da9d7efb9acfe879acecef2e76df7d9e6358d,460671aba0c8644dd54c9a32bc4323614be6d34e1a7d0d53d3d530ad63d08daf
420878,True,False,monitor_enforced,COMPLETED,CONTROLLED_STOP,1,0,1,0,76fb791fafbc6eb83d167afd691da9d7efb9acfe879acecef2e76df7d9e6358d,460671aba0c8644dd54c9a32bc4323614be6d34e1a7d0d53d3d530ad63d08daf
420879,False,False,monitor_enforced,COMPLETED,COMPLETED,0,0,0,0,76fb791fafbc6eb83d167afd691da9d7efb9acfe879acecef2e76df7d9e6358d,460671aba0c8644dd54c9a32bc4323614be6d34e1a7d0d53d3d530ad63d08daf
420880,True,True,logging_only,COMPLETED,CONTROLLED_STOP,1,0,1,0,76fb791fafbc6eb83d167afd691da9d7efb9acfe879acecef2e76df7d9e6358d,460671aba0c8644dd54c9a32bc4323614be6d34e1a7d0d53d3d530ad63d08daf
420881,False,True,logging_only,COMPLETED,COMPLETED,0,0,0,0,76fb791fafbc6eb83d167afd691da9d7efb9acfe879acecef2e76df7d9e6358d,460671aba0c8644dd54c9a32bc4323614be6d34e1a7d0d53d3d530ad63d08daf
420882,True,True,monitor_enforced,COMPLETED,CONTROLLED_STOP,1,0,1,0,76fb791fafbc6eb83d167afd691da9d7efb9acfe879acecef2e76df7d9e6358d,460671aba0c8644dd54c9a32bc4323614be6d34e1a7d0d53d3d530ad63d08daf
420883,False,True,monitor_enforced,COMPLETED,COMPLETED,0,0,0,0,76fb791fafbc6eb83d167afd691da9d7efb9acfe879acecef2e76df7d9e6358d,460671aba0c8644dd54c9a32bc4323614be6d34e1a7d0d53d3d530ad63d08daf
420884,True,False,logging_only,COMPLETED,CONTROLLED_STOP,1,0,1,0,76fb791fafbc6eb83d167afd691da9d7efb9acfe879acecef2e76df7d9e6358d,460671aba0c8644dd54c9a32bc4323614be6d34e1a7d0d53d3d530ad63d08daf
420885,False,False,logging_only,COMPLETED,COMPLETED,0,0,0,0,76fb791fafbc6eb83d167afd691da9d7efb9acfe879acecef2e76df7d9e6358d,460671aba0c8644dd54c9a32bc4323614be6d34e1a7d0d53d3d530ad63d08daf
420886,True,False,monitor_enforced,COMPLETED,CONTROLLED_STOP,1,0,1,0,76fb791fafbc6eb83d167afd691da9d7efb9acfe879acecef2e76df7d9e6358d,460671aba0c8644dd54c9a32bc4323614be6d34e1a7d0d53d3d530ad63d08daf
420887,False,False,monitor_enforced,COMPLETED,COMPLETED,0,0,0,0,76fb791fafbc6eb83d167afd691da9d7efb9acfe879acecef2e76df7d9e6358d,460671aba0c8644dd54c9a32bc4323614be6d34e1a7d0d53d3d530ad63d08daf
420888,True,True,logging_only,COMPLETED,CONTROLLED_STOP,1,0,1,0,76fb791fafbc6eb83d167afd691da9d7efb9acfe879acecef2e76df7d9e6358d,460671aba0c8644dd54c9a32bc4323614be6d34e1a7d0d53d3d530ad63d08daf
420889,False,True,logging_only,COMPLETED,COMPLETED,0,0,0,0,76fb791fafbc6eb83d167afd691da9d7efb9acfe879acecef2e76df7d9e6358d,460671aba0c8644dd54c9a32bc4323614be6d34e1a7d0d53d3d530ad63d08daf
420890,True,True,monitor_enforced,COMPLETED,CONTROLLED_STOP,1,0,1,0,76fb791fafbc6eb83d167afd691da9d7efb9acfe879acecef2e76df7d9e6358d,460671aba0c8644dd54c9a32bc4323614be6d34e1a7d0d53d3d530ad63d08daf
420891,False,True,monitor_enforced,COMPLETED,COMPLETED,0,0,0,0,76fb791fafbc6eb83d167afd691da9d7efb9acfe879acecef2e76df7d9e6358d,460671aba0c8644dd54c9a32bc4323614be6d34e1a7d0d53d3d530ad63d08daf
420892,True,False,logging_only,COMPLETED,CONTROLLED_STOP,1,0,1,0,76fb791fafbc6eb83d167afd691da9d7efb9acfe879acecef2e76df7d9e6358d,460671aba0c8644dd54c9a32bc4323614be6d34e1a7d0d53d3d530ad63d08daf
420893,False,False,logging_only,COMPLETED,COMPLETED,0,0,0,0,76fb791fafbc6eb83d167afd691da9d7efb9acfe879acecef2e76df7d9e6358d,460671aba0c8644dd54c9a32bc4323614be6d34e1a7d0d53d3d530ad63d08daf
420894,True,False,monitor_enforced,COMPLETED,CONTROLLED_STOP,1,0,1,0,76fb791fafbc6eb83d167afd691da9d7efb9acfe879acecef2e76df7d9e6358d,460671aba0c8644dd54c9a32bc4323614be6d34e1a7d0d53d3d530ad63d08daf
420895,False,False,monitor_enforced,COMPLETED,COMPLETED,0,0,0,0,76fb791fafbc6eb83d167afd691da9d7efb9acfe879acecef2e76df7d9e6358d,460671aba0c8644dd54c9a32bc4323614be6d34e1a7d0d53d3d530ad63d08daf
420896,True,True,logging_only,COMPLETED,CONTROLLED_STOP,1,0,1,0,76fb791fafbc6eb83d167afd691da9d7efb9acfe879acecef2e76df7d9e6358d,460671aba0c8644dd54c9a32bc4323614be6d34e1a7d0d53d3d530ad63d08daf
420897,False,True,logging_only,COMPLETED,COMPLETED,0,0,0,0,76fb791fafbc6eb83d167afd691da9d7efb9acfe879acecef2e76df7d9e6358d,460671aba0c8644dd54c9a32bc4323614be6d34e1a7d0d53d3d530ad63d08daf
420898,True,True,monitor_enforced,COMPLETED,CONTROLLED_STOP,1,0,1,0,76fb791fafbc6eb83d167afd691da9d7efb9acfe879acecef2e76df7d9e6358d,460671aba0c8644dd54c9a32bc4323614be6d34e1a7d0d53d3d530ad63d08daf
420899,False,True,monitor_enforced,COMPLETED,COMPLETED,0,0,0,0,76fb791fafbc6eb83d167afd691da9d7efb9acfe879acecef2e76df7d9e6358d,460671aba0c8644dd54c9a32bc4323614be6d34e1a7d0d53d3d530ad63d08daf
420900,True,False,logging_only,COMPLETED,CONTROLLED_STOP,1,0,1,0,76fb791fafbc6eb83d167afd691da9d7efb9acfe879acecef2e76df7d9e6358d,460671aba0c8644dd54c9a32bc4323614be6d34e1a7d0d53d3d530ad63d08daf
420901,False,False,logging_only,COMPLETED,COMPLETED,0,0,0,0,76fb791fafbc6eb83d167afd691da9d7efb9acfe879acecef2e76df7d9e6358d,460671aba0c8644dd54c9a32bc4323614be6d34e1a7d0d53d3d530ad63d08daf
420902,True,False,monitor_enforced,COMPLETED,CONTROLLED_STOP,1,0,1,0,76fb791fafbc6eb83d167afd691da9d7efb9acfe879acecef2e76df7d9e6358d,460671aba0c8644dd54c9a32bc4323614be6d34e1a7d0d53d3d530ad63d08daf
420903,False,False,monitor_enforced,COMPLETED,COMPLETED,0,0,0,0,76fb791fafbc6eb83d167afd691da9d7efb9acfe879acecef2e76df7d9e6358d,460671aba0c8644dd54c9a32bc4323614be6d34e1a7d0d53d3d530ad63d08daf
420904,True,True,logging_only,COMPLETED,CONTROLLED_STOP,1,0,1,0,76fb791fafbc6eb83d167afd691da9d7efb9acfe879acecef2e76df7d9e6358d,460671aba0c8644dd54c9a32bc4323614be6d34e1a7d0d53d3d530ad63d08daf
420905,False,True,logging_only,COMPLETED,COMPLETED,0,0,0,0,76fb791fafbc6eb83d167afd691da9d7efb9acfe879acecef2e76df7d9e6358d,460671aba0c8644dd54c9a32bc4323614be6d34e1a7d0d53d3d530ad63d08daf
420906,True,True,monitor_enforced,COMPLETED,CONTROLLED_STOP,1,0,1,0,76fb791fafbc6eb83d167afd691da9d7efb9acfe879acecef2e76df7d9e6358d,460671aba0c8644dd54c9a32bc4323614be6d34e1a7d0d53d3d530ad63d08daf
420907,False,True,monitor_enforced,COMPLETED,COMPLETED,0,0,0,0,76fb791fafbc6eb83d167afd691da9d7efb9acfe879acecef2e76df7d9e6358d,460671aba0c8644dd54c9a32bc4323614be6d34e1a7d0d53d3d530ad63d08daf
420908,True,False,logging_only,COMPLETED,CONTROLLED_STOP,1,0,1,0,76fb791fafbc6eb83d167afd691da9d7efb9acfe879acecef2e76df7d9e6358d,460671aba0c8644dd54c9a32bc4323614be6d34e1a7d0d53d3d530ad63d08daf
420909,False,False,logging_only,COMPLETED,COMPLETED,0,0,0,0,76fb791fafbc6eb83d167afd691da9d7efb9acfe879acecef2e76df7d9e6358d,460671aba0c8644dd54c9a32bc4323614be6d34e1a7d0d53d3d530ad63d08daf
420910,True,False,monitor_enforced,COMPLETED,CONTROLLED_STOP,1,0,1,0,76fb791fafbc6eb83d167afd691da9d7efb9acfe879acecef2e76df7d9e6358d,460671aba0c8644dd54c9a32bc4323614be6d34e1a7d0d53d3d530ad63d08daf
420911,False,False,monitor_enforced,COMPLETED,COMPLETED,0,0,0,0,76fb791fafbc6eb83d167afd691da9d7efb9acfe879acecef2e76df7d9e6358d,460671aba0c8644dd54c9a32bc4323614be6d34e1a7d0d53d3d530ad63d08daf
420912,True,True,logging_only,COMPLETED,CONTROLLED_STOP,1,0,1,0,76fb791fafbc6eb83d167afd691da9d7efb9acfe879acecef2e76df7d9e6358d,460671aba0c8644dd54c9a32bc4323614be6d34e1a7d0d53d3d530ad63d08daf
420913,False,True,logging_only,COMPLETED,COMPLETED,0,0,0,0,76fb791fafbc6eb83d167afd691da9d7efb9acfe879acecef2e76df7d9e6358d,460671aba0c8644dd54c9a32bc4323614be6d34e1a7d0d53d3d530ad63d08daf
420914,True,True,monitor_enforced,COMPLETED,CONTROLLED_STOP,1,0,1,0,76fb791fafbc6eb83d167afd691da9d7efb9acfe879acecef2e76df7d9e6358d,460671aba0c8644dd54c9a32bc4323614be6d34e1a7d0d53d3d530ad63d08daf
420915,False,True,monitor_enforced,COMPLETED,COMPLETED,0,0,0,0,76fb791fafbc6eb83d167afd691da9d7efb9acfe879acecef2e76df7d9e6358d,460671aba0c8644dd54c9a32bc4323614be6d34e1a7d0d53d3d530ad63d08daf
420916,True,False,logging_only,COMPLETED,CONTROLLED_STOP,1,0,1,0,76fb791fafbc6eb83d167afd691da9d7efb9acfe879acecef2e76df7d9e6358d,460671aba0c8644dd54c9a32bc4323614be6d34e1a7d0d53d3d530ad63d08daf
420917,False,False,logging_only,COMPLETED,COMPLETED,0,0,0,0,76fb791fafbc6eb83d167afd691da9d7efb9acfe879acecef2e76df7d9e6358d,460671aba0c8644dd54c9a32bc4323614be6d34e1a7d0d53d3d530ad63d08daf
420918,True,False,monitor_enforced,COMPLETED,CONTROLLED_STOP,1,0,1,0,76fb791fafbc6eb83d167afd691da9d7efb9acfe879acecef2e76df7d9e6358d,460671aba0c8644dd54c9a32bc4323614be6d34e1a7d0d53d3d530ad63d08daf
420919,False,False,monitor_enforced,COMPLETED,COMPLETED,0,0,0,0,76fb791fafbc6eb83d167afd691da9d7efb9acfe879acecef2e76df7d9e6358d,460671aba0c8644dd54c9a32bc4323614be6d34e1a7d0d53d3d530ad63d08daf
420920,True,True,logging_only,COMPLETED,CONTROLLED_STOP,1,0,1,0,76fb791fafbc6eb83d167afd691da9d7efb9acfe879acecef2e76df7d9e6358d,460671aba0c8644dd54c9a32bc4323614be6d34e1a7d0d53d3d530ad63d08daf
420921,False,True,logging_only,COMPLETED,COMPLETED,0,0,0,0,76fb791fafbc6eb83d167afd691da9d7efb9acfe879acecef2e76df7d9e6358d,460671aba0c8644dd54c9a32bc4323614be6d34e1a7d0d53d3d530ad63d08daf
420922,True,True,monitor_enforced,COMPLETED,CONTROLLED_STOP,1,0,1,0,76fb791fafbc6eb83d167afd691da9d7efb9acfe879acecef2e76df7d9e6358d,460671aba0c8644dd54c9a32bc4323614be6d34e1a7d0d53d3d530ad63d08daf
420923,False,True,monitor_enforced,COMPLETED,COMPLETED,0,0,0,0,76fb791fafbc6eb83d167afd691da9d7efb9acfe879acecef2e76df7d9e6358d,460671aba0c8644dd54c9a32bc4323614be6d34e1a7d0d53d3d530ad63d08daf
420924,True,False,logging_only,COMPLETED,CONTROLLED_STOP,1,0,1,0,76fb791fafbc6eb83d167afd691da9d7efb9acfe879acecef2e76df7d9e6358d,460671aba0c8644dd54c9a32bc4323614be6d34e1a7d0d53d3d530ad63d08daf
420925,False,False,logging_only,COMPLETED,COMPLETED,0,0,0,0,76fb791fafbc6eb83d167afd691da9d7efb9acfe879acecef2e76df7d9e6358d,460671aba0c8644dd54c9a32bc4323614be6d34e1a7d0d53d3d530ad63d08daf
420926,True,False,monitor_enforced,COMPLETED,CONTROLLED_STOP,1,0,1,0,76fb791fafbc6eb83d167afd691da9d7efb9acfe879acecef2e76df7d9e6358d,460671aba0c8644dd54c9a32bc4323614be6d34e1a7d0d53d3d530ad63d08daf
420927,False,False,monitor_enforced,COMPLETED,COMPLETED,0,0,0,0,76fb791fafbc6eb83d167afd691da9d7efb9acfe879acecef2e76df7d9e6358d,460671aba0c8644dd54c9a32bc4323614be6d34e1a7d0d53d3d530ad63d08daf
420928,True,True,logging_only,COMPLETED,CONTROLLED_STOP,1,0,1,0,76fb791fafbc6eb83d167afd691da9d7efb9acfe879acecef2e76df7d9e6358d,460671aba0c8644dd54c9a32bc4323614be6d34e1a7d0d53d3d530ad63d08daf
420929,False,True,logging_only,COMPLETED,COMPLETED,0,0,0,0,76fb791fafbc6eb83d167afd691da9d7efb9acfe879acecef2e76df7d9e6358d,460671aba0c8644dd54c9a32bc4323614be6d34e1a7d0d53d3d530ad63d08daf
420930,True,True,monitor_enforced,COMPLETED,CONTROLLED_STOP,1,0,1,0,76fb791fafbc6eb83d167afd691da9d7efb9acfe879acecef2e76df7d9e6358d,460671aba0c8644dd54c9a32bc4323614be6d34e1a7d0d53d3d530ad63d08daf
420931,False,True,monitor_enforced,COMPLETED,COMPLETED,0,0,0,0,76fb791fafbc6eb83d167afd691da9d7efb9acfe879acecef2e76df7d9e6358d,460671aba0c8644dd54c9a32bc4323614be6d34e1a7d0d53d3d530ad63d08daf
420932,True,False,logging_only,COMPLETED,CONTROLLED_STOP,1,0,1,0,76fb791fafbc6eb83d167afd691da9d7efb9acfe879acecef2e76df7d9e6358d,460671aba0c8644dd54c9a32bc4323614be6d34e1a7d0d53d3d530ad63d08daf
420933,False,False,logging_only,COMPLETED,COMPLETED,0,0,0,0,76fb791fafbc6eb83d167afd691da9d7efb9acfe879acecef2e76df7d9e6358d,460671aba0c8644dd54c9a32bc4323614be6d34e1a7d0d53d3d530ad63d08daf
420934,True,False,monitor_enforced,COMPLETED,CONTROLLED_STOP,1,0,1,0,76fb791fafbc6eb83d167afd691da9d7efb9acfe879acecef2e76df7d9e6358d,460671aba0c8644dd54c9a32bc4323614be6d34e1a7d0d53d3d530ad63d08daf
420935,False,False,monitor_enforced,COMPLETED,COMPLETED,0,0,0,0,76fb791fafbc6eb83d167afd691da9d7efb9acfe879acecef2e76df7d9e6358d,460671aba0c8644dd54c9a32bc4323614be6d34e1a7d0d53d3d530ad63d08daf
420936,True,True,logging_only,COMPLETED,CONTROLLED_STOP,1,0,1,0,76fb791fafbc6eb83d167afd691da9d7efb9acfe879acecef2e76df7d9e6358d,460671aba0c8644dd54c9a32bc4323614be6d34e1a7d0d53d3d530ad63d08daf
420937,False,True,logging_only,COMPLETED,COMPLETED,0,0,0,0,76fb791fafbc6eb83d167afd691da9d7efb9acfe879acecef2e76df7d9e6358d,460671aba0c8644dd54c9a32bc4323614be6d34e1a7d0d53d3d530ad63d08daf
420938,True,True,monitor_enforced,COMPLETED,CONTROLLED_STOP,1,0,1,0,76fb791fafbc6eb83d167afd691da9d7efb9acfe879acecef2e76df7d9e6358d,460671aba0c8644dd54c9a32bc4323614be6d34e1a7d0d53d3d530ad63d08daf
420939,False,True,monitor_enforced,COMPLETED,COMPLETED,0,0,0,0,76fb791fafbc6eb83d167afd691da9d7efb9acfe879acecef2e76df7d9e6358d,460671aba0c8644dd54c9a32bc4323614be6d34e1a7d0d53d3d530ad63d08daf
420940,True,False,logging_only,COMPLETED,CONTROLLED_STOP,1,0,1,0,76fb791fafbc6eb83d167afd691da9d7efb9acfe879acecef2e76df7d9e6358d,460671aba0c8644dd54c9a32bc4323614be6d34e1a7d0d53d3d530ad63d08daf
420941,False,False,logging_only,COMPLETED,COMPLETED,0,0,0,0,76fb791fafbc6eb83d167afd691da9d7efb9acfe879acecef2e76df7d9e6358d,460671aba0c8644dd54c9a32bc4323614be6d34e1a7d0d53d3d530ad63d08daf
420942,True,False,monitor_enforced,COMPLETED,CONTROLLED_STOP,1,0,1,0,76fb791fafbc6eb83d167afd691da9d7efb9acfe879acecef2e76df7d9e6358d,460671aba0c8644dd54c9a32bc4323614be6d34e1a7d0d53d3d530ad63d08daf
420943,False,False,monitor_enforced,COMPLETED,COMPLETED,0,0,0,0,76fb791fafbc6eb83d167afd691da9d7efb9acfe879acecef2e76df7d9e6358d,460671aba0c8644dd54c9a32bc4323614be6d34e1a7d0d53d3d530ad63d08daf
420944,True,True,logging_only,COMPLETED,CONTROLLED_STOP,1,0,1,0,76fb791fafbc6eb83d167afd691da9d7efb9acfe879acecef2e76df7d9e6358d,460671aba0c8644dd54c9a32bc4323614be6d34e1a7d0d53d3d530ad63d08daf
420945,False,True,logging_only,COMPLETED,COMPLETED,0,0,0,0,76fb791fafbc6eb83d167afd691da9d7efb9acfe879acecef2e76df7d9e6358d,460671aba0c8644dd54c9a32bc4323614be6d34e1a7d0d53d3d530ad63d08daf
420946,True,True,monitor_enforced,COMPLETED,CONTROLLED_STOP,1,0,1,0,76fb791fafbc6eb83d167afd691da9d7efb9acfe879acecef2e76df7d9e6358d,460671aba0c8644dd54c9a32bc4323614be6d34e1a7d0d53d3d530ad63d08daf
420947,False,True,monitor_enforced,COMPLETED,COMPLETED,0,0,0,0,76fb791fafbc6eb83d167afd691da9d7efb9acfe879acecef2e76df7d9e6358d,460671aba0c8644dd54c9a32bc4323614be6d34e1a7d0d53d3d530ad63d08daf
420948,True,False,logging_only,COMPLETED,CONTROLLED_STOP,1,0,1,0,76fb791fafbc6eb83d167afd691da9d7efb9acfe879acecef2e76df7d9e6358d,460671aba0c8644dd54c9a32bc4323614be6d34e1a7d0d53d3d530ad63d08daf
420949,False,False,logging_only,COMPLETED,COMPLETED,0,0,0,0,76fb791fafbc6eb83d167afd691da9d7efb9acfe879acecef2e76df7d9e6358d,460671aba0c8644dd54c9a32bc4323614be6d34e1a7d0d53d3d530ad63d08daf
420950,True,False,monitor_enforced,COMPLETED,CONTROLLED_STOP,1,0,1,0,76fb791fafbc6eb83d167afd691da9d7efb9acfe879acecef2e76df7d9e6358d,460671aba0c8644dd54c9a32bc4323614be6d34e1a7d0d53d3d530ad63d08daf
420951,False,False,monitor_enforced,COMPLETED,COMPLETED,0,0,0,0,76fb791fafbc6eb83d167afd691da9d7efb9acfe879acecef2e76df7d9e6358d,460671aba0c8644dd54c9a32bc4323614be6d34e1a7d0d53d3d530ad63d08daf
420952,True,True,logging_only,COMPLETED,CONTROLLED_STOP,1,0,1,0,76fb791fafbc6eb83d167afd691da9d7efb9acfe879acecef2e76df7d9e6358d,460671aba0c8644dd54c9a32bc4323614be6d34e1a7d0d53d3d530ad63d08daf
420953,False,True,logging_only,COMPLETED,COMPLETED,0,0,0,0,76fb791fafbc6eb83d167afd691da9d7efb9acfe879acecef2e76df7d9e6358d,460671aba0c8644dd54c9a32bc4323614be6d34e1a7d0d53d3d530ad63d08daf
420954,True,True,monitor_enforced,COMPLETED,CONTROLLED_STOP,1,0,1,0,76fb791fafbc6eb83d167afd691da9d7efb9acfe879acecef2e76df7d9e6358d,460671aba0c8644dd54c9a32bc4323614be6d34e1a7d0d53d3d530ad63d08daf
420955,False,True,monitor_enforced,COMPLETED,COMPLETED,0,0,0,0,76fb791fafbc6eb83d167afd691da9d7efb9acfe879acecef2e76df7d9e6358d,460671aba0c8644dd54c9a32bc4323614be6d34e1a7d0d53d3d530ad63d08daf
420956,True,False,logging_only,COMPLETED,CONTROLLED_STOP,1,0,1,0,76fb791fafbc6eb83d167afd691da9d7efb9acfe879acecef2e76df7d9e6358d,460671aba0c8644dd54c9a32bc4323614be6d34e1a7d0d53d3d530ad63d08daf
420957,False,False,logging_only,COMPLETED,COMPLETED,0,0,0,0,76fb791fafbc6eb83d167afd691da9d7efb9acfe879acecef2e76df7d9e6358d,460671aba0c8644dd54c9a32bc4323614be6d34e1a7d0d53d3d530ad63d08daf
420958,True,False,monitor_enforced,COMPLETED,CONTROLLED_STOP,1,0,1,0,76fb791fafbc6eb83d167afd691da9d7efb9acfe879acecef2e76df7d9e6358d,460671aba0c8644dd54c9a32bc4323614be6d34e1a7d0d53d3d530ad63d08daf
420959,False,False,monitor_enforced,COMPLETED,COMPLETED,0,0,0,0,76fb791fafbc6eb83d167afd691da9d7efb9acfe879acecef2e76df7d9e6358d,460671aba0c8644dd54c9a32bc4323614be6d34e1a7d0d53d3d530ad63d08daf
420960,True,True,logging_only,COMPLETED,CONTROLLED_STOP,1,0,1,0,76fb791fafbc6eb83d167afd691da9d7efb9acfe879acecef2e76df7d9e6358d,460671aba0c8644dd54c9a32bc4323614be6d34e1a7d0d53d3d530ad63d08daf
420961,False,True,logging_only,COMPLETED,COMPLETED,0,0,0,0,76fb791fafbc6eb83d167afd691da9d7efb9acfe879acecef2e76df7d9e6358d,460671aba0c8644dd54c9a32bc4323614be6d34e1a7d0d53d3d530ad63d08daf
420962,True,True,monitor_enforced,COMPLETED,CONTROLLED_STOP,1,0,1,0,76fb791fafbc6eb83d167afd691da9d7efb9acfe879acecef2e76df7d9e6358d,460671aba0c8644dd54c9a32bc4323614be6d34e1a7d0d53d3d530ad63d08daf
420963,False,True,monitor_enforced,COMPLETED,COMPLETED,0,0,0,0,76fb791fafbc6eb83d167afd691da9d7efb9acfe879acecef2e76df7d9e6358d,460671aba0c8644dd54c9a32bc4323614be6d34e1a7d0d53d3d530ad63d08daf
420964,True,False,logging_only,COMPLETED,CONTROLLED_STOP,1,0,1,0,76fb791fafbc6eb83d167afd691da9d7efb9acfe879acecef2e76df7d9e6358d,460671aba0c8644dd54c9a32bc4323614be6d34e1a7d0d53d3d530ad63d08daf
420965,False,False,logging_only,COMPLETED,COMPLETED,0,0,0,0,76fb791fafbc6eb83d167afd691da9d7efb9acfe879acecef2e76df7d9e6358d,460671aba0c8644dd54c9a32bc4323614be6d34e1a7d0d53d3d530ad63d08daf
420966,True,False,monitor_enforced,COMPLETED,CONTROLLED_STOP,1,0,1,0,76fb791fafbc6eb83d167afd691da9d7efb9acfe879acecef2e76df7d9e6358d,460671aba0c8644dd54c9a32bc4323614be6d34e1a7d0d53d3d530ad63d08daf
420967,False,False,monitor_enforced,COMPLETED,COMPLETED,0,0,0,0,76fb791fafbc6eb83d167afd691da9d7efb9acfe879acecef2e76df7d9e6358d,460671aba0c8644dd54c9a32bc4323614be6d34e1a7d0d53d3d530ad63d08daf
420968,True,True,logging_only,COMPLETED,CONTROLLED_STOP,1,0,1,0,76fb791fafbc6eb83d167afd691da9d7efb9acfe879acecef2e76df7d9e6358d,460671aba0c8644dd54c9a32bc4323614be6d34e1a7d0d53d3d530ad63d08daf
420969,False,True,logging_only,COMPLETED,COMPLETED,0,0,0,0,76fb791fafbc6eb83d167afd691da9d7efb9acfe879acecef2e76df7d9e6358d,460671aba0c8644dd54c9a32bc4323614be6d34e1a7d0d53d3d530ad63d08daf
420970,True,True,monitor_enforced,COMPLETED,CONTROLLED_STOP,1,0,1,0,76fb791fafbc6eb83d167afd691da9d7efb9acfe879acecef2e76df7d9e6358d,460671aba0c8644dd54c9a32bc4323614be6d34e1a7d0d53d3d530ad63d08daf
420971,False,True,monitor_enforced,COMPLETED,COMPLETED,0,0,0,0,76fb791fafbc6eb83d167afd691da9d7efb9acfe879acecef2e76df7d9e6358d,460671aba0c8644dd54c9a32bc4323614be6d34e1a7d0d53d3d530ad63d08daf
420972,True,False,logging_only,COMPLETED,CONTROLLED_STOP,1,0,1,0,76fb791fafbc6eb83d167afd691da9d7efb9acfe879acecef2e76df7d9e6358d,460671aba0c8644dd54c9a32bc4323614be6d34e1a7d0d53d3d530ad63d08daf
420973,False,False,logging_only,COMPLETED,COMPLETED,0,0,0,0,76fb791fafbc6eb83d167afd691da9d7efb9acfe879acecef2e76df7d9e6358d,460671aba0c8644dd54c9a32bc4323614be6d34e1a7d0d53d3d530ad63d08daf
420974,True,False,monitor_enforced,COMPLETED,CONTROLLED_STOP,1,0,1,0,76fb791fafbc6eb83d167afd691da9d7efb9acfe879acecef2e76df7d9e6358d,460671aba0c8644dd54c9a32bc4323614be6d34e1a7d0d53d3d530ad63d08daf
420975,False,False,monitor_enforced,COMPLETED,COMPLETED,0,0,0,0,76fb791fafbc6eb83d167afd691da9d7efb9acfe879acecef2e76df7d9e6358d,460671aba0c8644dd54c9a32bc4323614be6d34e1a7d0d53d3d530ad63d08daf
420976,True,True,logging_only,COMPLETED,CONTROLLED_STOP,1,0,1,0,76fb791fafbc6eb83d167afd691da9d7efb9acfe879acecef2e76df7d9e6358d,460671aba0c8644dd54c9a32bc4323614be6d34e1a7d0d53d3d530ad63d08daf
420977,False,True,logging_only,COMPLETED,COMPLETED,0,0,0,0,76fb791fafbc6eb83d167afd691da9d7efb9acfe879acecef2e76df7d9e6358d,460671aba0c8644dd54c9a32bc4323614be6d34e1a7d0d53d3d530ad63d08daf
420978,True,True,monitor_enforced,COMPLETED,CONTROLLED_STOP,1,0,1,0,76fb791fafbc6eb83d167afd691da9d7efb9acfe879acecef2e76df7d9e6358d,460671aba0c8644dd54c9a32bc4323614be6d34e1a7d0d53d3d530ad63d08daf
420979,False,True,monitor_enforced,COMPLETED,COMPLETED,0,0,0,0,76fb791fafbc6eb83d167afd691da9d7efb9acfe879acecef2e76df7d9e6358d,460671aba0c8644dd54c9a32bc4323614be6d34e1a7d0d53d3d530ad63d08daf
420980,True,False,logging_only,COMPLETED,CONTROLLED_STOP,1,0,1,0,76fb791fafbc6eb83d167afd691da9d7efb9acfe879acecef2e76df7d9e6358d,460671aba0c8644dd54c9a32bc4323614be6d34e1a7d0d53d3d530ad63d08daf
420981,False,False,logging_only,COMPLETED,COMPLETED,0,0,0,0,76fb791fafbc6eb83d167afd691da9d7efb9acfe879acecef2e76df7d9e6358d,460671aba0c8644dd54c9a32bc4323614be6d34e1a7d0d53d3d530ad63d08daf
420982,True,False,monitor_enforced,COMPLETED,CONTROLLED_STOP,1,0,1,0,76fb791fafbc6eb83d167afd691da9d7efb9acfe879acecef2e76df7d9e6358d,460671aba0c8644dd54c9a32bc4323614be6d34e1a7d0d53d3d530ad63d08daf
420983,False,False,monitor_enforced,COMPLETED,COMPLETED,0,0,0,0,76fb791fafbc6eb83d167afd691da9d7efb9acfe879acecef2e76df7d9e6358d,460671aba0c8644dd54c9a32bc4323614be6d34e1a7d0d53d3d530ad63d08daf
420984,True,True,logging_only,COMPLETED,CONTROLLED_STOP,1,0,1,0,76fb791fafbc6eb83d167afd691da9d7efb9acfe879acecef2e76df7d9e6358d,460671aba0c8644dd54c9a32bc4323614be6d34e1a7d0d53d3d530ad63d08daf
420985,False,True,logging_only,COMPLETED,COMPLETED,0,0,0,0,76fb791fafbc6eb83d167afd691da9d7efb9acfe879acecef2e76df7d9e6358d,460671aba0c8644dd54c9a32bc4323614be6d34e1a7d0d53d3d530ad63d08daf
420986,True,True,monitor_enforced,COMPLETED,CONTROLLED_STOP,1,0,1,0,76fb791fafbc6eb83d167afd691da9d7efb9acfe879acecef2e76df7d9e6358d,460671aba0c8644dd54c9a32bc4323614be6d34e1a7d0d53d3d530ad63d08daf
420987,False,True,monitor_enforced,COMPLETED,COMPLETED,0,0,0,0,76fb791fafbc6eb83d167afd691da9d7efb9acfe879acecef2e76df7d9e6358d,460671aba0c8644dd54c9a32bc4323614be6d34e1a7d0d53d3d530ad63d08daf
420988,True,False,logging_only,COMPLETED,CONTROLLED_STOP,1,0,1,0,76fb791fafbc6eb83d167afd691da9d7efb9acfe879acecef2e76df7d9e6358d,460671aba0c8644dd54c9a32bc4323614be6d34e1a7d0d53d3d530ad63d08daf
420989,False,False,logging_only,COMPLETED,COMPLETED,0,0,0,0,76fb791fafbc6eb83d167afd691da9d7efb9acfe879acecef2e76df7d9e6358d,460671aba0c8644dd54c9a32bc4323614be6d34e1a7d0d53d3d530ad63d08daf
420990,True,False,monitor_enforced,COMPLETED,CONTROLLED_STOP,1,0,1,0,76fb791fafbc6eb83d167afd691da9d7efb9acfe879acecef2e76df7d9e6358d,460671aba0c8644dd54c9a32bc4323614be6d34e1a7d0d53d3d530ad63d08daf
420991,False,False,monitor_enforced,COMPLETED,COMPLETED,0,0,0,0,76fb791fafbc6eb83d167afd691da9d7efb9acfe879acecef2e76df7d9e6358d,460671aba0c8644dd54c9a32bc4323614be6d34e1a7d0d53d3d530ad63d08daf
420992,True,True,logging_only,COMPLETED,CONTROLLED_STOP,1,0,1,0,76fb791fafbc6eb83d167afd691da9d7efb9acfe879acecef2e76df7d9e6358d,460671aba0c8644dd54c9a32bc4323614be6d34e1a7d0d53d3d530ad63d08daf
420993,False,True,logging_only,COMPLETED,COMPLETED,0,0,0,0,76fb791fafbc6eb83d167afd691da9d7efb9acfe879acecef2e76df7d9e6358d,460671aba0c8644dd54c9a32bc4323614be6d34e1a7d0d53d3d530ad63d08daf
420994,True,True,monitor_enforced,COMPLETED,CONTROLLED_STOP,1,0,1,0,76fb791fafbc6eb83d167afd691da9d7efb9acfe879acecef2e76df7d9e6358d,460671aba0c8644dd54c9a32bc4323614be6d34e1a7d0d53d3d530ad63d08daf
420995,False,True,monitor_enforced,COMPLETED,COMPLETED,0,0,0,0,76fb791fafbc6eb83d167afd691da9d7efb9acfe879acecef2e76df7d9e6358d,460671aba0c8644dd54c9a32bc4323614be6d34e1a7d0d53d3d530ad63d08daf
420996,True,False,logging_only,COMPLETED,CONTROLLED_STOP,1,0,1,0,76fb791fafbc6eb83d167afd691da9d7efb9acfe879acecef2e76df7d9e6358d,460671aba0c8644dd54c9a32bc4323614be6d34e1a7d0d53d3d530ad63d08daf
420997,False,False,logging_only,COMPLETED,COMPLETED,0,0,0,0,76fb791fafbc6eb83d167afd691da9d7efb9acfe879acecef2e76df7d9e6358d,460671aba0c8644dd54c9a32bc4323614be6d34e1a7d0d53d3d530ad63d08daf
420998,True,False,monitor_enforced,COMPLETED,CONTROLLED_STOP,1,0,1,0,76fb791fafbc6eb83d167afd691da9d7efb9acfe879acecef2e76df7d9e6358d,460671aba0c8644dd54c9a32bc4323614be6d34e1a7d0d53d3d530ad63d08daf
420999,False,False,monitor_enforced,COMPLETED,COMPLETED,0,0,0,0,76fb791fafbc6eb83d167afd691da9d7efb9acfe879acecef2e76df7d9e6358d,460671aba0c8644dd54c9a32bc4323614be6d34e1a7d0d53d3d530ad63d08daf
