seed,violation_present,feasible,first_arm,logging_status,enforced_status,logging_completed_use,enforced_completed_use,enforced_controlled_stop,enforced_post_detection_agent_events,logging_config_hash,enforced_config_hash
421000,False,False,logging_only,COMPLETED,COMPLETED,0,0,0,0,76fb791fafbc6eb83d167afd691da9d7efb9acfe879acecef2e76df7d9e6358d,460671aba0c8644dd54c9a32bc4323614be6d34e1a7d0d53d3d530ad63d08daf
421001,False,False,monitor_enforced,COMPLETED,COMPLETED,0,0,0,0,76fb791fafbc6eb83d167afd691da9d7efb9acfe879acecef2e76df7d9e6358d,460671aba0c8644dd54c9a32bc4323614be6d34e1a7d0d53d3d530ad63d08daf
421002,False,False,logging_only,COMPLETED,COMPLETED,0,0,0,0,76fb791fafbc6eb83d167afd691da9d7efb9acfe879acecef2e76df7d9e6358d,460671aba0c8644dd54c9a32bc4323614be6d34e1a7d0d53d3d530ad63d08daf
421003,True,False,logging_only,COMPLETED,CONTROLLED_STOP,1,0,1,0,76fb791fafbc6eb83d167afd691da9d7efb9acfe879acecef2e76df7d9e6358d,460671aba0c8644dd54c9a32bc4323614be6d34e1a7d0d53d3d530ad63d08daf
421004,False,True,logging_only,COMPLETED,COMPLETED,0,0,0,0,76fb791fafbc6eb83d167afd691da9d7efb9acfe879acecef2e76df7d9e6358d,460671aba0c8644dd54c9a32bc4323614be6d34e1a7d0d53d3d530ad63d08daf
421005,True,True,logging_only,COMPLETED,CONTROLLED_STOP,1,0,1,0,76fb791fafbc6eb83d167afd691da9d7efb9acfe879acecef2e76df7d9e6358d,460671aba0c8644dd54c9a32bc4323614be6d34e1a7d0d53d3d530ad63d08daf
421006,False,True,monitor_enforced,COMPLETED,COMPLETED,0,0,0,0,76fb791fafbc6eb83d167afd691da9d7efb9acfe879acecef2e76df7d9e6358d,460671aba0c8644dd54c9a32bc4323614be6d34e1a7d0d53d3d530ad63d08daf
421007,True,True,logging_only,COMPLETED,CONTROLLED_STOP,1,0,1,0,76fb791fafbc6eb83d167afd691da9d7efb9acfe879acecef2e76df7d9e6358d,460671aba0c8644dd54c9a32bc4323614be6d34e1a7d0d53d3d530ad63d08daf
421008,False,False,monitor_enforced,COMPLETED,COMPLETED,0,0,0,0,76fb791fafbc6eb83d167afd691da9d7efb9acfe879acecef2e76df7d9e6358d,460671aba0c8644dd54c9a32bc4323614be6d34e1a7d0d53d3d530ad63d08daf
421009,True,False,monitor_enforced,COMPLETED,CONTROLLED_STOP,1,0,1,0,76fb791fafbc6eb83d167afd691da9d7efb9acfe879acecef2e76df7d9e6358d,460671aba0c8644dd54c9a32bc4323614be6d34e1a7d0d53d3d530ad63d08daf
421010,True,True,logging_only,COMPLETED,CONTROLLED_STOP,1,0,1,0,76fb791fafbc6eb83d167afd691da9d7efb9acfe879acecef2e76df7d9e6358d,460671aba0c8644dd54c9a32bc4323614be6d34e1a7d0d53d3d530ad63d08daf
421011,False,True,monitor_enforced,COMPLETED,COMPLETED,0,0,0,0,76fb791fafbc6eb83d167afd691da9d7efb9acfe879acecef2e76df7d9e6358d,460671aba0c8644dd54c9a32bc4323614be6d34e1a7d0d53d3d530ad63d08daf
421012,False,True,logging_only,COMPLETED,COMPLETED,0,0,0,0,76fb791fafbc6eb83d167afd691da9d7efb9acfe879acecef2e76df7d9e6358d,460671aba0c8644dd54c9a32bc4323614be6d34e1a7d0d53d3d530ad63d08daf
421013,False,True,logging_only,COMPLETED,COMPLETED,0,0,0,0,76fb791fafbc6eb83d167afd691da9d7efb9acfe879acecef2e76df7d9e6358d,460671aba0c8644dd54c9a32bc4323614be6d34e1a7d0d53d3d530ad63d08daf
421014,True,False,monitor_enforced,COMPLETED,CONTROLLED_STOP,1,0,1,0,76fb791fafbc6eb83d167afd691da9d7efb9acfe879acecef2e76df7d9e6358d,460671aba0c8644dd54c9a32bc4323614be6d34e1a7d0d53d3d530ad63d08daf
421015,False,False,logging_only,COMPLETED,COMPLETED,0,0,0,0,76fb791fafbc6eb83d167afd691da9d7efb9acfe879acecef2e76df7d9e6358d,460671aba0c8644dd54c9a32bc4323614be6d34e1a7d0d53d3d530ad63d08daf
421016,False,False,logging_only,COMPLETED,COMPLETED,0,0,0,0,76fb791fafbc6eb83d167afd691da9d7efb9acfe879acecef2e76df7d9e6358d,460671aba0c8644dd54c9a32bc4323614be6d34e1a7d0d53d3d530ad63d08daf
421017,False,True,logging_only,COMPLETED,COMPLETED,0,0,0,0,76fb791fafbc6eb83d167afd691da9d7efb9acfe879acecef2e76df7d9e6358d,460671aba0c8644dd54c9a32bc4323614be6d34e1a7d0d53d3d530ad63d08daf
421018,True,False,monitor_enforced,COMPLETED,CONTROLLED_STOP,1,0,1,0,76fb791fafbc6eb83d167afd691da9d7efb9acfe879acecef2e76df7d9e6358d,460671aba0c8644dd54c9a32bc4323614be6d34e1a7d0d53d3d530ad63d08daf
421019,False,True,logging_only,COMPLETED,COMPLETED,0,0,0,0,76fb791fafbc6eb83d167afd691da9d7efb9acfe879acecef2e76df7d9e6358d,460671aba0c8644dd54c9a32bc4323614be6d34e1a7d0d53d3d530ad63d08daf
421020,False,True,monitor_enforced,COMPLETED,COMPLETED,0,0,0,0,76fb791fafbc6eb83d167afd691da9d7efb9acfe879acecef2e76df7d9e6358d,460671aba0c8644dd54c9a32bc4323614be6d34e1a7d0d53d3d530ad63d08daf
421021,False,True,monitor_enforced,COMPLETED,COMPLETED,0,0,0,0,76fb791fafbc6eb83d167afd691da9d7efb9acfe879acecef2e76df7d9e6358d,460671aba0c8644dd54c9a32bc4323614be6d34e1a7d0d53d3d530ad63d08daf
421022,False,True,logging_only,COMPLETED,COMPLETED,0,0,0,0,76fb791fafbc6eb83d167afd691da9d7efb9acfe879acecef2e76df7d9e6358d,460671aba0c8644dd54c9a32bc4323614be6d34e1a7d0d53d3d530ad63d08daf
421023,False,False,monitor_enforced,COMPLETED,COMPLETED,0,0,0,0,76fb791fafbc6eb83d167afd691da9d7efb9acfe879acecef2e76df7d9e6358d,460671aba0c8644dd54c9a32bc4323614be6d34e1a7d0d53d3d530ad63d08daf
421024,True,False,logging_only,COMPLETED,CONTROLLED_STOP,1,0,1,0,76fb791fafbc6eb83d167afd691da9d7efb9acfe879acecef2e76df7d9e6358d,460671aba0c8644dd54c9a32bc4323614be6d34e1a7d0d53d3d530ad63d08daf
421025,False,True,monitor_enforced,COMPLETED,COMPLETED,0,0,0,0,76fb791fafbc6eb83d167afd691da9d7efb9acfe879acecef2e76df7d9e6358d,460671aba0c8644dd54c9a32bc4323614be6d34e1a7d0d53d3d530ad63d08daf
421026,False,True,monitor_enforced,COMPLETED,COMPLETED,0,0,0,0,76fb791fafbc6eb83d167afd691da9d7efb9acfe879acecef2e76df7d9e6358d,460671aba0c8644dd54c9a32bc4323614be6d34e1a7d0d53d3d530ad63d08daf
421027,False,False,logging_only,COMPLETED,COMPLETED,0,0,0,0,76fb791fafbc6eb83d167afd691da9d7efb9acfe879acecef2e76df7d9e6358d,460671aba0c8644dd54c9a32bc4323614be6d34e1a7d0d53d3d530ad63d08daf
421028,True,False,monitor_enforced,COMPLETED,CONTROLLED_STOP,1,0,1,0,76fb791fafbc6eb83d167afd691da9d7efb9acfe879acecef2e76df7d9e6358d,460671aba0c8644dd54c9a32bc4323614be6d34e1a7d0d53d3d530ad63d08daf
421029,True,True,monitor_enforced,COMPLETED,CONTROLLED_STOP,1,0,1,0,76fb791fafbc6eb83d167afd691da9d7efb9acfe879acecef2e76df7d9e6358d,460671aba0c8644dd54c9a32bc4323614be6d34e1a7d0d53d3d530ad63d08daf
421030,True,False,logging_only,COMPLETED,CONTROLLED_STOP,1,0,1,0,76fb791fafbc6eb83d167afd691da9d7efb9acfe879acecef2e76df7d9e6358d,460671aba0c8644dd54c9a32bc4323614be6d34e1a7d0d53d3d530ad63d08daf
421031,True,True,monitor_enforced,COMPLETED,CONTROLLED_STOP,1,0,1,0,76fb791fafbc6eb83d167afd691da9d7efb9acfe879acecef2e76df7d9e6358d,460671aba0c8644dd54c9a32bc4323614be6d34e1a7d0d53d3d530ad63d08daf
421032,True,False,logging_only,COMPLETED,CONTROLLED_STOP,1,0,1,0,76fb791fafbc6eb83d167afd691da9d7efb9acfe879acecef2e76df7d9e6358d,460671aba0c8644dd54c9a32bc4323614be6d34e1a7d0d53d3d530ad63d08daf
421033,True,False,logging_only,COMPLETED,CONTROLLED_STOP,1,0,1,0,76fb791fafbc6eb83d167afd691da9d7efb9acfe879acecef2e76df7d9e6358d,460671aba0c8644dd54c9a32bc4323614be6d34e1a7d0d53d3d530ad63d08daf
421034,False,True,monitor_enforced,COMPLETED,COMPLETED,0,0,0,0,76fb791fafbc6eb83d167afd691da9d7efb9acfe879acecef2e76df7d9e6358d,460671aba0c8644dd54c9a32bc4323614be6d34e1a7d0d53d3d530ad63d08daf
421035,True,True,monitor_enforced,COMPLETED,CONTROLLED_STOP,1,0,1,0,76fb791fafbc6eb83d167afd691da9d7efb9acfe879acecef2e76df7d9e6358d,460671aba0c8644dd54c9a32bc4323614be6d34e1a7d0d53d3d530ad63d08daf
421036,True,False,logging_only,COMPLETED,CONTROLLED_STOP,1,0,1,0,76fb791fafbc6eb83d167afd691da9d7efb9acfe879acecef2e76df7d9e6358d,460671aba0c8644dd54c9a32bc4323614be6d34e1a7d0d53d3d530ad63d08daf
421037,True,True,logging_only,COMPLETED,CONTROLLED_STOP,1,0,1,0,76fb791fafbc6eb83d167afd691da9d7efb9acfe879acecef2e76df7d9e6358d,460671aba0c8644dd54c9a32bc4323614be6d34e1a7d0d53d3d530ad63d08daf
421038,False,True,logging_only,COMPLETED,COMPLETED,0,0,0,0,76fb791fafbc6eb83d167afd691da9d7efb9acfe879acecef2e76df7d9e6358d,460671aba0c8644dd54c9a32bc4323614be6d34e1a7d0d53d3d530ad63d08daf
421039,False,True,logging_only,COMPLETED,COMPLETED,0,0,0,0,76fb791fafbc6eb83d167afd691da9d7efb9acfe879acecef2e76df7d9e6358d,460671aba0c8644dd54c9a32bc4323614be6d34e1a7d0d53d3d530ad63d08daf
421040,True,True,monitor_enforced,COMPLETED,CONTROLLED_STOP,1,0,1,0,76fb791fafbc6eb83d167afd691da9d7efb9acfe879acecef2e76df7d9e6358d,460671aba0c8644dd54c9a32bc4323614be6d34e1a7d0d53d3d530ad63d08daf
421041,True,False,monitor_enforced,COMPLETED,CONTROLLED_STOP,1,0,1,0,76fb791fafbc6eb83d167afd691da9d7efb9acfe879acecef2e76df7d9e6358d,460671aba0c8644dd54c9a32bc4323614be6d34e1a7d0d53d3d530ad63d08daf
421042,True,True,monitor_enforced,COMPLETED,CONTROLLED_STOP,1,0,1,0,76fb791fafbc6eb83d167afd691da9d7efb9acfe879acecef2e76df7d9e6358d,460671aba0c8644dd54c9a32bc4323614be6d34e1a7d0d53d3d530ad63d08daf
421043,False,True,monitor_enforced,COMPLETED,COMPLETED,0,0,0,0,76fb791fafbc6eb83d167afd691da9d7efb9acfe879acecef2e76df7d9e6358d,460671aba0c8644dd54c9a32bc4323614be6d34e1a7d0d53d3d530ad63d08daf
421044,False,True,logging_only,COMPLETED,COMPLETED,0,0,0,0,76fb791fafbc6eb83d167afd691da9d7efb9acfe879acecef2e76df7d9e6358d,460671aba0c8644dd54c9a32bc4323614be6d34e1a7d0d53d3d530ad63d08daf
421045,True,False,monitor_enforced,COMPLETED,CONTROLLED_STOP,1,0,1,0,76fb791fafbc6eb83d167afd691da9d7efb9acfe879acecef2e76df7d9e6358d,460671aba0c8644dd54c9a32bc4323614be6d34e1a7d0d53d3d530ad63d08daf
421046,True,True,logging_only,COMPLETED,CONTROLLED_STOP,1,0,1,0,76fb791fafbc6eb83d167afd691da9d7efb9acfe879acecef2e76df7d9e6358d,460671aba0c8644dd54c9a32bc4323614be6d34e1a7d0d53d3d530ad63d08daf
421047,False,False,logging_only,COMPLETED,COMPLETED,0,0,0,0,76fb791fafbc6eb83d167afd691da9d7efb9acfe879acecef2e76df7d9e6358d,460671aba0c8644dd54c9a32bc4323614be6d34e1a7d0d53d3d530ad63d08daf
421048,True,False,monitor_enforced,COMPLETED,CONTROLLED_STOP,1,0,1,0,76fb791fafbc6eb83d167afd691da9d7efb9acfe879acecef2e76df7d9e6358d,460671aba0c8644dd54c9a32bc4323614be6d34e1a7d0d53d3d530ad63d08daf
421049,True,False,logging_only,COMPLETED,CONTROLLED_STOP,1,0,1,0,76fb791fafbc6eb83d167afd691da9d7efb9acfe879acecef2e76df7d9e6358d,460671aba0c8644dd54c9a32bc4323614be6d34e1a7d0d53d3d530ad63d08daf
421050,False,False,monitor_enforced,COMPLETED,COMPLETED,0,0,0,0,76fb791fafbc6eb83d167afd691da9d7efb9acfe879acecef2e76df7d9e6358d,460671aba0c8644dd54c9a32bc4323614be6d34e1a7d0d53d3d530ad63d08daf
421051,True,True,monitor_enforced,COMPLETED,CONTROLLED_STOP,1,0,1,0,76fb791fafbc6eb83d167afd691da9d7efb9acfe879acecef2e76df7d9e6358d,460671aba0c8644dd54c9a32bc4323614be6d34e1a7d0d53d3d530ad63d08daf
421052,False,True,monitor_enforced,COMPLETED,COMPLETED,0,0,0,0,76fb791fafbc6eb83d167afd691da9d7efb9acfe879acecef2e76df7d9e6358d,460671aba0c8644dd54c9a32bc4323614be6d34e1a7d0d53d3d530ad63d08daf
421053,True,True,monitor_enforced,COMPLETED,CONTROLLED_STOP,1,0,1,0,76fb791fafbc6eb83d167afd691da9d7efb9acfe879acecef2e76df7d9e6358d,460671aba0c8644dd54c9a32bc4323614be6d34e1a7d0d53d3d530ad63d08daf
421054,False,True,monitor_enforced,COMPLETED,COMPLETED,0,0,0,0,76fb791fafbc6eb83d167afd691da9d7efb9acfe879acecef2e76df7d9e6358d,460671aba0c8644dd54c9a32bc4323614be6d34e1a7d0d53d3d530ad63d08daf
421055,True,False,monitor_enforced,COMPLETED,CONTROLLED_STOP,1,0,1,0,76fb791fafbc6eb83d167afd691da9d7efb9acfe879acecef2e76df7d9e6358d,460671aba0c8644dd54c9a32bc4323614be6d34e1a7d0d53d3d530ad63d08daf
421056,True,False,monitor_enforced,COMPLETED,CONTROLLED_STOP,1,0,1,0,76fb791fafbc6eb83d167afd691da9d7efb9acfe879acecef2e76df7d9e6358d,460671aba0c8644dd54c9a32bc4323614be6d34e1a7d0d53d3d530ad63d08daf
421057,True,True,monitor_enforced,COMPLETED,CONTROLLED_STOP,1,0,1,0,76fb791fafbc6eb83d167afd691da9d7efb9acfe879acecef2e76df7d9e6358d,460671aba0c8644dd54c9a32bc4323614be6d34e1a7d0d53d3d530ad63d08daf
421058,False,False,logging_only,COMPLETED,COMPLETED,0,0,0,0,76fb791fafbc6eb83d167afd691da9d7efb9acfe879acecef2e76df7d9e6358d,460671aba0c8644dd54c9a32bc4323614be6d34e1a7d0d53d3d530ad63d08daf
421059,True,False,monitor_enforced,COMPLETED,CONTROLLED_STOP,1,0,1,0,76fb791fafbc6eb83d167afd691da9d7efb9acfe879acecef2e76df7d9e6358d,460671aba0c8644dd54c9a32bc4323614be6d34e1a7d0d53d3d530ad63d08daf
421060,True,False,monitor_enforced,COMPLETED,CONTROLLED_STOP,1,0,1,0,76fb791fafbc6eb83d167afd691da9d7efb9acfe879acecef2e76df7d9e6358d,460671aba0c8644dd54c9a32bc4323614be6d34e1a7d0d53d3d530ad63d08daf
421061,False,False,logging_only,COMPLETED,COMPLETED,0,0,0,0,76fb791fafbc6eb83d167afd691da9d7efb9acfe879acecef2e76df7d9e6358d,460671aba0c8644dd54c9a32bc4323614be6d34e1a7d0d53d3d530ad63d08daf
421062,True,False,monitor_enforced,COMPLETED,CONTROLLED_STOP,1,0,1,0,76fb791fafbc6eb83d167afd691da9d7efb9acfe879acecef2e76df7d9e6358d,460671aba0c8644dd54c9a32bc4323614be6d34e1a7d0d53d3d530ad63d08daf
421063,False,False,monitor_enforced,COMPLETED,COMPLETED,0,0,0,0,76fb791fafbc6eb83d167afd691da9d7efb9acfe879acecef2e76df7d9e6358d,460671aba0c8644dd54c9a32bc4323614be6d34e1a7d0d53d3d530ad63d08daf
421064,True,False,logging_only,COMPLETED,CONTROLLED_STOP,1,0,1,0,76fb791fafbc6eb83d167afd691da9d7efb9acfe879acecef2e76df7d9e6358d,460671aba0c8644dd54c9a32bc4323614be6d34e1a7d0d53d3d530ad63d08daf
421065,False,False,logging_only,COMPLETED,COMPLETED,0,0,0,0,76fb791fafbc6eb83d167afd691da9d7efb9acfe879acecef2e76df7d9e6358d,460671aba0c8644dd54c9a32bc4323614be6d34e1a7d0d53d3d530ad63d08daf
421066,True,False,monitor_enforced,COMPLETED,CONTROLLED_STOP,1,0,1,0,76fb791fafbc6eb83d167afd691da9d7efb9acfe879acecef2e76df7d9e6358d,460671aba0c8644dd54c9a32bc4323614be6d34e1a7d0d53d3d530ad63d08daf
421067,True,False,monitor_enforced,COMPLETED,CONTROLLED_STOP,1,0,1,0,76fb791fafbc6eb83d167afd691da9d7efb9acfe879acecef2e76df7d9e6358d,460671aba0c8644dd54c9a32bc4323614be6d34e1a7d0d53d3d530ad63d08daf
421068,False,True,monitor_enforced,COMPLETED,COMPLETED,0,0,0,0,76fb791fafbc6eb83d167afd691da9d7efb9acfe879acecef2e76df7d9e6358d,460671aba0c8644dd54c9a32bc4323614be6d34e1a7d0d53d3d530ad63d08daf
421069,True,False,monitor_enforced,COMPLETED,CONTROLLED_STOP,1,0,1,0,76fb791fafbc6eb83d167afd691da9d7efb9acfe879acecef2e76df7d9e6358d,460671aba0c8644dd54c9a32bc4323614be6d34e1a7d0d53d3d530ad63d08daf
421070,True,False,logging_only,COMPLETED,CONTROLLED_STOP,1,0,1,0,76fb791fafbc6eb83d167afd691da9d7efb9acfe879acecef2e76df7d9e6358d,460671aba0c8644dd54c9a32bc4323614be6d34e1a7d0d53d3d530ad63d08daf
421071,True,False,monitor_enforced,COMPLETED,CONTROLLED_STOP,1,0,1,0,76fb791fafbc6eb83d167afd691da9d7efb9acfe879acecef2e76df7d9e6358d,460671aba0c8644dd54c9a32bc4323614be6d34e1a7d0d53d3d530ad63d08daf
421072,False,True,monitor_enforced,COMPLETED,COMPLETED,0,0,0,0,76fb791fafbc6eb83d167afd691da9d7efb9acfe879acecef2e76df7d9e6358d,460671aba0c8644dd54c9a32bc4323614be6d34e1a7d0d53d3d530ad63d08daf
421073,True,False,logging_only,COMPLETED,CONTROLLED_STOP,1,0,1,0,76fb791fafbc6eb83d167afd691da9d7efb9acfe879acecef2e76df7d9e6358d,460671aba0c8644dd54c9a32bc4323614be6d34e1a7d0d53d3d530ad63d08daf
421074,True,False,logging_only,COMPLETED,CONTROLLED_STOP,1,0,1,0,76fb791fafbc6eb83d167afd691da9d7efb9acfe879acecef2e76df7d9e6358d,460671aba0c8644dd54c9a32bc4323614be6d34e1a7d0d53d3d530ad63d08daf
421075,True,False,monitor_enforced,COMPLETED,CONTROLLED_STOP,1,0,1,0,76fb791fafbc6eb83d167afd691da9d7efb9acfe879acecef2e76df7d9e6358d,460671aba0c8644dd54c9a32bc4323614be6d34e1a7d0d53d3d530ad63d08daf
421076,True,True,monitor_enforced,COMPLETED,CONTROLLED_STOP,1,0,1,0,76fb791fafbc6eb83d167afd691da9d7efb9acfe879acecef2e76df7d9e6358d,460671aba0c8644dd54c9a32bc4323614be6d34e1a7d0d53d3d530ad63d08daf
421077,False,False,logging_only,COMPLETED,COMPLETED,0,0,0,0,76fb791fafbc6eb83d167afd691da9d7efb9acfe879acecef2e76df7d9e6358d,460671aba0c8644dd54c9a32bc4323614be6d34e1a7d0d53d3d530ad63d08daf
421078,True,False,monitor_enforced,COMPLETED,CONTROLLED_STOP,1,0,1,0,76fb791fafbc6eb83d167afd691da9d7efb9acfe879acecef2e76df7d9e6358d,460671aba0c8644dd54c9a32bc4323614be6d34e1a7d0d53d3d530ad63d08daf
421079,True,False,monitor_enforced,COMPLETED,CONTROLLED_STOP,1,0,1,0,76fb791fafbc6eb83d167afd691da9d7efb9acfe879acecef2e76df7d9e6358d,460671aba0c8644dd54c9a32bc4323614be6d34e1a7d0d53d3d530ad63d08daf
421080,True,True,monitor_enforced,COMPLETED,CONTROLLED_STOP,1,0,1,0,76fb791fafbc6eb83d167afd691da9d7efb9acfe879acecef2e76df7d9e6358d,460671aba0c8644dd54c9a32bc4323614be6d34e1a7d0d53d3d530ad63d08daf
421081,True,True,logging_only,COMPLETED,CONTROLLED_STOP,1,0,1,0,76fb791fafbc6eb83d167afd691da9d7efb9acfe879acecef2e76df7d9e6358d,460671aba0c8644dd54c9a32bc4323614be6d34e1a7d0d53d3d530ad63d08daf
421082,False,True,monitor_enforced,COMPLETED,COMPLETED,0,0,0,0,76fb791fafbc6eb83d167afd691da9d7efb9acfe879acecef2e76df7d9e6358d,460671aba0c8644dd54c9a32bc4323614be6d34e1a7d0d53d3d530ad63d08daf
421083,True,False,logging_only,COMPLETED,CONTROLLED_STOP,1,0,1,0,76fb791fafbc6eb83d167afd691da9d7efb9acfe879acecef2e76df7d9e6358d,460671aba0c8644dd54c9a32bc4323614be6d34e1a7d0d53d3d530ad63d08daf
421084,False,False,logging_only,COMPLETED,COMPLETED,0,0,0,0,76fb791fafbc6eb83d167afd691da9d7efb9acfe879acecef2e76df7d9e6358d,460671aba0c8644dd54c9a32bc4323614be6d34e1a7d0d53d3d530ad63d08daf
421085,False,False,monitor_enforced,COMPLETED,COMPLETED,0,0,0,0,76fb791fafbc6eb83d167afd691da9d7efb9acfe879acecef2e76df7d9e6358d,460671aba0c8644dd54c9a32bc4323614be6d34e1a7d0d53d3d530ad63d08daf
421086,True,False,monitor_enforced,COMPLETED,CONTROLLED_STOP,1,0,1,0,76fb791fafbc6eb83d167afd691da9d7efb9acfe879acecef2e76df7d9e6358d,460671aba0c8644dd54c9a32bc4323614be6d34e1a7d0d53d3d530ad63d08daf
421087,False,True,monitor_enforced,COMPLETED,COMPLETED,0,0,0,0,76fb791fafbc6eb83d167afd691da9d7efb9acfe879acecef2e76df7d9e6358d,460671aba0c8644dd54c9a32bc4323614be6d34e1a7d0d53d3d530ad63d08daf
421088,True,False,monitor_enforced,COMPLETED,CONTROLLED_STOP,1,0,1,0,76fb791fafbc6eb83d167afd691da9d7efb9acfe879acecef2e76df7d9e6358d,460671aba0c8644dd54c9a32bc4323614be6d34e1a7d0d53d3d530ad63d08daf
421089,False,False,logging_only,COMPLETED,COMPLETED,0,0,0,0,76fb791fafbc6eb83d167afd691da9d7efb9acfe879acecef2e76df7d9e6358d,460671aba0c8644dd54c9a32bc4323614be6d34e1a7d0d53d3d530ad63d08daf
421090,True,True,monitor_enforced,COMPLETED,CONTROLLED_STOP,1,0,1,0,76fb791fafbc6eb83d167afd691da9d7efb9acfe879acecef2e76df7d9e6358d,460671aba0c8644dd54c9a32bc4323614be6d34e1a7d0d53d3d530ad63d08daf
421091,False,False,logging_only,COMPLETED,COMPLETED,0,0,0,0,76fb791fafbc6eb83d167afd691da9d7efb9acfe879acecef2e76df7d9e6358d,460671aba0c8644dd54c9a32bc4323614be6d34e1a7d0d53d3d530ad63d08daf
421092,False,False,monitor_enforced,COMPLETED,COMPLETED,0,0,0,0,76fb791fafbc6eb83d167afd691da9d7efb9acfe879acecef2e76df7d9e6358d,460671aba0c8644dd54c9a32bc4323614be6d34e1a7d0d53d3d530ad63d08daf
421093,True,True,monitor_enforced,COMPLETED,CONTROLLED_STOP,1,0,1,0,76fb791fafbc6eb83d167afd691da9d7efb9acfe879acecef2e76df7d9e6358d,460671aba0c8644dd54c9a32bc4323614be6d34e1a7d0d53d3d530ad63d08daf
421094,False,True,logging_only,COMPLETED,COMPLETED,0,0,0,0,76fb791fafbc6eb83d167afd691da9d7efb9acfe879acecef2e76df7d9e6358d,460671aba0c8644dd54c9a32bc4323614be6d34e1a7d0d53d3d530ad63d08daf
421095,False,False,monitor_enforced,COMPLETED,COMPLETED,0,0,0,0,76fb791fafbc6eb83d167afd691da9d7efb9acfe879acecef2e76df7d9e6358d,460671aba0c8644dd54c9a32bc4323614be6d34e1a7d0d53d3d530ad63d08daf
421096,False,False,logging_only,COMPLETED,COMPLETED,0,0,0,0,76fb791fafbc6eb83d167afd691da9d7efb9acfe879acecef2e76df7d9e6358d,460671aba0c8644dd54c9a32bc4323614be6d34e1a7d0d53d3d530ad63d08daf
421097,True,False,monitor_enforced,COMPLETED,CONTROLLED_STOP,1,0,1,0,76fb791fafbc6eb83d167afd691da9d7efb9acfe879acecef2e76df7d9e6358d,460671aba0c8644dd54c9a32bc4323614be6d34e1a7d0d53d3d530ad63d08daf
421098,True,True,logging_only,COMPLETED,CONTROLLED_STOP,1,0,1,0,76fb791fafbc6eb83d167afd691da9d7efb9acfe879acecef2e76df7d9e6358d,460671aba0c8644dd54c9a32bc4323614be6d34e1a7d0d53d3d530ad63d08daf
421099,False,True,monitor_enforced,COMPLETED,COMPLETED,0,0,0,0,76fb791fafbc6eb83d167afd691da9d7efb9acfe879acecef2e76df7d9e6358d,460671aba0c8644dd54c9a32bc4323614be6d34e1a7d0d53d3d530ad63d08daf
421100,True,False,monitor_enforced,COMPLETED,CONTROLLED_STOP,1,0,1,0,76fb791fafbc6eb83d167afd691da9d7efb9acfe879acecef2e76df7d9e6358d,460671aba0c8644dd54c9a32bc4323614be6d34e1a7d0d53d3d530ad63d08daf
421101,False,False,monitor_enforced,COMPLETED,COMPLETED,0,0,0,0,76fb791fafbc6eb83d167afd691da9d7efb9acfe879acecef2e76df7d9e6358d,460671aba0c8644dd54c9a32bc4323614be6d34e1a7d0d53d3d530ad63d08daf
421102,True,True,monitor_enforced,COMPLETED,CONTROLLED_STOP,1,0,1,0,76fb791fafbc6eb83d167afd691da9d7efb9acfe879acecef2e76df7d9e6358d,460671aba0c8644dd54c9a32bc4323614be6d34e1a7d0d53d3d530ad63d08daf
421103,False,True,monitor_enforced,COMPLETED,COMPLETED,0,0,0,0,76fb791fafbc6eb83d167afd691da9d7efb9acfe879acecef2e76df7d9e6358d,460671aba0c8644dd54c9a32bc4323614be6d34e1a7d0d53d3d530ad63d08daf
421104,False,False,logging_only,COMPLETED,COMPLETED,0,0,0,0,76fb791fafbc6eb83d167afd691da9d7efb9acfe879acecef2e76df7d9e6358d,460671aba0c8644dd54c9a32bc4323614be6d34e1a7d0d53d3d530ad63d08daf
421105,False,True,monitor_enforced,COMPLETED,COMPLETED,0,0,0,0,76fb791fafbc6eb83d167afd691da9d7efb9acfe879acecef2e76df7d9e6358d,460671aba0c8644dd54c9a32bc4323614be6d34e1a7d0d53d3d530ad63d08daf
421106,True,False,monitor_enforced,COMPLETED,CONTROLLED_STOP,1,0,1,0,76fb791fafbc6eb83d167afd691da9d7efb9acfe879acecef2e76df7d9e6358d,460671aba0c8644dd54c9a32bc4323614be6d34e1a7d0d53d3d530ad63d08daf
421107,True,True,monitor_enforced,COMPLETED,CONTROLLED_STOP,1,0,1,0,76fb791fafbc6eb83d167afd691da9d7efb9acfe879acecef2e76df7d9e6358d,460671aba0c8644dd54c9a32bc4323614be6d34e1a7d0d53d3d530ad63d08daf
421108,True,False,logging_only,COMPLETED,CONTROLLED_STOP,1,0,1,0,76fb791fafbc6eb83d167afd691da9d7efb9acfe879acecef2e76df7d9e6358d,460671aba0c8644dd54c9a32bc4323614be6d34e1a7d0d53d3d530ad63d08daf
421109,False,False,monitor_enforced,COMPLETED,COMPLETED,0,0,0,0,76fb791fafbc6eb83d167afd691da9d7efb9acfe879acecef2e76df7d9e6358d,460671aba0c8644dd54c9a32bc4323614be6d34e1a7d0d53d3d530ad63d08daf
421110,False,False,logging_only,COMPLETED,COMPLETED,0,0,0,0,76fb791fafbc6eb83d167afd691da9d7efb9acfe879acecef2e76df7d9e6358d,460671aba0c8644dd54c9a32bc4323614be6d34e1a7d0d53d3d530ad63d08daf
421111,True,True,monitor_enforced,COMPLETED,CONTROLLED_STOP,1,0,1,0,76fb791fafbc6eb83d167afd691da9d7efb9acfe879acecef2e76df7d9e6358d,460671aba0c8644dd54c9a32bc4323614be6d34e1a7d0d53d3d530ad63d08daf
421112,False,True,logging_only,COMPLETED,COMPLETED,0,0,0,0,76fb791fafbc6eb83d167afd691da9d7efb9acfe879acecef2e76df7d9e6358d,460671aba0c8644dd54c9a32bc4323614be6d34e1a7d0d53d3d530ad63d08daf
421113,True,True,logging_only,COMPLETED,CONTROLLED_STOP,1,0,1,0,76fb791fafbc6eb83d167afd691da9d7efb9acfe879acecef2e76df7d9e6358d,460671aba0c8644dd54c9a32bc4323614be6d34e1a7d0d53d3d530ad63d08daf
421114,False,False,logging_only,COMPLETED,COMPLETED,0,0,0,0,76fb791fafbc6eb83d167afd691da9d7efb9acfe879acecef2e76df7d9e6358d,460671aba0c8644dd54c9a32bc4323614be6d34e1a7d0d53d3d530ad63d08daf
421115,True,False,logging_only,COMPLETED,CONTROLLED_STOP,1,0,1,0,76fb791fafbc6eb83d167afd691da9d7efb9acfe879acecef2e76df7d9e6358d,460671aba0c8644dd54c9a32bc4323614be6d34e1a7d0d53d3d530ad63d08daf
421116,False,False,logging_only,COMPLETED,COMPLETED,0,0,0,0,76fb791fafbc6eb83d167afd691da9d7efb9acfe879acecef2e76df7d9e6358d,460671aba0c8644dd54c9a32bc4323614be6d34e1a7d0d53d3d530ad63d08daf
421117,True,False,monitor_enforced,COMPLETED,CONTROLLED_STOP,1,0,1,0,76fb791fafbc6eb83d167afd691da9d7efb9acfe879acecef2e76df7d9e6358d,460671aba0c8644dd54c9a32bc4323614be6d34e1a7d0d53d3d530ad63d08daf
421118,True,False,monitor_enforced,COMPLETED,CONTROLLED_STOP,1,0,1,0,76fb791fafbc6eb83d167afd691da9d7efb9acfe879acecef2e76df7d9e6358d,460671aba0c8644dd54c9a32bc4323614be6d34e1a7d0d53d3d530ad63d08daf
421119,False,True,logging_only,COMPLETED,COMPLETED,0,0,0,0,76fb791fafbc6eb83d167afd691da9d7efb9acfe879acecef2e76df7d9e6358d,460671aba0c8644dd54c9a32bc4323614be6d34e1a7d0d53d3d530ad63d08daf
421120,False,True,logging_only,COMPLETED,COMPLETED,0,0,0,0,76fb791fafbc6eb83d167afd691da9d7efb9acfe879acecef2e76df7d9e6358d,460671aba0c8644dd54c9a32bc4323614be6d34e1a7d0d53d3d530ad63d08daf
421121,False,False,monitor_enforced,COMPLETED,COMPLETED,0,0,0,0,76fb791fafbc6eb83d167afd691da9d7efb9acfe879acecef2e76df7d9e6358d,460671aba0c8644dd54c9a32bc4323614be6d34e1a7d0d53d3d530ad63d08daf
421122,False,False,monitor_enforced,COMPLETED,COMPLETED,0,0,0,0,76fb791fafbc6eb83d167afd691da9d7efb9acfe879acecef2e76df7d9e6358d,460671aba0c8644dd54c9a32bc4323614be6d34e1a7d0d53d3d530ad63d08daf
421123,False,True,logging_only,COMPLETED,COMPLETED,0,0,0,0,76fb791fafbc6eb83d167afd691da9d7efb9acfe879acecef2e76df7d9e6358d,460671aba0c8644dd54c9a32bc4323614be6d34e1a7d0d53d3d530ad63d08daf
421124,True,True,monitor_enforced,COMPLETED,CONTROLLED_STOP,1,0,1,0,76fb791fafbc6eb83d167afd691da9d7efb9acfe879acecef2e76df7d9e6358d,460671aba0c8644dd54c9a32bc4323614be6d34e1a7d0d53d3d530ad63d08daf
421125,True,False,monitor_enforced,COMPLETED,CONTROLLED_STOP,1,0,1,0,76fb791fafbc6eb83d167afd691da9d7efb9acfe879acecef2e76df7d9e6358d,460671aba0c8644dd54c9a32bc4323614be6d34e1a7d0d53d3d530ad63d08daf
421126,False,False,logging_only,COMPLETED,COMPLETED,0,0,0,0,76fb791fafbc6eb83d167afd691da9d7efb9acfe879acecef2e76df7d9e6358d,460671aba0c8644dd54c9a32bc4323614be6d34e1a7d0d53d3d530ad63d08daf
421127,False,False,logging_only,COMPLETED,COMPLETED,0,0,0,0,76fb791fafbc6eb83d167afd691da9d7efb9acfe879acecef2e76df7d9e6358d,460671aba0c8644dd54c9a32bc4323614be6d34e1a7d0d53d3d530ad63d08daf
421128,True,False,monitor_enforced,COMPLETED,CONTROLLED_STOP,1,0,1,0,76fb791fafbc6eb83d167afd691da9d7efb9acfe879acecef2e76df7d9e6358d,460671aba0c8644dd54c9a32bc4323614be6d34e1a7d0d53d3d530ad63d08daf
421129,False,False,logging_only,COMPLETED,COMPLETED,0,0,0,0,76fb791fafbc6eb83d167afd691da9d7efb9acfe879acecef2e76df7d9e6358d,460671aba0c8644dd54c9a32bc4323614be6d34e1a7d0d53d3d530ad63d08daf
421130,False,True,monitor_enforced,COMPLETED,COMPLETED,0,0,0,0,76fb791fafbc6eb83d167afd691da9d7efb9acfe879acecef2e76df7d9e6358d,460671aba0c8644dd54c9a32bc4323614be6d34e1a7d0d53d3d530ad63d08daf
421131,False,True,logging_only,COMPLETED,COMPLETED,0,0,0,0,76fb791fafbc6eb83d167afd691da9d7efb9acfe879acecef2e76df7d9e6358d,460671aba0c8644dd54c9a32bc4323614be6d34e1a7d0d53d3d530ad63d08daf
421132,False,False,logging_only,COMPLETED,COMPLETED,0,0,0,0,76fb791fafbc6eb83d167afd691da9d7efb9acfe879acecef2e76df7d9e6358d,460671aba0c8644dd54c9a32bc4323614be6d34e1a7d0d53d3d530ad63d08daf
421133,False,True,monitor_enforced,COMPLETED,COMPLETED,0,0,0,0,76fb791fafbc6eb83d167afd691da9d7efb9acfe879acecef2e76df7d9e6358d,460671aba0c8644dd54c9a32bc4323614be6d34e1a7d0d53d3d530ad63d08daf
421134,False,True,logging_only,COMPLETED,COMPLETED,0,0,0,0,76fb791fafbc6eb83d167afd691da9d7efb9acfe879acecef2e76df7d9e6358d,460671aba0c8644dd54c9a32bc4323614be6d34e1a7d0d53d3d530ad63d08daf
421135,False,False,logging_only,COMPLETED,COMPLETED,0,0,0,0,76fb791fafbc6eb83d167afd691da9d7efb9acfe879acecef2e76df7d9e6358d,460671aba0c8644dd54c9a32bc4323614be6d34e1a7d0d53d3d530ad63d08daf
421136,True,True,logging_only,COMPLETED,CONTROLLED_STOP,1,0,1,0,76fb791fafbc6eb83d167afd691da9d7efb9acfe879acecef2e76df7d9e6358d,460671aba0c8644dd54c9a32bc4323614be6d34e1a7d0d53d3d530ad63d08daf
421137,False,False,logging_only,COMPLETED,COMPLETED,0,0,0,0,76fb791fafbc6eb83d167afd691da9d7efb9acfe879acecef2e76df7d9e6358d,460671aba0c8644dd54c9a32bc4323614be6d34e1a7d0d53d3d530ad63d08daf
421138,False,False,monitor_enforced,COMPLETED,COMPLETED,0,0,0,0,76fb791fafbc6eb83d167afd691da9d7efb9acfe879acecef2e76df7d9e6358d,460671aba0c8644dd54c9a32bc4323614be6d34e1a7d0d53d3d530ad63d08daf
421139,True,True,monitor_enforced,COMPLETED,CONTROLLED_STOP,1,0,1,0,76fb791fafbc6eb83d167afd691da9d7efb9acfe879acecef2e76df7d9e6358d,460671aba0c8644dd54c9a32bc4323614be6d34e1a7d0d53d3d530ad63d08daf
421140,False,False,monitor_enforced,COMPLETED,COMPLETED,0,0,0,0,76fb791fafbc6eb83d167afd691da9d7efb9acfe879acecef2e76df7d9e6358d,460671aba0c8644dd54c9a32bc4323614be6d34e1a7d0d53d3d530ad63d08daf
421141,False,True,monitor_enforced,COMPLETED,COMPLETED,0,0,0,0,76fb791fafbc6eb83d167afd691da9d7efb9acfe879acecef2e76df7d9e6358d,460671aba0c8644dd54c9a32bc4323614be6d34e1a7d0d53d3d530ad63d08daf
421142,False,False,monitor_enforced,COMPLETED,COMPLETED,0,0,0,0,76fb791fafbc6eb83d167afd691da9d7efb9acfe879acecef2e76df7d9e6358d,460671aba0c8644dd54c9a32bc4323614be6d34e1a7d0d53d3d530ad63d08daf
421143,True,False,logging_only,COMPLETED,CONTROLLED_STOP,1,0,1,0,76fb791fafbc6eb83d167afd691da9d7efb9acfe879acecef2e76df7d9e6358d,460671aba0c8644dd54c9a32bc4323614be6d34e1a7d0d53d3d530ad63d08daf
421144,False,True,logging_only,COMPLETED,COMPLETED,0,0,0,0,76fb791fafbc6eb83d167afd691da9d7efb9acfe879acecef2e76df7d9e6358d,460671aba0c8644dd54c9a32bc4323614be6d34e1a7d0d53d3d530ad63d08daf
421145,False,False,logging_only,COMPLETED,COMPLETED,0,0,0,0,76fb791fafbc6eb83d167afd691da9d7efb9acfe879acecef2e76df7d9e6358d,460671aba0c8644dd54c9a32bc4323614be6d34e1a7d0d53d3d530ad63d08daf
421146,True,False,monitor_enforced,COMPLETED,CONTROLLED_STOP,1,0,1,0,76fb791fafbc6eb83d167afd691da9d7efb9acfe879acecef2e76df7d9e6358d,460671aba0c8644dd54c9a32bc4323614be6d34e1a7d0d53d3d530ad63d08daf
421147,True,True,monitor_enforced,COMPLETED,CONTROLLED_STOP,1,0,1,0,76fb791fafbc6eb83d167afd691da9d7efb9acfe879acecef2e76df7d9e6358d,460671aba0c8644dd54c9a32bc4323614be6d34e1a7d0d53d3d530ad63d08daf
421148,False,False,monitor_enforced,COMPLETED,COMPLETED,0,0,0,0,76fb791fafbc6eb83d167afd691da9d7efb9acfe879acecef2e76df7d9e6358d,460671aba0c8644dd54c9a32bc4323614be6d34e1a7d0d53d3d530ad63d08daf
421149,False,True,logging_only,COMPLETED,COMPLETED,0,0,0,0,76fb791fafbc6eb83d167afd691da9d7efb9acfe879acecef2e76df7d9e6358d,460671aba0c8644dd54c9a32bc4323614be6d34e1a7d0d53d3d530ad63d08daf
421150,False,True,logging_only,COMPLETED,COMPLETED,0,0,0,0,76fb791fafbc6eb83d167afd691da9d7efb9acfe879acecef2e76df7d9e6358d,460671aba0c8644dd54c9a32bc4323614be6d34e1a7d0d53d3d530ad63d08daf
421151,False,False,monitor_enforced,COMPLETED,COMPLETED,0,0,0,0,76fb791fafbc6eb83d167afd691da9d7efb9acfe879acecef2e76df7d9e6358d,460671aba0c8644dd54c9a32bc4323614be6d34e1a7d0d53d3d530ad63d08daf
421152,True,True,logging_only,COMPLETED,CONTROLLED_STOP,1,0,1,0,76fb791fafbc6eb83d167afd691da9d7efb9acfe879acecef2e76df7d9e6358d,460671aba0c8644dd54c9a32bc4323614be6d34e1a7d0d53d3d530ad63d08daf
421153,False,True,logging_only,COMPLETED,COMPLETED,0,0,0,0,76fb791fafbc6eb83d167afd691da9d7efb9acfe879acecef2e76df7d9e6358d,460671aba0c8644dd54c9a32bc4323614be6d34e1a7d0d53d3d530ad63d08daf
421154,True,True,logging_only,COMPLETED,CONTROLLED_STOP,1,0,1,0,76fb791fafbc6eb83d167afd691da9d7efb9acfe879acecef2e76df7d9e6358d,460671aba0c8644dd54c9a32bc4323614be6d34e1a7d0d53d3d530ad63d08daf
421155,True,False,logging_only,COMPLETED,CONTROLLED_STOP,1,0,1,0,76fb791fafbc6eb83d167afd691da9d7efb9acfe879acecef2e76df7d9e6358d,460671aba0c8644dd54c9a32bc4323614be6d34e1a7d0d53d3d530ad63d08daf
421156,False,True,logging_only,COMPLETED,COMPLETED,0,0,0,0,76fb791fafbc6eb83d167afd691da9d7efb9acfe879acecef2e76df7d9e6358d,460671aba0c8644dd54c9a32bc4323614be6d34e1a7d0d53d3d530ad63d08daf
421157,False,True,monitor_enforced,COMPLETED,COMPLETED,0,0,0,0,76fb791fafbc6eb83d167afd691da9d7efb9acfe879acecef2e76df7d9e6358d,460671aba0c8644dd54c9a32bc4323614be6d34e1a7d0d53d3d530ad63d08daf
421158,False,False,logging_only,COMPLETED,COMPLETED,0,0,0,0,76fb791fafbc6eb83d167afd691da9d7efb9acfe879acecef2e76df7d9e6358d,460671aba0c8644dd54c9a32bc4323614be6d34e1a7d0d53d3d530ad63d08daf
421159,True,False,monitor_enforced,COMPLETED,CONTROLLED_STOP,1,0,1,0,76fb791fafbc6eb83d167afd691da9d7efb9acfe879acecef2e76df7d9e6358d,460671aba0c8644dd54c9a32bc4323614be6d34e1a7d0d53d3d530ad63d08daf
421160,True,False,monitor_enforced,COMPLETED,CONTROLLED_STOP,1,0,1,0,76fb791fafbc6eb83d167afd691da9d7efb9acfe879acecef2e76df7d9e6358d,460671aba0c8644dd54c9a32bc4323614be6d34e1a7d0d53d3d530ad63d08daf
421161,True,False,monitor_enforced,COMPLETED,CONTROLLED_STOP,1,0,1,0,76fb791fafbc6eb83d167afd691da9d7efb9acfe879acecef2e76df7d9e6358d,460671aba0c8644dd54c9a32bc4323614be6d34e1a7d0d53d3d530ad63d08daf
421162,True,False,monitor_enforced,COMPLETED,CONTROLLED_STOP,1,0,1,0,76fb791fafbc6eb83d167afd691da9d7efb9acfe879acecef2e76df7d9e6358d,460671aba0c8644dd54c9a32bc4323614be6d34e1a7d0d53d3d530ad63d08daf
421163,False,True,logging_only,COMPLETED,COMPLETED,0,0,0,0,76fb791fafbc6eb83d167afd691da9d7efb9acfe879acecef2e76df7d9e6358d,460671aba0c8644dd54c9a32bc4323614be6d34e1a7d0d53d3d530ad63d08daf
421164,False,True,logging_only,COMPLETED,COMPLETED,0,0,0,0,76fb791fafbc6eb83d167afd691da9d7efb9acfe879acecef2e76df7d9e6358d,460671aba0c8644dd54c9a32bc4323614be6d34e1a7d0d53d3d530ad63d08daf
421165,True,False,logging_only,COMPLETED,CONTROLLED_STOP,1,0,1,0,76fb791fafbc6eb83d167afd691da9d7efb9acfe879acecef2e76df7d9e6358d,460671aba0c8644dd54c9a32bc4323614be6d34e1a7d0d53d3d530ad63d08daf
421166,False,False,logging_only,COMPLETED,COMPLETED,0,0,0,0,76fb791fafbc6eb83d167afd691da9d7efb9acfe879acecef2e76df7d9e6358d,460671aba0c8644dd54c9a32bc4323614be6d34e1a7d0d53d3d530ad63d08daf
421167,True,False,monitor_enforced,COMPLETED,CONTROLLED_STOP,1,0,1,0,76fb791fafbc6eb83d167afd691da9d7efb9acfe879acecef2e76df7d9e6358d,460671aba0c8644dd54c9a32bc4323614be6d34e1a7d0d53d3d530ad63d08daf
421168,False,True,logging_only,COMPLETED,COMPLETED,0,0,0,0,76fb791fafbc6eb83d167afd691da9d7efb9acfe879acecef2e76df7d9e6358d,460671aba0c8644dd54c9a32bc4323614be6d34e1a7d0d53d3d530ad63d08daf
421169,True,True,monitor_enforced,COMPLETED,CONTROLLED_STOP,1,0,1,0,76fb791fafbc6eb83d167afd691da9d7efb9acfe879acecef2e76df7d9e6358d,460671aba0c8644dd54c9a32bc4323614be6d34e1a7d0d53d3d530ad63d08daf
421170,False,False,monitor_enforced,COMPLETED,COMPLETED,0,0,0,0,76fb791fafbc6eb83d167afd691da9d7efb9acfe879acecef2e76df7d9e6358d,460671aba0c8644dd54c9a32bc4323614be6d34e1a7d0d53d3d530ad63d08daf
421171,False,False,logging_only,COMPLETED,COMPLETED,0,0,0,0,76fb791fafbc6eb83d167afd691da9d7efb9acfe879acecef2e76df7d9e6358d,460671aba0c8644dd54c9a32bc4323614be6d34e1a7d0d53d3d530ad63d08daf
421172,False,True,monitor_enforced,COMPLETED,COMPLETED,0,0,0,0,76fb791fafbc6eb83d167afd691da9d7efb9acfe879acecef2e76df7d9e6358d,460671aba0c8644dd54c9a32bc4323614be6d34e1a7d0d53d3d530ad63d08daf
421173,False,False,logging_only,COMPLETED,COMPLETED,0,0,0,0,76fb791fafbc6eb83d167afd691da9d7efb9acfe879acecef2e76df7d9e6358d,460671aba0c8644dd54c9a32bc4323614be6d34e1a7d0d53d3d530ad63d08daf
421174,True,True,logging_only,COMPLETED,CONTROLLED_STOP,1,0,1,0,76fb791fafbc6eb83d167afd691da9d7efb9acfe879acecef2e76df7d9e6358d,460671aba0c8644dd54c9a32bc4323614be6d34e1a7d0d53d3d530ad63d08daf
421175,True,True,logging_only,COMPLETED,CONTROLLED_STOP,1,0,1,0,76fb791fafbc6eb83d167afd691da9d7efb9acfe879acecef2e76df7d9e6358d,460671aba0c8644dd54c9a32bc4323614be6d34e1a7d0d53d3d530ad63d08daf
421176,True,True,logging_only,COMPLETED,CONTROLLED_STOP,1,0,1,0,76fb791fafbc6eb83d167afd691da9d7efb9acfe879acecef2e76df7d9e6358d,460671aba0c8644dd54c9a32bc4323614be6d34e1a7d0d53d3d530ad63d08daf
421177,True,False,monitor_enforced,COMPLETED,CONTROLLED_STOP,1,0,1,0,76fb791fafbc6eb83d167afd691da9d7efb9acfe879acecef2e76df7d9e6358d,460671aba0c8644dd54c9a32bc4323614be6d34e1a7d0d53d3d530ad63d08daf
421178,True,False,logging_only,COMPLETED,CONTROLLED_STOP,1,0,1,0,76fb791fafbc6eb83d167afd691da9d7efb9acfe879acecef2e76df7d9e6358d,460671aba0c8644dd54c9a32bc4323614be6d34e1a7d0d53d3d530ad63d08daf
421179,True,False,monitor_enforced,COMPLETED,CONTROLLED_STOP,1,0,1,0,76fb791fafbc6eb83d167afd691da9d7efb9acfe879acecef2e76df7d9e6358d,460671aba0c8644dd54c9a32bc4323614be6d34e1a7d0d53d3d530ad63d08daf
421180,False,True,logging_only,COMPLETED,COMPLETED,0,0,0,0,76fb791fafbc6eb83d167afd691da9d7efb9acfe879acecef2e76df7d9e6358d,460671aba0c8644dd54c9a32bc4323614be6d34e1a7d0d53d3d530ad63d08daf
421181,False,True,logging_only,COMPLETED,COMPLETED,0,0,0,0,76fb791fafbc6eb83d167afd691da9d7efb9acfe879acecef2e76df7d9e6358d,460671aba0c8644dd54c9a32bc4323614be6d34e1a7d0d53d3d530ad63d08daf
421182,False,False,logging_only,COMPLETED,COMPLETED,0,0,0,0,76fb791fafbc6eb83d167afd691da9d7efb9acfe879acecef2e76df7d9e6358d,460671aba0c8644dd54c9a32bc4323614be6d34e1a7d0d53d3d530ad63d08daf
421183,False,True,logging_only,COMPLETED,COMPLETED,0,0,0,0,76fb791fafbc6eb83d167afd691da9d7efb9acfe879acecef2e76df7d9e6358d,460671aba0c8644dd54c9a32bc4323614be6d34e1a7d0d53d3d530ad63d08daf
421184,False,False,logging_only,COMPLETED,COMPLETED,0,0,0,0,76fb791fafbc6eb83d167afd691da9d7efb9acfe879acecef2e76df7d9e6358d,460671aba0c8644dd54c9a32bc4323614be6d34e1a7d0d53d3d530ad63d08daf
421185,True,True,logging_only,COMPLETED,CONTROLLED_STOP,1,0,1,0,76fb791fafbc6eb83d167afd691da9d7efb9acfe879acecef2e76df7d9e6358d,460671aba0c8644dd54c9a32bc4323614be6d34e1a7d0d53d3d530ad63d08daf
421186,True,False,logging_only,COMPLETED,CONTROLLED_STOP,1,0,1,0,76fb791fafbc6eb83d167afd691da9d7efb9acfe879acecef2e76df7d9e6358d,460671aba0c8644dd54c9a32bc4323614be6d34e1a7d0d53d3d530ad63d08daf
421187,False,False,monitor_enforced,COMPLETED,COMPLETED,0,0,0,0,76fb791fafbc6eb83d167afd691da9d7efb9acfe879acecef2e76df7d9e6358d,460671aba0c8644dd54c9a32bc4323614be6d34e1a7d0d53d3d530ad63d08daf
421188,False,False,logging_only,COMPLETED,COMPLETED,0,0,0,0,76fb791fafbc6eb83d167afd691da9d7efb9acfe879acecef2e76df7d9e6358d,460671aba0c8644dd54c9a32bc4323614be6d34e1a7d0d53d3d530ad63d08daf
421189,True,True,monitor_enforced,COMPLETED,CONTROLLED_STOP,1,0,1,0,76fb791fafbc6eb83d167afd691da9d7efb9acfe879acecef2e76df7d9e6358d,460671aba0c8644dd54c9a32bc4323614be6d34e1a7d0d53d3d530ad63d08daf
421190,True,False,logging_only,COMPLETED,CONTROLLED_STOP,1,0,1,0,76fb791fafbc6eb83d167afd691da9d7efb9acfe879acecef2e76df7d9e6358d,460671aba0c8644dd54c9a32bc4323614be6d34e1a7d0d53d3d530ad63d08daf
421191,True,True,logging_only,COMPLETED,CONTROLLED_STOP,1,0,1,0,76fb791fafbc6eb83d167afd691da9d7efb9acfe879acecef2e76df7d9e6358d,460671aba0c8644dd54c9a32bc4323614be6d34e1a7d0d53d3d530ad63d08daf
421192,True,False,logging_only,COMPLETED,CONTROLLED_STOP,1,0,1,0,76fb791fafbc6eb83d167afd691da9d7efb9acfe879acecef2e76df7d9e6358d,460671aba0c8644dd54c9a32bc4323614be6d34e1a7d0d53d3d530ad63d08daf
421193,True,True,monitor_enforced,COMPLETED,CONTROLLED_STOP,1,0,1,0,76fb791fafbc6eb83d167afd691da9d7efb9acfe879acecef2e76df7d9e6358d,460671aba0c8644dd54c9a32bc4323614be6d34e1a7d0d53d3d530ad63d08daf
421194,False,True,monitor_enforced,COMPLETED,COMPLETED,0,0,0,0,76fb791fafbc6eb83d167afd691da9d7efb9acfe879acecef2e76df7d9e6358d,460671aba0c8644dd54c9a32bc4323614be6d34e1a7d0d53d3d530ad63d08daf
421195,True,True,logging_only,COMPLETED,CONTROLLED_STOP,1,0,1,0,76fb791fafbc6eb83d167afd691da9d7efb9acfe879acecef2e76df7d9e6358d,460671aba0c8644dd54c9a32bc4323614be6d34e1a7d0d53d3d530ad63d08daf
421196,True,False,monitor_enforced,COMPLETED,CONTROLLED_STOP,1,0,1,0,76fb791fafbc6eb83d167afd691da9d7efb9acfe879acecef2e76df7d9e6358d,460671aba0c8644dd54c9a32bc4323614be6d34e1a7d0d53d3d530ad63d08daf
421197,True,True,monitor_enforced,COMPLETED,CONTROLLED_STOP,1,0,1,0,76fb791fafbc6eb83d167afd691da9d7efb9acfe879acecef2e76df7d9e6358d,460671aba0c8644dd54c9a32bc4323614be6d34e1a7d0d53d3d530ad63d08daf
421198,False,True,logging_only,COMPLETED,COMPLETED,0,0,0,0,76fb791fafbc6eb83d167afd691da9d7efb9acfe879acecef2e76df7d9e6358d,460671aba0c8644dd54c9a32bc4323614be6d34e1a7d0d53d3d530ad63d08daf
421199,False,True,monitor_enforced,COMPLETED,COMPLETED,0,0,0,0,76fb791fafbc6eb83d167afd691da9d7efb9acfe879acecef2e76df7d9e6358d,460671aba0c8644dd54c9a32bc4323614be6d34e1a7d0d53d3d530ad63d08daf
421200,False,False,logging_only,COMPLETED,COMPLETED,0,0,0,0,76fb791fafbc6eb83d167afd691da9d7efb9acfe879acecef2e76df7d9e6358d,460671aba0c8644dd54c9a32bc4323614be6d34e1a7d0d53d3d530ad63d08daf
421201,True,True,monitor_enforced,COMPLETED,CONTROLLED_STOP,1,0,1,0,76fb791fafbc6eb83d167afd691da9d7efb9acfe879acecef2e76df7d9e6358d,460671aba0c8644dd54c9a32bc4323614be6d34e1a7d0d53d3d530ad63d08daf
421202,False,True,monitor_enforced,COMPLETED,COMPLETED,0,0,0,0,76fb791fafbc6eb83d167afd691da9d7efb9acfe879acecef2e76df7d9e6358d,460671aba0c8644dd54c9a32bc4323614be6d34e1a7d0d53d3d530ad63d08daf
421203,True,True,logging_only,COMPLETED,CONTROLLED_STOP,1,0,1,0,76fb791fafbc6eb83d167afd691da9d7efb9acfe879acecef2e76df7d9e6358d,460671aba0c8644dd54c9a32bc4323614be6d34e1a7d0d53d3d530ad63d08daf
421204,False,False,logging_only,COMPLETED,COMPLETED,0,0,0,0,76fb791fafbc6eb83d167afd691da9d7efb9acfe879acecef2e76df7d9e6358d,460671aba0c8644dd54c9a32bc4323614be6d34e1a7d0d53d3d530ad63d08daf
421205,True,False,monitor_enforced,COMPLETED,CONTROLLED_STOP,1,0,1,0,76fb791fafbc6eb83d167afd691da9d7efb9acfe879acecef2e76df7d9e6358d,460671aba0c8644dd54c9a32bc4323614be6d34e1a7d0d53d3d530ad63d08daf
421206,True,False,logging_only,COMPLETED,CONTROLLED_STOP,1,0,1,0,76fb791fafbc6eb83d167afd691da9d7efb9acfe879acecef2e76df7d9e6358d,460671aba0c8644dd54c9a32bc4323614be6d34e1a7d0d53d3d530ad63d08daf
421207,True,True,monitor_enforced,COMPLETED,CONTROLLED_STOP,1,0,1,0,76fb791fafbc6eb83d167afd691da9d7efb9acfe879acecef2e76df7d9e6358d,460671aba0c8644dd54c9a32bc4323614be6d34e1a7d0d53d3d530ad63d08daf
421208,False,True,logging_only,COMPLETED,COMPLETED,0,0,0,0,76fb791fafbc6eb83d167afd691da9d7efb9acfe879acecef2e76df7d9e6358d,460671aba0c8644dd54c9a32bc4323614be6d34e1a7d0d53d3d530ad63d08daf
421209,False,False,monitor_enforced,COMPLETED,COMPLETED,0,0,0,0,76fb791fafbc6eb83d167afd691da9d7efb9acfe879acecef2e76df7d9e6358d,460671aba0c8644dd54c9a32bc4323614be6d34e1a7d0d53d3d530ad63d08daf
421210,True,True,logging_only,COMPLETED,CONTROLLED_STOP,1,0,1,0,76fb791fafbc6eb83d167afd691da9d7efb9acfe879acecef2e76df7d9e6358d,460671aba0c8644dd54c9a32bc4323614be6d34e1a7d0d53d3d530ad63d08daf
421211,True,False,monitor_enforced,COMPLETED,CONTROLLED_STOP,1,0,1,0,76fb791fafbc6eb83d167afd691da9d7efb9acfe879acecef2e76df7d9e6358d,460671aba0c8644dd54c9a32bc4323614be6d34e1a7d0d53d3d530ad63d08daf
421212,True,False,logging_only,COMPLETED,CONTROLLED_STOP,1,0,1,0,76fb791fafbc6eb83d167afd691da9d7efb9acfe879acecef2e76df7d9e6358d,460671aba0c8644dd54c9a32bc4323614be6d34e1a7d0d53d3d530ad63d08daf
421213,True,True,logging_only,COMPLETED,CONTROLLED_STOP,1,0,1,0,76fb791fafbc6eb83d167afd691da9d7efb9acfe879acecef2e76df7d9e6358d,460671aba0c8644dd54c9a32bc4323614be6d34e1a7d0d53d3d530ad63d08daf
421214,False,True,monitor_enforced,COMPLETED,COMPLETED,0,0,0,0,76fb791fafbc6eb83d167afd691da9d7efb9acfe879acecef2e76df7d9e6358d,460671aba0c8644dd54c9a32bc4323614be6d34e1a7d0d53d3d530ad63d08daf
421215,False,False,monitor_enforced,COMPLETED,COMPLETED,0,0,0,0,76fb791fafbc6eb83d167afd691da9d7efb9acfe879acecef2e76df7d9e6358d,460671aba0c8644dd54c9a32bc4323614be6d34e1a7d0d53d3d530ad63d08daf
421216,True,True,logging_only,COMPLETED,CONTROLLED_STOP,1,0,1,0,76fb791fafbc6eb83d167afd691da9d7efb9acfe879acecef2e76df7d9e6358d,460671aba0c8644dd54c9a32bc4323614be6d34e1a7d0d53d3d530ad63d08daf
421217,False,True,monitor_enforced,COMPLETED,COMPLETED,0,0,0,0,76fb791fafbc6eb83d167afd691da9d7efb9acfe879acecef2e76df7d9e6358d,460671aba0c8644dd54c9a32bc4323614be6d34e1a7d0d53d3d530ad63d08daf
421218,True,True,monitor_enforced,COMPLETED,CONTROLLED_STOP,1,0,1,0,76fb791fafbc6eb83d167afd691da9d7efb9acfe879acecef2e76df7d9e6358d,460671aba0c8644dd54c9a32bc4323614be6d34e1a7d0d53d3d530ad63d08daf
421219,False,False,logging_only,COMPLETED,COMPLETED,0,0,0,0,76fb791fafbc6eb83d167afd691da9d7efb9acfe879acecef2e76df7d9e6358d,460671aba0c8644dd54c9a32bc4323614be6d34e1a7d0d53d3d530ad63d08daf
421220,True,True,monitor_enforced,COMPLETED,CONTROLLED_STOP,1,0,1,0,76fb791fafbc6eb83d167afd691da9d7efb9acfe879acecef2e76df7d9e6358d,460671aba0c8644dd54c9a32bc4323614be6d34e1a7d0d53d3d530ad63d08daf
421221,True,False,monitor_enforced,COMPLETED,CONTROLLED_STOP,1,0,1,0,76fb791fafbc6eb83d167afd691da9d7efb9acfe879acecef2e76df7d9e6358d,460671aba0c8644dd54c9a32bc4323614be6d34e1a7d0d53d3d530ad63d08daf
421222,True,True,logging_only,COMPLETED,CONTROLLED_STOP,1,0,1,0,76fb791fafbc6eb83d167afd691da9d7efb9acfe879acecef2e76df7d9e6358d,460671aba0c8644dd54c9a32bc4323614be6d34e1a7d0d53d3d530ad63d08daf
421223,False,True,logging_only,COMPLETED,COMPLETED,0,0,0,0,76fb791fafbc6eb83d167afd691da9d7efb9acfe879acecef2e76df7d9e6358d,460671aba0c8644dd54c9a32bc4323614be6d34e1a7d0d53d3d530ad63d08daf
421224,False,False,logging_only,COMPLETED,COMPLETED,0,0,0,0,76fb791fafbc6eb83d167afd691da9d7efb9acfe879acecef2e76df7d9e6358d,460671aba0c8644dd54c9a32bc4323614be6d34e1a7d0d53d3d530ad63d08daf
421225,False,True,monitor_enforced,COMPLETED,COMPLETED,0,0,0,0,76fb791fafbc6eb83d167afd691da9d7efb9acfe879acecef2e76df7d9e6358d,460671aba0c8644dd54c9a32bc4323614be6d34e1a7d0d53d3d530ad63d08daf
421226,True,True,monitor_enforced,COMPLETED,CONTROLLED_STOP,1,0,1,0,76fb791fafbc6eb83d167afd691da9d7efb9acfe879acecef2e76df7d9e6358d,460671aba0c8644dd54c9a32bc4323614be6d34e1a7d0d53d3d530ad63d08daf
421227,True,False,logging_only,COMPLETED,CONTROLLED_STOP,1,0,1,0,76fb791fafbc6eb83d167afd691da9d7efb9acfe879acecef2e76df7d9e6358d,460671aba0c8644dd54c9a32bc4323614be6d34e1a7d0d53d3d530ad63d08daf
421228,True,True,logging_only,COMPLETED,CONTROLLED_STOP,1,0,1,0,76fb791fafbc6eb83d167afd691da9d7efb9acfe879acecef2e76df7d9e6358d,460671aba0c8644dd54c9a32bc4323614be6d34e1a7d0d53d3d530ad63d08daf
421229,False,True,monitor_enforced,COMPLETED,COMPLETED,0,0,0,0,76fb791fafbc6eb83d167afd691da9d7efb9acfe879acecef2e76df7d9e6358d,460671aba0c8644dd54c9a32bc4323614be6d34e1a7d0d53d3d530ad63d08daf
421230,False,True,monitor_enforced,COMPLETED,COMPLETED,0,0,0,0,76fb791fafbc6eb83d167afd691da9d7efb9acfe879acecef2e76df7d9e6358d,460671aba0c8644dd54c9a32bc4323614be6d34e1a7d0d53d3d530ad63d08daf
421231,False,False,logging_only,COMPLETED,COMPLETED,0,0,0,0,76fb791fafbc6eb83d167afd691da9d7efb9acfe879acecef2e76df7d9e6358d,460671aba0c8644dd54c9a32bc4323614be6d34e1a7d0d53d3d530ad63d08daf
421232,False,False,monitor_enforced,COMPLETED,COMPLETED,0,0,0,0,76fb791fafbc6eb83d167afd691da9d7efb9acfe879acecef2e76df7d9e6358d,460671aba0c8644dd54c9a32bc4323614be6d34e1a7d0d53d3d530ad63d08daf
421233,False,True,monitor_enforced,COMPLETED,COMPLETED,0,0,0,0,76fb791fafbc6eb83d167afd691da9d7efb9acfe879acecef2e76df7d9e6358d,460671aba0c8644dd54c9a32bc4323614be6d34e1a7d0d53d3d530ad63d08daf
421234,True,True,logging_only,COMPLETED,CONTROLLED_STOP,1,0,1,0,76fb791fafbc6eb83d167afd691da9d7efb9acfe879acecef2e76df7d9e6358d,460671aba0c8644dd54c9a32bc4323614be6d34e1a7d0d53d3d530ad63d08daf
421235,True,True,monitor_enforced,COMPLETED,CONTROLLED_STOP,1,0,1,0,76fb791fafbc6eb83d167afd691da9d7efb9acfe879acecef2e76df7d9e6358d,460671aba0c8644dd54c9a32bc4323614be6d34e1a7d0d53d3d530ad63d08daf
421236,False,True,monitor_enforced,COMPLETED,COMPLETED,0,0,0,0,76fb791fafbc6eb83d167afd691da9d7efb9acfe879acecef2e76df7d9e6358d,460671aba0c8644dd54c9a32bc4323614be6d34e1a7d0d53d3d530ad63d08daf
421237,False,True,logging_only,COMPLETED,COMPLETED,0,0,0,0,76fb791fafbc6eb83d167afd691da9d7efb9acfe879acecef2e76df7d9e6358d,460671aba0c8644dd54c9a32bc4323614be6d34e1a7d0d53d3d530ad63d08daf
421238,False,False,logging_only,COMPLETED,COMPLETED,0,0,0,0,76fb791fafbc6eb83d167afd691da9d7efb9acfe879acecef2e76df7d9e6358d,460671aba0c8644dd54c9a32bc4323614be6d34e1a7d0d53d3d530ad63d08daf
421239,False,True,monitor_enforced,COMPLETED,COMPLETED,0,0,0,0,76fb791fafbc6eb83d167afd691da9d7efb9acfe879acecef2e76df7d9e6358d,460671aba0c8644dd54c9a32bc4323614be6d34e1a7d0d53d3d530ad63d08daf
421240,True,True,logging_only,COMPLETED,CONTROLLED_STOP,1,0,1,0,76fb791fafbc6eb83d167afd691da9d7efb9acfe879acecef2e76df7d9e6358d,460671aba0c8644dd54c9a32bc4323614be6d34e1a7d0d53d3d530ad63d08daf
421241,False,False,logging_only,COMPLETED,COMPLETED,0,0,0,0,76fb791fafbc6eb83d167afd691da9d7efb9acfe879acecef2e76df7d9e6358d,460671aba0c8644dd54c9a32bc4323614be6d34e1a7d0d53d3d530ad63d08daf
421242,True,False,monitor_enforced,COMPLETED,CONTROLLED_STOP,1,0,1,0,76fb791fafbc6eb83d167afd691da9d7efb9acfe879acecef2e76df7d9e6358d,460671aba0c8644dd54c9a32bc4323614be6d34e1a7d0d53d3d530ad63d08daf
421243,False,False,logging_only,COMPLETED,COMPLETED,0,0,0,0,76fb791fafbc6eb83d167afd691da9d7efb9acfe879acecef2e76df7d9e6358d,460671aba0c8644dd54c9a32bc4323614be6d34e1a7d0d53d3d530ad63d08daf
421244,False,False,monitor_enforced,COMPLETED,COMPLETED,0,0,0,0,76fb791fafbc6eb83d167afd691da9d7efb9acfe879acecef2e76df7d9e6358d,460671aba0c8644dd54c9a32bc4323614be6d34e1a7d0d53d3d530ad63d08daf
421245,False,True,logging_only,COMPLETED,COMPLETED,0,0,0,0,76fb791fafbc6eb83d167afd691da9d7efb9acfe879acecef2e76df7d9e6358d,460671aba0c8644dd54c9a32bc4323614be6d34e1a7d0d53d3d530ad63d08daf
421246,True,False,monitor_enforced,COMPLETED,CONTROLLED_STOP,1,0,1,0,76fb791fafbc6eb83d167afd691da9d7efb9acfe879acecef2e76df7d9e6358d,460671aba0c8644dd54c9a32bc4323614be6d34e1a7d0d53d3d530ad63d08daf
421247,True,False,monitor_enforced,COMPLETED,CONTROLLED_STOP,1,0,1,0,76fb791fafbc6eb83d167afd691da9d7efb9acfe879acecef2e76df7d9e6358d,460671aba0c8644dd54c9a32bc4323614be6d34e1a7d0d53d3d530ad63d08daf
421248,True,False,monitor_enforced,COMPLETED,CONTROLLED_STOP,1,0,1,0,76fb791fafbc6eb83d167afd691da9d7efb9acfe879acecef2e76df7d9e6358d,460671aba0c8644dd54c9a32bc4323614be6d34e1a7d0d53d3d530ad63d08daf
421249,True,True,monitor_enforced,COMPLETED,CONTROLLED_STOP,1,0,1,0,76fb791fafbc6eb83d167afd691da9d7efb9acfe879acecef2e76df7d9e6358d,460671aba0c8644dd54c9a32bc4323614be6d34e1a7d0d53d3d530ad63d08daf
421250,True,False,monitor_enforced,COMPLETED,CONTROLLED_STOP,1,0,1,0,76fb791fafbc6eb83d167afd691da9d7efb9acfe879acecef2e76df7d9e6358d,460671aba0c8644dd54c9a32bc4323614be6d34e1a7d0d53d3d530ad63d08daf
421251,False,True,monitor_enforced,COMPLETED,COMPLETED,0,0,0,0,76fb791fafbc6eb83d167afd691da9d7efb9acfe879acecef2e76df7d9e6358d,460671aba0c8644dd54c9a32bc4323614be6d34e1a7d0d53d3d530ad63d08daf
421252,True,True,monitor_enforced,COMPLETED,CONTROLLED_STOP,1,0,1,0,76fb791fafbc6eb83d167afd691da9d7efb9acfe879acecef2e76df7d9e6358d,460671aba0c8644dd54c9a32bc4323614be6d34e1a7d0d53d3d530ad63d08daf
421253,True,True,logging_only,COMPLETED,CONTROLLED_STOP,1,0,1,0,76fb791fafbc6eb83d167afd691da9d7efb9acfe879acecef2e76df7d9e6358d,460671aba0c8644dd54c9a32bc4323614be6d34e1a7d0d53d3d530ad63d08daf
421254,False,False,monitor_enforced,COMPLETED,COMPLETED,0,0,0,0,76fb791fafbc6eb83d167afd691da9d7efb9acfe879acecef2e76df7d9e6358d,460671aba0c8644dd54c9a32bc4323614be6d34e1a7d0d53d3d530ad63d08daf
421255,True,True,monitor_enforced,COMPLETED,CONTROLLED_STOP,1,0,1,0,76fb791fafbc6eb83d167afd691da9d7efb9acfe879acecef2e76df7d9e6358d,460671aba0c8644dd54c9a32bc4323614be6d34e1a7d0d53d3d530ad63d08daf
421256,True,True,logging_only,COMPLETED,CONTROLLED_STOP,1,0,1,0,76fb791fafbc6eb83d167afd691da9d7efb9acfe879acecef2e76df7d9e6358d,460671aba0c8644dd54c9a32bc4323614be6d34e1a7d0d53d3d530ad63d08daf
421257,True,True,logging_only,COMPLETED,CONTROLLED_STOP,1,0,1,0,76fb791fafbc6eb83d167afd691da9d7efb9acfe879acecef2e76df7d9e6358d,460671aba0c8644dd54c9a32bc4323614be6d34e1a7d0d53d3d530ad63d08daf
421258,False,True,logging_only,COMPLETED,COMPLETED,0,0,0,0,76fb791fafbc6eb83d167afd691da9d7efb9acfe879acecef2e76df7d9e6358d,460671aba0c8644dd54c9a32bc4323614be6d34e1a7d0d53d3d530ad63d08daf
421259,True,False,monitor_enforced,COMPLETED,CONTROLLED_STOP,1,0,1,0,76fb791fafbc6eb83d167afd691da9d7efb9acfe879acecef2e76df7d9e6358d,460671aba0c8644dd54c9a32bc4323614be6d34e1a7d0d53d3d530ad63d08daf
421260,True,False,logging_only,COMPLETED,CONTROLLED_STOP,1,0,1,0,76fb791fafbc6eb83d167afd691da9d7efb9acfe879acecef2e76df7d9e6358d,460671aba0c8644dd54c9a32bc4323614be6d34e1a7d0d53d3d530ad63d08daf
421261,True,False,monitor_enforced,COMPLETED,CONTROLLED_STOP,1,0,1,0,76fb791fafbc6eb83d167afd691da9d7efb9acfe879acecef2e76df7d9e6358d,460671aba0c8644dd54c9a32bc4323614be6d34e1a7d0d53d3d530ad63d08daf
421262,True,False,monitor_enforced,COMPLETED,CONTROLLED_STOP,1,0,1,0,76fb791fafbc6eb83d167afd691da9d7efb9acfe879acecef2e76df7d9e6358d,460671aba0c8644dd54c9a32bc4323614be6d34e1a7d0d53d3d530ad63d08daf
421263,True,True,logging_only,COMPLETED,CONTROLLED_STOP,1,0,1,0,76fb791fafbc6eb83d167afd691da9d7efb9acfe879acecef2e76df7d9e6358d,460671aba0c8644dd54c9a32bc4323614be6d34e1a7d0d53d3d530ad63d08daf
421264,True,True,monitor_enforced,COMPLETED,CONTROLLED_STOP,1,0,1,0,76fb791fafbc6eb83d167afd691da9d7efb9acfe879acecef2e76df7d9e6358d,460671aba0c8644dd54c9a32bc4323614be6d34e1a7d0d53d3d530ad63d08daf
421265,False,True,logging_only,COMPLETED,COMPLETED,0,0,0,0,76fb791fafbc6eb83d167afd691da9d7efb9acfe879acecef2e76df7d9e6358d,460671aba0c8644dd54c9a32bc4323614be6d34e1a7d0d53d3d530ad63d08daf
421266,True,False,logging_only,COMPLETED,CONTROLLED_STOP,1,0,1,0,76fb791fafbc6eb83d167afd691da9d7efb9acfe879acecef2e76df7d9e6358d,460671aba0c8644dd54c9a32bc4323614be6d34e1a7d0d53d3d530ad63d08daf
421267,False,False,monitor_enforced,COMPLETED,COMPLETED,0,0,0,0,76fb791fafbc6eb83d167afd691da9d7efb9acfe879acecef2e76df7d9e6358d,460671aba0c8644dd54c9a32bc4323614be6d34e1a7d0d53d3d530ad63d08daf
421268,True,False,monitor_enforced,COMPLETED,CONTROLLED_STOP,1,0,1,0,76fb791fafbc6eb83d167afd691da9d7efb9acfe879acecef2e76df7d9e6358d,460671aba0c8644dd54c9a32bc4323614be6d34e1a7d0d53d3d530ad63d08daf
421269,False,True,monitor_enforced,COMPLETED,COMPLETED,0,0,0,0,76fb791fafbc6eb83d167afd691da9d7efb9acfe879acecef2e76df7d9e6358d,460671aba0c8644dd54c9a32bc4323614be6d34e1a7d0d53d3d530ad63d08daf
421270,True,True,logging_only,COMPLETED,CONTROLLED_STOP,1,0,1,0,76fb791fafbc6eb83d167afd691da9d7efb9acfe879acecef2e76df7d9e6358d,460671aba0c8644dd54c9a32bc4323614be6d34e1a7d0d53d3d530ad63d08daf
421271,True,True,logging_only,COMPLETED,CONTROLLED_STOP,1,0,1,0,76fb791fafbc6eb83d167afd691da9d7efb9acfe879acecef2e76df7d9e6358d,460671aba0c8644dd54c9a32bc4323614be6d34e1a7d0d53d3d530ad63d08daf
421272,True,False,monitor_enforced,COMPLETED,CONTROLLED_STOP,1,0,1,0,76fb791fafbc6eb83d167afd691da9d7efb9acfe879acecef2e76df7d9e6358d,460671aba0c8644dd54c9a32bc4323614be6d34e1a7d0d53d3d530ad63d08daf
421273,False,True,monitor_enforced,COMPLETED,COMPLETED,0,0,0,0,76fb791fafbc6eb83d167afd691da9d7efb9acfe879acecef2e76df7d9e6358d,460671aba0c8644dd54c9a32bc4323614be6d34e1a7d0d53d3d530ad63d08daf
421274,True,False,logging_only,COMPLETED,CONTROLLED_STOP,1,0,1,0,76fb791fafbc6eb83d167afd691da9d7efb9acfe879acecef2e76df7d9e6358d,460671aba0c8644dd54c9a32bc4323614be6d34e1a7d0d53d3d530ad63d08daf
421275,True,False,monitor_enforced,COMPLETED,CONTROLLED_STOP,1,0,1,0,76fb791fafbc6eb83d167afd691da9d7efb9acfe879acecef2e76df7d9e6358d,460671aba0c8644dd54c9a32bc4323614be6d34e1a7d0d53d3d530ad63d08daf
421276,True,False,logging_only,COMPLETED,CONTROLLED_STOP,1,0,1,0,76fb791fafbc6eb83d167afd691da9d7efb9acfe879acecef2e76df7d9e6358d,460671aba0c8644dd54c9a32bc4323614be6d34e1a7d0d53d3d530ad63d08daf
421277,False,True,monitor_enforced,COMPLETED,COMPLETED,0,0,0,0,76fb791fafbc6eb83d167afd691da9d7efb9acfe879acecef2e76df7d9e6358d,460671aba0c8644dd54c9a32bc4323614be6d34e1a7d0d53d3d530ad63d08daf
421278,True,True,monitor_enforced,COMPLETED,CONTROLLED_STOP,1,0,1,0,76fb791fafbc6eb83d167afd691da9d7efb9acfe879acecef2e76df7d9e6358d,460671aba0c8644dd54c9a32bc4323614be6d34e1a7d0d53d3d530ad63d08daf
421279,True,True,monitor_enforced,COMPLETED,CONTROLLED_STOP,1,0,1,0,76fb791fafbc6eb83d167afd691da9d7efb9acfe879acecef2e76df7d9e6358d,460671aba0c8644dd54c9a32bc4323614be6d34e1a7d0d53d3d530ad63d08daf
421280,False,False,monitor_enforced,COMPLETED,COMPLETED,0,0,0,0,76fb791fafbc6eb83d167afd691da9d7efb9acfe879acecef2e76df7d9e6358d,460671aba0c8644dd54c9a32bc4323614be6d34e1a7d0d53d3d530ad63d08daf
421281,False,False,monitor_enforced,COMPLETED,COMPLETED,0,0,0,0,76fb791fafbc6eb83d167afd691da9d7efb9acfe879acecef2e76df7d9e6358d,460671aba0c8644dd54c9a32bc4323614be6d34e1a7d0d53d3d530ad63d08daf
421282,True,True,monitor_enforced,COMPLETED,CONTROLLED_STOP,1,0,1,0,76fb791fafbc6eb83d167afd691da9d7efb9acfe879acecef2e76df7d9e6358d,460671aba0c8644dd54c9a32bc4323614be6d34e1a7d0d53d3d530ad63d08daf
421283,False,False,monitor_enforced,COMPLETED,COMPLETED,0,0,0,0,76fb791fafbc6eb83d167afd691da9d7efb9acfe879acecef2e76df7d9e6358d,460671aba0c8644dd54c9a32bc4323614be6d34e1a7d0d53d3d530ad63d08daf
421284,False,True,logging_only,COMPLETED,COMPLETED,0,0,0,0,76fb791fafbc6eb83d167afd691da9d7efb9acfe879acecef2e76df7d9e6358d,460671aba0c8644dd54c9a32bc4323614be6d34e1a7d0d53d3d530ad63d08daf
421285,True,True,monitor_enforced,COMPLETED,CONTROLLED_STOP,1,0,1,0,76fb791fafbc6eb83d167afd691da9d7efb9acfe879acecef2e76df7d9e6358d,460671aba0c8644dd54c9a32bc4323614be6d34e1a7d0d53d3d530ad63d08daf
421286,False,False,logging_only,COMPLETED,COMPLETED,0,0,0,0,76fb791fafbc6eb83d167afd691da9d7efb9acfe879acecef2e76df7d9e6358d,460671aba0c8644dd54c9a32bc4323614be6d34e1a7d0d53d3d530ad63d08daf
421287,False,False,monitor_enforced,COMPLETED,COMPLETED,0,0,0,0,76fb791fafbc6eb83d167afd691da9d7efb9acfe879acecef2e76df7d9e6358d,460671aba0c8644dd54c9a32bc4323614be6d34e1a7d0d53d3d530ad63d08daf
421288,True,True,logging_only,COMPLETED,CONTROLLED_STOP,1,0,1,0,76fb791fafbc6eb83d167afd691da9d7efb9acfe879acecef2e76df7d9e6358d,460671aba0c8644dd54c9a32bc4323614be6d34e1a7d0d53d3d530ad63d08daf
421289,False,True,logging_only,COMPLETED,COMPLETED,0,0,0,0,76fb791fafbc6eb83d167afd691da9d7efb9acfe879acecef2e76df7d9e6358d,460671aba0c8644dd54c9a32bc4323614be6d34e1a7d0d53d3d530ad63d08daf
421290,False,True,logging_only,COMPLETED,COMPLETED,0,0,0,0,76fb791fafbc6eb83d167afd691da9d7efb9acfe879acecef2e76df7d9e6358d,460671aba0c8644dd54c9a32bc4323614be6d34e1a7d0d53d3d530ad63d08daf
421291,False,True,logging_only,COMPLETED,COMPLETED,0,0,0,0,76fb791fafbc6eb83d167afd691da9d7efb9acfe879acecef2e76df7d9e6358d,460671aba0c8644dd54c9a32bc4323614be6d34e1a7d0d53d3d530ad63d08daf
421292,True,True,monitor_enforced,COMPLETED,CONTROLLED_STOP,1,0,1,0,76fb791fafbc6eb83d167afd691da9d7efb9acfe879acecef2e76df7d9e6358d,460671aba0c8644dd54c9a32bc4323614be6d34e1a7d0d53d3d530ad63d08daf
421293,False,True,logging_only,COMPLETED,COMPLETED,0,0,0,0,76fb791fafbc6eb83d167afd691da9d7efb9acfe879acecef2e76df7d9e6358d,460671aba0c8644dd54c9a32bc4323614be6d34e1a7d0d53d3d530ad63d08daf
421294,True,True,monitor_enforced,COMPLETED,CONTROLLED_STOP,1,0,1,0,76fb791fafbc6eb83d167afd691da9d7efb9acfe879acecef2e76df7d9e6358d,460671aba0c8644dd54c9a32bc4323614be6d34e1a7d0d53d3d530ad63d08daf
421295,True,True,monitor_enforced,COMPLETED,CONTROLLED_STOP,1,0,1,0,76fb791fafbc6eb83d167afd691da9d7efb9acfe879acecef2e76df7d9e6358d,460671aba0c8644dd54c9a32bc4323614be6d34e1a7d0d53d3d530ad63d08daf
421296,False,True,logging_only,COMPLETED,COMPLETED,0,0,0,0,76fb791fafbc6eb83d167afd691da9d7efb9acfe879acecef2e76df7d9e6358d,460671aba0c8644dd54c9a32bc4323614be6d34e1a7d0d53d3d530ad63d08daf
421297,False,True,logging_only,COMPLETED,COMPLETED,0,0,0,0,76fb791fafbc6eb83d167afd691da9d7efb9acfe879acecef2e76df7d9e6358d,460671aba0c8644dd54c9a32bc4323614be6d34e1a7d0d53d3d530ad63d08daf
421298,False,False,monitor_enforced,COMPLETED,COMPLETED,0,0,0,0,76fb791fafbc6eb83d167afd691da9d7efb9acfe879acecef2e76df7d9e6358d,460671aba0c8644dd54c9a32bc4323614be6d34e1a7d0d53d3d530ad63d08daf
421299,True,False,monitor_enforced,COMPLETED,CONTROLLED_STOP,1,0,1,0,76fb791fafbc6eb83d167afd691da9d7efb9acfe879acecef2e76df7d9e6358d,460671aba0c8644dd54c9a32bc4323614be6d34e1a7d0d53d3d530ad63d08daf
421300,False,False,logging_only,COMPLETED,COMPLETED,0,0,0,0,76fb791fafbc6eb83d167afd691da9d7efb9acfe879acecef2e76df7d9e6358d,460671aba0c8644dd54c9a32bc4323614be6d34e1a7d0d53d3d530ad63d08daf
421301,False,True,logging_only,COMPLETED,COMPLETED,0,0,0,0,76fb791fafbc6eb83d167afd691da9d7efb9acfe879acecef2e76df7d9e6358d,460671aba0c8644dd54c9a32bc4323614be6d34e1a7d0d53d3d530ad63d08daf
421302,True,True,logging_only,COMPLETED,CONTROLLED_STOP,1,0,1,0,76fb791fafbc6eb83d167afd691da9d7efb9acfe879acecef2e76df7d9e6358d,460671aba0c8644dd54c9a32bc4323614be6d34e1a7d0d53d3d530ad63d08daf
421303,False,True,monitor_enforced,COMPLETED,COMPLETED,0,0,0,0,76fb791fafbc6eb83d167afd691da9d7efb9acfe879acecef2e76df7d9e6358d,460671aba0c8644dd54c9a32bc4323614be6d34e1a7d0d53d3d530ad63d08daf
421304,True,False,logging_only,COMPLETED,CONTROLLED_STOP,1,0,1,0,76fb791fafbc6eb83d167afd691da9d7efb9acfe879acecef2e76df7d9e6358d,460671aba0c8644dd54c9a32bc4323614be6d34e1a7d0d53d3d530ad63d08daf
421305,False,True,monitor_enforced,COMPLETED,COMPLETED,0,0,0,0,76fb791fafbc6eb83d167afd691da9d7efb9acfe879acecef2e76df7d9e6358d,460671aba0c8644dd54c9a32bc4323614be6d34e1a7d0d53d3d530ad63d08daf
421306,False,True,logging_only,COMPLETED,COMPLETED,0,0,0,0,76fb791fafbc6eb83d167afd691da9d7efb9acfe879acecef2e76df7d9e6358d,460671aba0c8644dd54c9a32bc4323614be6d34e1a7d0d53d3d530ad63d08daf
421307,False,True,monitor_enforced,COMPLETED,COMPLETED,0,0,0,0,76fb791fafbc6eb83d167afd691da9d7efb9acfe879acecef2e76df7d9e6358d,460671aba0c8644dd54c9a32bc4323614be6d34e1a7d0d53d3d530ad63d08daf
421308,False,False,monitor_enforced,COMPLETED,COMPLETED,0,0,0,0,76fb791fafbc6eb83d167afd691da9d7efb9acfe879acecef2e76df7d9e6358d,460671aba0c8644dd54c9a32bc4323614be6d34e1a7d0d53d3d530ad63d08daf
421309,False,False,logging_only,COMPLETED,COMPLETED,0,0,0,0,76fb791fafbc6eb83d167afd691da9d7efb9acfe879acecef2e76df7d9e6358d,460671aba0c8644dd54c9a32bc4323614be6d34e1a7d0d53d3d530ad63d08daf
421310,True,False,monitor_enforced,COMPLETED,CONTROLLED_STOP,1,0,1,0,76fb791fafbc6eb83d167afd691da9d7efb9acfe879acecef2e76df7d9e6358d,460671aba0c8644dd54c9a32bc4323614be6d34e1a7d0d53d3d530ad63d08daf
421311,False,True,logging_only,COMPLETED,COMPLETED,0,0,0,0,76fb791fafbc6eb83d167afd691da9d7efb9acfe879acecef2e76df7d9e6358d,460671aba0c8644dd54c9a32bc4323614be6d34e1a7d0d53d3d530ad63d08daf
421312,False,False,logging_only,COMPLETED,COMPLETED,0,0,0,0,76fb791fafbc6eb83d167afd691da9d7efb9acfe879acecef2e76df7d9e6358d,460671aba0c8644dd54c9a32bc4323614be6d34e1a7d0d53d3d530ad63d08daf
421313,False,False,monitor_enforced,COMPLETED,COMPLETED,0,0,0,0,76fb791fafbc6eb83d167afd691da9d7efb9acfe879acecef2e76df7d9e6358d,460671aba0c8644dd54c9a32bc4323614be6d34e1a7d0d53d3d530ad63d08daf
421314,False,False,logging_only,COMPLETED,COMPLETED,0,0,0,0,76fb791fafbc6eb83d167afd691da9d7efb9acfe879acecef2e76df7d9e6358d,460671aba0c8644dd54c9a32bc4323614be6d34e1a7d0d53d3d530ad63d08daf
421315,False,False,monitor_enforced,COMPLETED,COMPLETED,0,0,0,0,76fb791fafbc6eb83d167afd691da9d7efb9acfe879acecef2e76df7d9e6358d,460671aba0c8644dd54c9a32bc4323614be6d34e1a7d0d53d3d530ad63d08daf
421316,False,True,monitor_enforced,COMPLETED,COMPLETED,0,0,0,0,76fb791fafbc6eb83d167afd691da9d7efb9acfe879acecef2e76df7d9e6358d,460671aba0c8644dd54c9a32bc4323614be6d34e1a7d0d53d3d530ad63d08daf
421317,True,True,monitor_enforced,COMPLETED,CONTROLLED_STOP,1,0,1,0,76fb791fafbc6eb83d167afd691da9d7efb9acfe879acecef2e76df7d9e6358d,460671aba0c8644dd54c9a32bc4323614be6d34e1a7d0d53d3d530ad63d08daf
421318,True,False,logging_only,COMPLETED,CONTROLLED_STOP,1,0,1,0,76fb791fafbc6eb83d167afd691da9d7efb9acfe879acecef2e76df7d9e6358d,460671aba0c8644dd54c9a32bc4323614be6d34e1a7d0d53d3d530ad63d08daf
421319,True,False,monitor_enforced,COMPLETED,CONTROLLED_STOP,1,0,1,0,76fb791fafbc6eb83d167afd691da9d7efb9acfe879acecef2e76df7d9e6358d,460671aba0c8644dd54c9a32bc4323614be6d34e1a7d0d53d3d530ad63d08daf
421320,False,False,logging_only,COMPLETED,COMPLETED,0,0,0,0,76fb791fafbc6eb83d167afd691da9d7efb9acfe879acecef2e76df7d9e6358d,460671aba0c8644dd54c9a32bc4323614be6d34e1a7d0d53d3d530ad63d08daf
421321,False,True,monitor_enforced,COMPLETED,COMPLETED,0,0,0,0,76fb791fafbc6eb83d167afd691da9d7efb9acfe879acecef2e76df7d9e6358d,460671aba0c8644dd54c9a32bc4323614be6d34e1a7d0d53d3d530ad63d08daf
421322,True,False,logging_only,COMPLETED,CONTROLLED_STOP,1,0,1,0,76fb791fafbc6eb83d167afd691da9d7efb9acfe879acecef2e76df7d9e6358d,460671aba0c8644dd54c9a32bc4323614be6d34e1a7d0d53d3d530ad63d08daf
421323,True,True,monitor_enforced,COMPLETED,CONTROLLED_STOP,1,0,1,0,76fb791fafbc6eb83d167afd691da9d7efb9acfe879acecef2e76df7d9e6358d,460671aba0c8644dd54c9a32bc4323614be6d34e1a7d0d53d3d530ad63d08daf
421324,True,True,monitor_enforced,COMPLETED,CONTROLLED_STOP,1,0,1,0,76fb791fafbc6eb83d167afd691da9d7efb9acfe879acecef2e76df7d9e6358d,460671aba0c8644dd54c9a32bc4323614be6d34e1a7d0d53d3d530ad63d08daf
421325,True,True,logging_only,COMPLETED,CONTROLLED_STOP,1,0,1,0,76fb791fafbc6eb83d167afd691da9d7efb9acfe879acecef2e76df7d9e6358d,460671aba0c8644dd54c9a32bc4323614be6d34e1a7d0d53d3d530ad63d08daf
421326,True,False,logging_only,COMPLETED,CONTROLLED_STOP,1,0,1,0,76fb791fafbc6eb83d167afd691da9d7efb9acfe879acecef2e76df7d9e6358d,460671aba0c8644dd54c9a32bc4323614be6d34e1a7d0d53d3d530ad63d08daf
421327,False,False,logging_only,COMPLETED,COMPLETED,0,0,0,0,76fb791fafbc6eb83d167afd691da9d7efb9acfe879acecef2e76df7d9e6358d,460671aba0c8644dd54c9a32bc4323614be6d34e1a7d0d53d3d530ad63d08daf
421328,False,False,logging_only,COMPLETED,COMPLETED,0,0,0,0,76fb791fafbc6eb83d167afd691da9d7efb9acfe879acecef2e76df7d9e6358d,460671aba0c8644dd54c9a32bc4323614be6d34e1a7d0d53d3d530ad63d08daf
421329,False,False,logging_only,COMPLETED,COMPLETED,0,0,0,0,76fb791fafbc6eb83d167afd691da9d7efb9acfe879acecef2e76df7d9e6358d,460671aba0c8644dd54c9a32bc4323614be6d34e1a7d0d53d3d530ad63d08daf
421330,True,False,logging_only,COMPLETED,CONTROLLED_STOP,1,0,1,0,76fb791fafbc6eb83d167afd691da9d7efb9acfe879acecef2e76df7d9e6358d,460671aba0c8644dd54c9a32bc4323614be6d34e1a7d0d53d3d530ad63d08daf
421331,False,False,monitor_enforced,COMPLETED,COMPLETED,0,0,0,0,76fb791fafbc6eb83d167afd691da9d7efb9acfe879acecef2e76df7d9e6358d,460671aba0c8644dd54c9a32bc4323614be6d34e1a7d0d53d3d530ad63d08daf
421332,True,False,logging_only,COMPLETED,CONTROLLED_STOP,1,0,1,0,76fb791fafbc6eb83d167afd691da9d7efb9acfe879acecef2e76df7d9e6358d,460671aba0c8644dd54c9a32bc4323614be6d34e1a7d0d53d3d530ad63d08daf
421333,False,True,monitor_enforced,COMPLETED,COMPLETED,0,0,0,0,76fb791fafbc6eb83d167afd691da9d7efb9acfe879acecef2e76df7d9e6358d,460671aba0c8644dd54c9a32bc4323614be6d34e1a7d0d53d3d530ad63d08daf
421334,True,True,monitor_enforced,COMPLETED,CONTROLLED_STOP,1,0,1,0,76fb791fafbc6eb83d167afd691da9d7efb9acfe879acecef2e76df7d9e6358d,460671aba0c8644dd54c9a32bc4323614be6d34e1a7d0d53d3d530ad63d08daf
421335,True,True,monitor_enforced,COMPLETED,CONTROLLED_STOP,1,0,1,0,76fb791fafbc6eb83d167afd691da9d7efb9acfe879acecef2e76df7d9e6358d,460671aba0c8644dd54c9a32bc4323614be6d34e1a7d0d53d3d530ad63d08daf
421336,True,True,monitor_enforced,COMPLETED,CONTROLLED_STOP,1,0,1,0,76fb791fafbc6eb83d167afd691da9d7efb9acfe879acecef2e76df7d9e6358d,460671aba0c8644dd54c9a32bc4323614be6d34e1a7d0d53d3d530ad63d08daf
421337,True,True,logging_only,COMPLETED,CONTROLLED_STOP,1,0,1,0,76fb791fafbc6eb83d167afd691da9d7efb9acfe879acecef2e76df7d9e6358d,460671aba0c8644dd54c9a32bc4323614be6d34e1a7d0d53d3d530ad63d08daf
421338,False,True,logging_only,COMPLETED,COMPLETED,0,0,0,0,76fb791fafbc6eb83d167afd691da9d7efb9acfe879acecef2e76df7d9e6358d,460671aba0c8644dd54c9a32bc4323614be6d34e1a7d0d53d3d530ad63d08daf
421339,False,False,monitor_enforced,COMPLETED,COMPLETED,0,0,0,0,76fb791fafbc6eb83d167afd691da9d7efb9acfe879acecef2e76df7d9e6358d,460671aba0c8644dd54c9a32bc4323614be6d34e1a7d0d53d3d530ad63d08daf
421340,True,True,logging_only,COMPLETED,CONTROLLED_STOP,1,0,1,0,76fb791fafbc6eb83d167afd691da9d7efb9acfe879acecef2e76df7d9e6358d,460671aba0c8644dd54c9a32bc4323614be6d34e1a7d0d53d3d530ad63d08daf
421341,False,False,monitor_enforced,COMPLETED,COMPLETED,0,0,0,0,76fb791fafbc6eb83d167afd691da9d7efb9acfe879acecef2e76df7d9e6358d,460671aba0c8644dd54c9a32bc4323614be6d34e1a7d0d53d3d530ad63d08daf
421342,True,True,logging_only,COMPLETED,CONTROLLED_STOP,1,0,1,0,76fb791fafbc6eb83d167afd691da9d7efb9acfe879acecef2e76df7d9e6358d,460671aba0c8644dd54c9a32bc4323614be6d34e1a7d0d53d3d530ad63d08daf
421343,True,False,logging_only,COMPLETED,CONTROLLED_STOP,1,0,1,0,76fb791fafbc6eb83d167afd691da9d7efb9acfe879acecef2e76df7d9e6358d,460671aba0c8644dd54c9a32bc4323614be6d34e1a7d0d53d3d530ad63d08daf
421344,False,True,logging_only,COMPLETED,COMPLETED,0,0,0,0,76fb791fafbc6eb83d167afd691da9d7efb9acfe879acecef2e76df7d9e6358d,460671aba0c8644dd54c9a32bc4323614be6d34e1a7d0d53d3d530ad63d08daf
421345,False,False,logging_only,COMPLETED,COMPLETED,0,0,0,0,76fb791fafbc6eb83d167afd691da9d7efb9acfe879acecef2e76df7d9e6358d,460671aba0c8644dd54c9a32bc4323614be6d34e1a7d0d53d3d530ad63d08daf
421346,True,True,monitor_enforced,COMPLETED,CONTROLLED_STOP,1,0,1,0,76fb791fafbc6eb83d167afd691da9d7efb9acfe879acecef2e76df7d9e6358d,460671aba0c8644dd54c9a32bc4323614be6d34e1a7d0d53d3d530ad63d08daf
421347,False,False,monitor_enforced,COMPLETED,COMPLETED,0,0,0,0,76fb791fafbc6eb83d167afd691da9d7efb9acfe879acecef2e76df7d9e6358d,460671aba0c8644dd54c9a32bc4323614be6d34e1a7d0d53d3d530ad63d08daf
421348,True,False,logging_only,COMPLETED,CONTROLLED_STOP,1,0,1,0,76fb791fafbc6eb83d167afd691da9d7efb9acfe879acecef2e76df7d9e6358d,460671aba0c8644dd54c9a32bc4323614be6d34e1a7d0d53d3d530ad63d08daf
421349,False,False,monitor_enforced,COMPLETED,COMPLETED,0,0,0,0,76fb791fafbc6eb83d167afd691da9d7efb9acfe879acecef2e76df7d9e6358d,460671aba0c8644dd54c9a32bc4323614be6d34e1a7d0d53d3d530ad63d08daf
421350,True,False,logging_only,COMPLETED,CONTROLLED_STOP,1,0,1,0,76fb791fafbc6eb83d167afd691da9d7efb9acfe879acecef2e76df7d9e6358d,460671aba0c8644dd54c9a32bc4323614be6d34e1a7d0d53d3d530ad63d08daf
421351,True,True,monitor_enforced,COMPLETED,CONTROLLED_STOP,1,0,1,0,76fb791fafbc6eb83d167afd691da9d7efb9acfe879acecef2e76df7d9e6358d,460671aba0c8644dd54c9a32bc4323614be6d34e1a7d0d53d3d530ad63d08daf
421352,False,True,logging_only,COMPLETED,COMPLETED,0,0,0,0,76fb791fafbc6eb83d167afd691da9d7efb9acfe879acecef2e76df7d9e6358d,460671aba0c8644dd54c9a32bc4323614be6d34e1a7d0d53d3d530ad63d08daf
421353,False,False,logging_only,COMPLETED,COMPLETED,0,0,0,0,76fb791fafbc6eb83d167afd691da9d7efb9acfe879acecef2e76df7d9e6358d,460671aba0c8644dd54c9a32bc4323614be6d34e1a7d0d53d3d530ad63d08daf
421354,True,True,logging_only,COMPLETED,CONTROLLED_STOP,1,0,1,0,76fb791fafbc6eb83d167afd691da9d7efb9acfe879acecef2e76df7d9e6358d,460671aba0c8644dd54c9a32bc4323614be6d34e1a7d0d53d3d530ad63d08daf
421355,False,False,logging_only,COMPLETED,COMPLETED,0,0,0,0,76fb791fafbc6eb83d167afd691da9d7efb9acfe879acecef2e76df7d9e6358d,460671aba0c8644dd54c9a32bc4323614be6d34e1a7d0d53d3d530ad63d08daf
421356,False,True,logging_only,COMPLETED,COMPLETED,0,0,0,0,76fb791fafbc6eb83d167afd691da9d7efb9acfe879acecef2e76df7d9e6358d,460671aba0c8644dd54c9a32bc4323614be6d34e1a7d0d53d3d530ad63d08daf
421357,True,False,logging_only,COMPLETED,CONTROLLED_STOP,1,0,1,0,76fb791fafbc6eb83d167afd691da9d7efb9acfe879acecef2e76df7d9e6358d,460671aba0c8644dd54c9a32bc4323614be6d34e1a7d0d53d3d530ad63d08daf
421358,False,True,logging_only,COMPLETED,COMPLETED,0,0,0,0,76fb791fafbc6eb83d167afd691da9d7efb9acfe879acecef2e76df7d9e6358d,460671aba0c8644dd54c9a32bc4323614be6d34e1a7d0d53d3d530ad63d08daf
421359,False,False,monitor_enforced,COMPLETED,COMPLETED,0,0,0,0,76fb791fafbc6eb83d167afd691da9d7efb9acfe879acecef2e76df7d9e6358d,460671aba0c8644dd54c9a32bc4323614be6d34e1a7d0d53d3d530ad63d08daf
421360,True,True,logging_only,COMPLETED,CONTROLLED_STOP,1,0,1,0,76fb791fafbc6eb83d167afd691da9d7efb9acfe879acecef2e76df7d9e6358d,460671aba0c8644dd54c9a32bc4323614be6d34e1a7d0d53d3d530ad63d08daf
421361,True,False,logging_only,COMPLETED,CONTROLLED_STOP,1,0,1,0,76fb791fafbc6eb83d167afd691da9d7efb9acfe879acecef2e76df7d9e6358d,460671aba0c8644dd54c9a32bc4323614be6d34e1a7d0d53d3d530ad63d08daf
421362,True,True,logging_only,COMPLETED,CONTROLLED_STOP,1,0,1,0,76fb791fafbc6eb83d167afd691da9d7efb9acfe879acecef2e76df7d9e6358d,460671aba0c8644dd54c9a32bc4323614be6d34e1a7d0d53d3d530ad63d08daf
421363,True,True,monitor_enforced,COMPLETED,CONTROLLED_STOP,1,0,1,0,76fb791fafbc6eb83d167afd691da9d7efb9acfe879acecef2e76df7d9e6358d,460671aba0c8644dd54c9a32bc4323614be6d34e1a7d0d53d3d530ad63d08daf
421364,True,False,logging_only,COMPLETED,CONTROLLED_STOP,1,0,1,0,76fb791fafbc6eb83d167afd691da9d7efb9acfe879acecef2e76df7d9e6358d,460671aba0c8644dd54c9a32bc4323614be6d34e1a7d0d53d3d530ad63d08daf
421365,True,True,monitor_enforced,COMPLETED,CONTROLLED_STOP,1,0,1,0,76fb791fafbc6eb83d167afd691da9d7efb9acfe879acecef2e76df7d9e6358d,460671aba0c8644dd54c9a32bc4323614be6d34e1a7d0d53d3d530ad63d08daf
421366,True,False,monitor_enforced,COMPLETED,CONTROLLED_STOP,1,0,1,0,76fb791fafbc6eb83d167afd691da9d7efb9acfe879acecef2e76df7d9e6358d,460671aba0c8644dd54c9a32bc4323614be6d34e1a7d0d53d3d530ad63d08daf
421367,True,False,logging_only,COMPLETED,CONTROLLED_STOP,1,0,1,0,76fb791fafbc6eb83d167afd691da9d7efb9acfe879acecef2e76df7d9e6358d,460671aba0c8644dd54c9a32bc4323614be6d34e1a7d0d53d3d530ad63d08daf
421368,False,False,logging_only,COMPLETED,COMPLETED,0,0,0,0,76fb791fafbc6eb83d167afd691da9d7efb9acfe879acecef2e76df7d9e6358d,460671aba0c8644dd54c9a32bc4323614be6d34e1a7d0d53d3d530ad63d08daf
421369,True,True,monitor_enforced,COMPLETED,CONTROLLED_STOP,1,0,1,0,76fb791fafbc6eb83d167afd691da9d7efb9acfe879acecef2e76df7d9e6358d,460671aba0c8644dd54c9a32bc4323614be6d34e1a7d0d53d3d530ad63d08daf
421370,False,True,monitor_enforced,COMPLETED,COMPLETED,0,0,0,0,76fb791fafbc6eb83d167afd691da9d7efb9acfe879acecef2e76df7d9e6358d,460671aba0c8644dd54c9a32bc4323614be6d34e1a7d0d53d3d530ad63d08daf
421371,False,True,logging_only,COMPLETED,COMPLETED,0,0,0,0,76fb791fafbc6eb83d167afd691da9d7efb9acfe879acecef2e76df7d9e6358d,460671aba0c8644dd54c9a32bc4323614be6d34e1a7d0d53d3d530ad63d08daf
421372,True,False,monitor_enforced,COMPLETED,CONTROLLED_STOP,1,0,1,0,76fb791fafbc6eb83d167afd691da9d7efb9acfe879acecef2e76df7d9e6358d,460671aba0c8644dd54c9a32bc4323614be6d34e1a7d0d53d3d530ad63d08daf
421373,True,False,logging_only,COMPLETED,CONTROLLED_STOP,1,0,1,0,76fb791fafbc6eb83d167afd691da9d7efb9acfe879acecef2e76df7d9e6358d,460671aba0c8644dd54c9a32bc4323614be6d34e1a7d0d53d3d530ad63d08daf
421374,True,False,logging_only,COMPLETED,CONTROLLED_STOP,1,0,1,0,76fb791fafbc6eb83d167afd691da9d7efb9acfe879acecef2e76df7d9e6358d,460671aba0c8644dd54c9a32bc4323614be6d34e1a7d0d53d3d530ad63d08daf
421375,True,True,monitor_enforced,COMPLETED,CONTROLLED_STOP,1,0,1,0,76fb791fafbc6eb83d167afd691da9d7efb9acfe879acecef2e76df7d9e6358d,460671aba0c8644dd54c9a32bc4323614be6d34e1a7d0d53d3d530ad63d08daf
421376,True,True,logging_only,COMPLETED,CONTROLLED_STOP,1,0,1,0,76fb791fafbc6eb83d167afd691da9d7efb9acfe879acecef2e76df7d9e6358d,460671aba0c8644dd54c9a32bc4323614be6d34e1a7d0d53d3d530ad63d08daf
421377,False,True,monitor_enforced,COMPLETED,COMPLETED,0,0,0,0,76fb791fafbc6eb83d167afd691da9d7efb9acfe879acecef2e76df7d9e6358d,460671aba0c8644dd54c9a32bc4323614be6d34e1a7d0d53d3d530ad63d08daf
421378,False,False,logging_only,COMPLETED,COMPLETED,0,0,0,0,76fb791fafbc6eb83d167afd691da9d7efb9acfe879acecef2e76df7d9e6358d,460671aba0c8644dd54c9a32bc4323614be6d34e1a7d0d53d3d530ad63d08daf
421379,False,False,monitor_enforced,COMPLETED,COMPLETED,0,0,0,0,76fb791fafbc6eb83d167afd691da9d7efb9acfe879acecef2e76df7d9e6358d,460671aba0c8644dd54c9a32bc4323614be6d34e1a7d0d53d3d530ad63d08daf
421380,False,True,logging_only,COMPLETED,COMPLETED,0,0,0,0,76fb791fafbc6eb83d167afd691da9d7efb9acfe879acecef2e76df7d9e6358d,460671aba0c8644dd54c9a32bc4323614be6d34e1a7d0d53d3d530ad63d08daf
421381,True,True,logging_only,COMPLETED,CONTROLLED_STOP,1,0,1,0,76fb791fafbc6eb83d167afd691da9d7efb9acfe879acecef2e76df7d9e6358d,460671aba0c8644dd54c9a32bc4323614be6d34e1a7d0d53d3d530ad63d08daf
421382,False,False,logging_only,COMPLETED,COMPLETED,0,0,0,0,76fb791fafbc6eb83d167afd691da9d7efb9acfe879acecef2e76df7d9e6358d,460671aba0c8644dd54c9a32bc4323614be6d34e1a7d0d53d3d530ad63d08daf
421383,False,True,logging_only,COMPLETED,COMPLETED,0,0,0,0,76fb791fafbc6eb83d167afd691da9d7efb9acfe879acecef2e76df7d9e6358d,460671aba0c8644dd54c9a32bc4323614be6d34e1a7d0d53d3d530ad63d08daf
421384,False,True,monitor_enforced,COMPLETED,COMPLETED,0,0,0,0,76fb791fafbc6eb83d167afd691da9d7efb9acfe879acecef2e76df7d9e6358d,460671aba0c8644dd54c9a32bc4323614be6d34e1a7d0d53d3d530ad63d08daf
421385,False,True,logging_only,COMPLETED,COMPLETED,0,0,0,0,76fb791fafbc6eb83d167afd691da9d7efb9acfe879acecef2e76df7d9e6358d,460671aba0c8644dd54c9a32bc4323614be6d34e1a7d0d53d3d530ad63d08daf
421386,True,True,logging_only,COMPLETED,CONTROLLED_STOP,1,0,1,0,76fb791fafbc6eb83d167afd691da9d7efb9acfe879acecef2e76df7d9e6358d,460671aba0c8644dd54c9a32bc4323614be6d34e1a7d0d53d3d530ad63d08daf
421387,False,False,monitor_enforced,COMPLETED,COMPLETED,0,0,0,0,76fb791fafbc6eb83d167afd691da9d7efb9acfe879acecef2e76df7d9e6358d,460671aba0c8644dd54c9a32bc4323614be6d34e1a7d0d53d3d530ad63d08daf
421388,True,True,monitor_enforced,COMPLETED,CONTROLLED_STOP,1,0,1,0,76fb791fafbc6eb83d167afd691da9d7efb9acfe879acecef2e76df7d9e6358d,460671aba0c8644dd54c9a32bc4323614be6d34e1a7d0d53d3d530ad63d08daf
421389,False,False,monitor_enforced,COMPLETED,COMPLETED,0,0,0,0,76fb791fafbc6eb83d167afd691da9d7efb9acfe879acecef2e76df7d9e6358d,460671aba0c8644dd54c9a32bc4323614be6d34e1a7d0d53d3d530ad63d08daf
421390,True,True,logging_only,COMPLETED,CONTROLLED_STOP,1,0,1,0,76fb791fafbc6eb83d167afd691da9d7efb9acfe879acecef2e76df7d9e6358d,460671aba0c8644dd54c9a32bc4323614be6d34e1a7d0d53d3d530ad63d08daf
421391,True,True,monitor_enforced,COMPLETED,CONTROLLED_STOP,1,0,1,0,76fb791fafbc6eb83d167afd691da9d7efb9acfe879acecef2e76df7d9e6358d,460671aba0c8644dd54c9a32bc4323614be6d34e1a7d0d53d3d530ad63d08daf
421392,False,True,logging_only,COMPLETED,COMPLETED,0,0,0,0,76fb791fafbc6eb83d167afd691da9d7efb9acfe879acecef2e76df7d9e6358d,460671aba0c8644dd54c9a32bc4323614be6d34e1a7d0d53d3d530ad63d08daf
421393,True,False,logging_only,COMPLETED,CONTROLLED_STOP,1,0,1,0,76fb791fafbc6eb83d167afd691da9d7efb9acfe879acecef2e76df7d9e6358d,460671aba0c8644dd54c9a32bc4323614be6d34e1a7d0d53d3d530ad63d08daf
421394,True,True,logging_only,COMPLETED,CONTROLLED_STOP,1,0,1,0,76fb791fafbc6eb83d167afd691da9d7efb9acfe879acecef2e76df7d9e6358d,460671aba0c8644dd54c9a32bc4323614be6d34e1a7d0d53d3d530ad63d08daf
421395,True,True,logging_only,COMPLETED,CONTROLLED_STOP,1,0,1,0,76fb791fafbc6eb83d167afd691da9d7efb9acfe879acecef2e76df7d9e6358d,460671aba0c8644dd54c9a32bc4323614be6d34e1a7d0d53d3d530ad63d08daf
421396,False,False,monitor_enforced,COMPLETED,COMPLETED,0,0,0,0,76fb791fafbc6eb83d167afd691da9d7efb9acfe879acecef2e76df7d9e6358d,460671aba0c8644dd54c9a32bc4323614be6d34e1a7d0d53d3d530ad63d08daf
421397,False,True,monitor_enforced,COMPLETED,COMPLETED,0,0,0,0,76fb791fafbc6eb83d167afd691da9d7efb9acfe879acecef2e76df7d9e6358d,460671aba0c8644dd54c9a32bc4323614be6d34e1a7d0d53d3d530ad63d08daf
421398,False,False,logging_only,COMPLETED,COMPLETED,0,0,0,0,76fb791fafbc6eb83d167afd691da9d7efb9acfe879acecef2e76df7d9e6358d,460671aba0c8644dd54c9a32bc4323614be6d34e1a7d0d53d3d530ad63d08daf
421399,False,True,logging_only,COMPLETED,COMPLETED,0,0,0,0,76fb791fafbc6eb83d167afd691da9d7efb9acfe879acecef2e76df7d9e6358d,460671aba0c8644dd54c9a32bc4323614be6d34e1a7d0d53d3d530ad63d08daf
421400,False,True,logging_only,COMPLETED,COMPLETED,0,0,0,0,76fb791fafbc6eb83d167afd691da9d7efb9acfe879acecef2e76df7d9e6358d,460671aba0c8644dd54c9a32bc4323614be6d34e1a7d0d53d3d530ad63d08daf
421401,False,False,logging_only,COMPLETED,COMPLETED,0,0,0,0,76fb791fafbc6eb83d167afd691da9d7efb9acfe879acecef2e76df7d9e6358d,460671aba0c8644dd54c9a32bc4323614be6d34e1a7d0d53d3d530ad63d08daf
421402,False,True,logging_only,COMPLETED,COMPLETED,0,0,0,0,76fb791fafbc6eb83d167afd691da9d7efb9acfe879acecef2e76df7d9e6358d,460671aba0c8644dd54c9a32bc4323614be6d34e1a7d0d53d3d530ad63d08daf
421403,True,True,monitor_enforced,COMPLETED,CONTROLLED_STOP,1,0,1,0,76fb791fafbc6eb83d167afd691da9d7efb9acfe879acecef2e76df7d9e6358d,460671aba0c8644dd54c9a32bc4323614be6d34e1a7d0d53d3d530ad63d08daf
421404,False,True,logging_only,COMPLETED,COMPLETED,0,0,0,0,76fb791fafbc6eb83d167afd691da9d7efb9acfe879acecef2e76df7d9e6358d,460671aba0c8644dd54c9a32bc4323614be6d34e1a7d0d53d3d530ad63d08daf
421405,True,False,logging_only,COMPLETED,CONTROLLED_STOP,1,0,1,0,76fb791fafbc6eb83d167afd691da9d7efb9acfe879acecef2e76df7d9e6358d,460671aba0c8644dd54c9a32bc4323614be6d34e1a7d0d53d3d530ad63d08daf
421406,True,False,logging_only,COMPLETED,CONTROLLED_STOP,1,0,1,0,76fb791fafbc6eb83d167afd691da9d7efb9acfe879acecef2e76df7d9e6358d,460671aba0c8644dd54c9a32bc4323614be6d34e1a7d0d53d3d530ad63d08daf
421407,True,False,logging_only,COMPLETED,CONTROLLED_STOP,1,0,1,0,76fb791fafbc6eb83d167afd691da9d7efb9acfe879acecef2e76df7d9e6358d,460671aba0c8644dd54c9a32bc4323614be6d34e1a7d0d53d3d530ad63d08daf
421408,True,True,monitor_enforced,COMPLETED,CONTROLLED_STOP,1,0,1,0,76fb791fafbc6eb83d167afd691da9d7efb9acfe879acecef2e76df7d9e6358d,460671aba0c8644dd54c9a32bc4323614be6d34e1a7d0d53d3d530ad63d08daf
421409,False,False,monitor_enforced,COMPLETED,COMPLETED,0,0,0,0,76fb791fafbc6eb83d167afd691da9d7efb9acfe879acecef2e76df7d9e6358d,460671aba0c8644dd54c9a32bc4323614be6d34e1a7d0d53d3d530ad63d08daf
421410,False,True,logging_only,COMPLETED,COMPLETED,0,0,0,0,76fb791fafbc6eb83d167afd691da9d7efb9acfe879acecef2e76df7d9e6358d,460671aba0c8644dd54c9a32bc4323614be6d34e1a7d0d53d3d530ad63d08daf
421411,True,False,logging_only,COMPLETED,CONTROLLED_STOP,1,0,1,0,76fb791fafbc6eb83d167afd691da9d7efb9acfe879acecef2e76df7d9e6358d,460671aba0c8644dd54c9a32bc4323614be6d34e1a7d0d53d3d530ad63d08daf
421412,False,False,logging_only,COMPLETED,COMPLETED,0,0,0,0,76fb791fafbc6eb83d167afd691da9d7efb9acfe879acecef2e76df7d9e6358d,460671aba0c8644dd54c9a32bc4323614be6d34e1a7d0d53d3d530ad63d08daf
421413,False,True,monitor_enforced,COMPLETED,COMPLETED,0,0,0,0,76fb791fafbc6eb83d167afd691da9d7efb9acfe879acecef2e76df7d9e6358d,460671aba0c8644dd54c9a32bc4323614be6d34e1a7d0d53d3d530ad63d08daf
421414,True,False,monitor_enforced,COMPLETED,CONTROLLED_STOP,1,0,1,0,76fb791fafbc6eb83d167afd691da9d7efb9acfe879acecef2e76df7d9e6358d,460671aba0c8644dd54c9a32bc4323614be6d34e1a7d0d53d3d530ad63d08daf
421415,True,False,monitor_enforced,COMPLETED,CONTROLLED_STOP,1,0,1,0,76fb791fafbc6eb83d167afd691da9d7efb9acfe879acecef2e76df7d9e6358d,460671aba0c8644dd54c9a32bc4323614be6d34e1a7d0d53d3d530ad63d08daf
421416,False,True,logging_only,COMPLETED,COMPLETED,0,0,0,0,76fb791fafbc6eb83d167afd691da9d7efb9acfe879acecef2e76df7d9e6358d,460671aba0c8644dd54c9a32bc4323614be6d34e1a7d0d53d3d530ad63d08daf
421417,False,False,logging_only,COMPLETED,COMPLETED,0,0,0,0,76fb791fafbc6eb83d167afd691da9d7efb9acfe879acecef2e76df7d9e6358d,460671aba0c8644dd54c9a32bc4323614be6d34e1a7d0d53d3d530ad63d08daf
421418,False,True,logging_only,COMPLETED,COMPLETED,0,0,0,0,76fb791fafbc6eb83d167afd691da9d7efb9acfe879acecef2e76df7d9e6358d,460671aba0c8644dd54c9a32bc4323614be6d34e1a7d0d53d3d530ad63d08daf
421419,True,True,monitor_enforced,COMPLETED,CONTROLLED_STOP,1,0,1,0,76fb791fafbc6eb83d167afd691da9d7efb9acfe879acecef2e76df7d9e6358d,460671aba0c8644dd54c9a32bc4323614be6d34e1a7d0d53d3d530ad63d08daf
421420,True,False,logging_only,COMPLETED,CONTROLLED_STOP,1,0,1,0,76fb791fafbc6eb83d167afd691da9d7efb9acfe879acecef2e76df7d9e6358d,460671aba0c8644dd54c9a32bc4323614be6d34e1a7d0d53d3d530ad63d08daf
421421,True,True,logging_only,COMPLETED,CONTROLLED_STOP,1,0,1,0,76fb791fafbc6eb83d167afd691da9d7efb9acfe879acecef2e76df7d9e6358d,460671aba0c8644dd54c9a32bc4323614be6d34e1a7d0d53d3d530ad63d08daf
421422,True,False,logging_only,COMPLETED,CONTROLLED_STOP,1,0,1,0,76fb791fafbc6eb83d167afd691da9d7efb9acfe879acecef2e76df7d9e6358d,460671aba0c8644dd54c9a32bc4323614be6d34e1a7d0d53d3d530ad63d08daf
421423,True,True,logging_only,COMPLETED,CONTROLLED_STOP,1,0,1,0,76fb791fafbc6eb83d167afd691da9d7efb9acfe879acecef2e76df7d9e6358d,460671aba0c8644dd54c9a32bc4323614be6d34e1a7d0d53d3d530ad63d08daf
421424,False,False,logging_only,COMPLETED,COMPLETED,0,0,0,0,76fb791fafbc6eb83d167afd691da9d7efb9acfe879acecef2e76df7d9e6358d,460671aba0c8644dd54c9a32bc4323614be6d34e1a7d0d53d3d530ad63d08daf
421425,False,True,monitor_enforced,COMPLETED,COMPLETED,0,0,0,0,76fb791fafbc6eb83d167afd691da9d7efb9acfe879acecef2e76df7d9e6358d,460671aba0c8644dd54c9a32bc4323614be6d34e1a7d0d53d3d530ad63d08daf
421426,False,True,monitor_enforced,COMPLETED,COMPLETED,0,0,0,0,76fb791fafbc6eb83d167afd691da9d7efb9acfe879acecef2e76df7d9e6358d,460671aba0c8644dd54c9a32bc4323614be6d34e1a7d0d53d3d530ad63d08daf
421427,True,False,logging_only,COMPLETED,CONTROLLED_STOP,1,0,1,0,76fb791fafbc6eb83d167afd691da9d7efb9acfe879acecef2e76df7d9e6358d,460671aba0c8644dd54c9a32bc4323614be6d34e1a7d0d53d3d530ad63d08daf
421428,True,False,monitor_enforced,COMPLETED,CONTROLLED_STOP,1,0,1,0,76fb791fafbc6eb83d167afd691da9d7efb9acfe879acecef2e76df7d9e6358d,460671aba0c8644dd54c9a32bc4323614be6d34e1a7d0d53d3d530ad63d08daf
421429,True,True,logging_only,COMPLETED,CONTROLLED_STOP,1,0,1,0,76fb791fafbc6eb83d167afd691da9d7efb9acfe879acecef2e76df7d9e6358d,460671aba0c8644dd54c9a32bc4323614be6d34e1a7d0d53d3d530ad63d08daf
421430,False,True,monitor_enforced,COMPLETED,COMPLETED,0,0,0,0,76fb791fafbc6eb83d167afd691da9d7efb9acfe879acecef2e76df7d9e6358d,460671aba0c8644dd54c9a32bc4323614be6d34e1a7d0d53d3d530ad63d08daf
421431,True,False,logging_only,COMPLETED,CONTROLLED_STOP,1,0,1,0,76fb791fafbc6eb83d167afd691da9d7efb9acfe879acecef2e76df7d9e6358d,460671aba0c8644dd54c9a32bc4323614be6d34e1a7d0d53d3d530ad63d08daf
421432,True,False,monitor_enforced,COMPLETED,CONTROLLED_STOP,1,0,1,0,76fb791fafbc6eb83d167afd691da9d7efb9acfe879acecef2e76df7d9e6358d,460671aba0c8644dd54c9a32bc4323614be6d34e1a7d0d53d3d530ad63d08daf
421433,False,False,monitor_enforced,COMPLETED,COMPLETED,0,0,0,0,76fb791fafbc6eb83d167afd691da9d7efb9acfe879acecef2e76df7d9e6358d,460671aba0c8644dd54c9a32bc4323614be6d34e1a7d0d53d3d530ad63d08daf
421434,True,True,logging_only,COMPLETED,CONTROLLED_STOP,1,0,1,0,76fb791fafbc6eb83d167afd691da9d7efb9acfe879acecef2e76df7d9e6358d,460671aba0c8644dd54c9a32bc4323614be6d34e1a7d0d53d3d530ad63d08daf
421435,True,True,monitor_enforced,COMPLETED,CONTROLLED_STOP,1,0,1,0,76fb791fafbc6eb83d167afd691da9d7efb9acfe879acecef2e76df7d9e6358d,460671aba0c8644dd54c9a32bc4323614be6d34e1a7d0d53d3d530ad63d08daf
421436,False,True,monitor_enforced,COMPLETED,COMPLETED,0,0,0,0,76fb791fafbc6eb83d167afd691da9d7efb9acfe879acecef2e76df7d9e6358d,460671aba0c8644dd54c9a32bc4323614be6d34e1a7d0d53d3d530ad63d08daf
421437,True,False,logging_only,COMPLETED,CONTROLLED_STOP,1,0,1,0,76fb791fafbc6eb83d167afd691da9d7efb9acfe879acecef2e76df7d9e6358d,460671aba0c8644dd54c9a32bc4323614be6d34e1a7d0d53d3d530ad63d08daf
421438,False,True,logging_only,COMPLETED,COMPLETED,0,0,0,0,76fb791fafbc6eb83d167afd691da9d7efb9acfe879acecef2e76df7d9e6358d,460671aba0c8644dd54c9a32bc4323614be6d34e1a7d0d53d3d530ad63d08daf
421439,False,False,logging_only,COMPLETED,COMPLETED,0,0,0,0,76fb791fafbc6eb83d167afd691da9d7efb9acfe879acecef2e76df7d9e6358d,460671aba0c8644dd54c9a32bc4323614be6d34e1a7d0d53d3d530ad63d08daf
421440,False,True,monitor_enforced,COMPLETED,COMPLETED,0,0,0,0,76fb791fafbc6eb83d167afd691da9d7efb9acfe879acecef2e76df7d9e6358d,460671aba0c8644dd54c9a32bc4323614be6d34e1a7d0d53d3d530ad63d08daf
421441,False,True,monitor_enforced,COMPLETED,COMPLETED,0,0,0,0,76fb791fafbc6eb83d167afd691da9d7efb9acfe879acecef2e76df7d9e6358d,460671aba0c8644dd54c9a32bc4323614be6d34e1a7d0d53d3d530ad63d08daf
421442,False,False,monitor_enforced,COMPLETED,COMPLETED,0,0,0,0,76fb791fafbc6eb83d167afd691da9d7efb9acfe879acecef2e76df7d9e6358d,460671aba0c8644dd54c9a32bc4323614be6d34e1a7d0d53d3d530ad63d08daf
421443,True,True,logging_only,COMPLETED,CONTROLLED_STOP,1,0,1,0,76fb791fafbc6eb83d167afd691da9d7efb9acfe879acecef2e76df7d9e6358d,460671aba0c8644dd54c9a32bc4323614be6d34e1a7d0d53d3d530ad63d08daf
421444,True,False,logging_only,COMPLETED,CONTROLLED_STOP,1,0,1,0,76fb791fafbc6eb83d167afd691da9d7efb9acfe879acecef2e76df7d9e6358d,460671aba0c8644dd54c9a32bc4323614be6d34e1a7d0d53d3d530ad63d08daf
421445,False,False,logging_only,COMPLETED,COMPLETED,0,0,0,0,76fb791fafbc6eb83d167afd691da9d7efb9acfe879acecef2e76df7d9e6358d,460671aba0c8644dd54c9a32bc4323614be6d34e1a7d0d53d3d530ad63d08daf
421446,False,True,logging_only,COMPLETED,COMPLETED,0,0,0,0,76fb791fafbc6eb83d167afd691da9d7efb9acfe879acecef2e76df7d9e6358d,460671aba0c8644dd54c9a32bc4323614be6d34e1a7d0d53d3d530ad63d08daf
421447,True,True,monitor_enforced,COMPLETED,CONTROLLED_STOP,1,0,1,0,76fb791fafbc6eb83d167afd691da9d7efb9acfe879acecef2e76df7d9e6358d,460671aba0c8644dd54c9a32bc4323614be6d34e1a7d0d53d3d530ad63d08daf
421448,True,False,logging_only,COMPLETED,CONTROLLED_STOP,1,0,1,0,76fb791fafbc6eb83d167afd691da9d7efb9acfe879acecef2e76df7d9e6358d,460671aba0c8644dd54c9a32bc4323614be6d34e1a7d0d53d3d530ad63d08daf
421449,False,False,logging_only,COMPLETED,COMPLETED,0,0,0,0,76fb791fafbc6eb83d167afd691da9d7efb9acfe879acecef2e76df7d9e6358d,460671aba0c8644dd54c9a32bc4323614be6d34e1a7d0d53d3d530ad63d08daf
421450,True,True,monitor_enforced,COMPLETED,CONTROLLED_STOP,1,0,1,0,76fb791fafbc6eb83d167afd691da9d7efb9acfe879acecef2e76df7d9e6358d,460671aba0c8644dd54c9a32bc4323614be6d34e1a7d0d53d3d530ad63d08daf
421451,True,True,logging_only,COMPLETED,CONTROLLED_STOP,1,0,1,0,76fb791fafbc6eb83d167afd691da9d7efb9acfe879acecef2e76df7d9e6358d,460671aba0c8644dd54c9a32bc4323614be6d34e1a7d0d53d3d530ad63d08daf
421452,False,True,logging_only,COMPLETED,COMPLETED,0,0,0,0,76fb791fafbc6eb83d167afd691da9d7efb9acfe879acecef2e76df7d9e6358d,460671aba0c8644dd54c9a32bc4323614be6d34e1a7d0d53d3d530ad63d08daf
421453,False,False,logging_only,COMPLETED,COMPLETED,0,0,0,0,76fb791fafbc6eb83d167afd691da9d7efb9acfe879acecef2e76df7d9e6358d,460671aba0c8644dd54c9a32bc4323614be6d34e1a7d0d53d3d530ad63d08daf
421454,False,False,monitor_enforced,COMPLETED,COMPLETED,0,0,0,0,76fb791fafbc6eb83d167afd691da9d7efb9acfe879acecef2e76df7d9e6358d,460671aba0c8644dd54c9a32bc4323614be6d34e1a7d0d53d3d530ad63d08daf
421455,True,True,monitor_enforced,COMPLETED,CONTROLLED_STOP,1,0,1,0,76fb791fafbc6eb83d167afd691da9d7efb9acfe879acecef2e76df7d9e6358d,460671aba0c8644dd54c9a32bc4323614be6d34e1a7d0d53d3d530ad63d08daf
421456,True,False,monitor_enforced,COMPLETED,CONTROLLED_STOP,1,0,1,0,76fb791fafbc6eb83d167afd691da9d7efb9acfe879acecef2e76df7d9e6358d,460671aba0c8644dd54c9a32bc4323614be6d34e1a7d0d53d3d530ad63d08daf
421457,False,True,logging_only,COMPLETED,COMPLETED,0,0,0,0,76fb791fafbc6eb83d167afd691da9d7efb9acfe879acecef2e76df7d9e6358d,460671aba0c8644dd54c9a32bc4323614be6d34e1a7d0d53d3d530ad63d08daf
421458,False,True,monitor_enforced,COMPLETED,COMPLETED,0,0,0,0,76fb791fafbc6eb83d167afd691da9d7efb9acfe879acecef2e76df7d9e6358d,460671aba0c8644dd54c9a32bc4323614be6d34e1a7d0d53d3d530ad63d08daf
421459,True,True,monitor_enforced,COMPLETED,CONTROLLED_STOP,1,0,1,0,76fb791fafbc6eb83d167afd691da9d7efb9acfe879acecef2e76df7d9e6358d,460671aba0c8644dd54c9a32bc4323614be6d34e1a7d0d53d3d530ad63d08daf
421460,True,False,logging_only,COMPLETED,CONTROLLED_STOP,1,0,1,0,76fb791fafbc6eb83d167afd691da9d7efb9acfe879acecef2e76df7d9e6358d,460671aba0c8644dd54c9a32bc4323614be6d34e1a7d0d53d3d530ad63d08daf
421461,True,False,logging_only,COMPLETED,CONTROLLED_STOP,1,0,1,0,76fb791fafbc6eb83d167afd691da9d7efb9acfe879acecef2e76df7d9e6358d,460671aba0c8644dd54c9a32bc4323614be6d34e1a7d0d53d3d530ad63d08daf
421462,True,False,monitor_enforced,COMPLETED,CONTROLLED_STOP,1,0,1,0,76fb791fafbc6eb83d167afd691da9d7efb9acfe879acecef2e76df7d9e6358d,460671aba0c8644dd54c9a32bc4323614be6d34e1a7d0d53d3d530ad63d08daf
421463,True,True,logging_only,COMPLETED,CONTROLLED_STOP,1,0,1,0,76fb791fafbc6eb83d167afd691da9d7efb9acfe879acecef2e76df7d9e6358d,460671aba0c8644dd54c9a32bc4323614be6d34e1a7d0d53d3d530ad63d08daf
421464,False,False,monitor_enforced,COMPLETED,COMPLETED,0,0,0,0,76fb791fafbc6eb83d167afd691da9d7efb9acfe879acecef2e76df7d9e6358d,460671aba0c8644dd54c9a32bc4323614be6d34e1a7d0d53d3d530ad63d08daf
421465,True,True,monitor_enforced,COMPLETED,CONTROLLED_STOP,1,0,1,0,76fb791fafbc6eb83d167afd691da9d7efb9acfe879acecef2e76df7d9e6358d,460671aba0c8644dd54c9a32bc4323614be6d34e1a7d0d53d3d530ad63d08daf
421466,False,False,logging_only,COMPLETED,COMPLETED,0,0,0,0,76fb791fafbc6eb83d167afd691da9d7efb9acfe879acecef2e76df7d9e6358d,460671aba0c8644dd54c9a32bc4323614be6d34e1a7d0d53d3d530ad63d08daf
421467,True,True,logging_only,COMPLETED,CONTROLLED_STOP,1,0,1,0,76fb791fafbc6eb83d167afd691da9d7efb9acfe879acecef2e76df7d9e6358d,460671aba0c8644dd54c9a32bc4323614be6d34e1a7d0d53d3d530ad63d08daf
421468,False,False,monitor_enforced,COMPLETED,COMPLETED,0,0,0,0,76fb791fafbc6eb83d167afd691da9d7efb9acfe879acecef2e76df7d9e6358d,460671aba0c8644dd54c9a32bc4323614be6d34e1a7d0d53d3d530ad63d08daf
421469,False,True,monitor_enforced,COMPLETED,COMPLETED,0,0,0,0,76fb791fafbc6eb83d167afd691da9d7efb9acfe879acecef2e76df7d9e6358d,460671aba0c8644dd54c9a32bc4323614be6d34e1a7d0d53d3d530ad63d08daf
421470,False,False,monitor_enforced,COMPLETED,COMPLETED,0,0,0,0,76fb791fafbc6eb83d167afd691da9d7efb9acfe879acecef2e76df7d9e6358d,460671aba0c8644dd54c9a32bc4323614be6d34e1a7d0d53d3d530ad63d08daf
421471,False,True,logging_only,COMPLETED,COMPLETED,0,0,0,0,76fb791fafbc6eb83d167afd691da9d7efb9acfe879acecef2e76df7d9e6358d,460671aba0c8644dd54c9a32bc4323614be6d34e1a7d0d53d3d530ad63d08daf
421472,True,False,logging_only,COMPLETED,CONTROLLED_STOP,1,0,1,0,76fb791fafbc6eb83d167afd691da9d7efb9acfe879acecef2e76df7d9e6358d,460671aba0c8644dd54c9a32bc4323614be6d34e1a7d0d53d3d530ad63d08daf
421473,False,True,logging_only,COMPLETED,COMPLETED,0,0,0,0,76fb791fafbc6eb83d167afd691da9d7efb9acfe879acecef2e76df7d9e6358d,460671aba0c8644dd54c9a32bc4323614be6d34e1a7d0d53d3d530ad63d08daf
421474,False,False,logging_only,COMPLETED,COMPLETED,0,0,0,0,76fb791fafbc6eb83d167afd691da9d7efb9acfe879acecef2e76df7d9e6358d,460671aba0c8644dd54c9a32bc4323614be6d34e1a7d0d53d3d530ad63d08daf
421475,True,True,monitor_enforced,COMPLETED,CONTROLLED_STOP,1,0,1,0,76fb791fafbc6eb83d167afd691da9d7efb9acfe879acecef2e76df7d9e6358d,460671aba0c8644dd54c9a32bc4323614be6d34e1a7d0d53d3d530ad63d08daf
421476,True,True,monitor_enforced,COMPLETED,CONTROLLED_STOP,1,0,1,0,76fb791fafbc6eb83d167afd691da9d7efb9acfe879acecef2e76df7d9e6358d,460671aba0c8644dd54c9a32bc4323614be6d34e1a7d0d53d3d530ad63d08daf
421477,True,True,monitor_enforced,COMPLETED,CONTROLLED_STOP,1,0,1,0,76fb791fafbc6eb83d167afd691da9d7efb9acfe879acecef2e76df7d9e6358d,460671aba0c8644dd54c9a32bc4323614be6d34e1a7d0d53d3d530ad63d08daf
421478,False,False,logging_only,COMPLETED,COMPLETED,0,0,0,0,76fb791fafbc6eb83d167afd691da9d7efb9acfe879acecef2e76df7d9e6358d,460671aba0c8644dd54c9a32bc4323614be6d34e1a7d0d53d3d530ad63d08daf
421479,False,False,monitor_enforced,COMPLETED,COMPLETED,0,0,0,0,76fb791fafbc6eb83d167afd691da9d7efb9acfe879acecef2e76df7d9e6358d,460671aba0c8644dd54c9a32bc4323614be6d34e1a7d0d53d3d530ad63d08daf
421480,True,False,monitor_enforced,COMPLETED,CONTROLLED_STOP,1,0,1,0,76fb791fafbc6eb83d167afd691da9d7efb9acfe879acecef2e76df7d9e6358d,460671aba0c8644dd54c9a32bc4323614be6d34e1a7d0d53d3d530ad63d08daf
421481,True,False,logging_only,COMPLETED,CONTROLLED_STOP,1,0,1,0,76fb791fafbc6eb83d167afd691da9d7efb9acfe879acecef2e76df7d9e6358d,460671aba0c8644dd54c9a32bc4323614be6d34e1a7d0d53d3d530ad63d08daf
421482,True,False,monitor_enforced,COMPLETED,CONTROLLED_STOP,1,0,1,0,76fb791fafbc6eb83d167afd691da9d7efb9acfe879acecef2e76df7d9e6358d,460671aba0c8644dd54c9a32bc4323614be6d34e1a7d0d53d3d530ad63d08daf
421483,True,False,logging_only,COMPLETED,CONTROLLED_STOP,1,0,1,0,76fb791fafbc6eb83d167afd691da9d7efb9acfe879acecef2e76df7d9e6358d,460671aba0c8644dd54c9a32bc4323614be6d34e1a7d0d53d3d530ad63d08daf
421484,False,False,monitor_enforced,COMPLETED,COMPLETED,0,0,0,0,76fb791fafbc6eb83d167afd691da9d7efb9acfe879acecef2e76df7d9e6358d,460671aba0c8644dd54c9a32bc4323614be6d34e1a7d0d53d3d530ad63d08daf
421485,True,False,logging_only,COMPLETED,CONTROLLED_STOP,1,0,1,0,76fb791fafbc6eb83d167afd691da9d7efb9acfe879acecef2e76df7d9e6358d,460671aba0c8644dd54c9a32bc4323614be6d34e1a7d0d53d3d530ad63d08daf
421486,False,True,monitor_enforced,COMPLETED,COMPLETED,0,0,0,0,76fb791fafbc6eb83d167afd691da9d7efb9acfe879acecef2e76df7d9e6358d,460671aba0c8644dd54c9a32bc4323614be6d34e1a7d0d53d3d530ad63d08daf
421487,False,False,logging_only,COMPLETED,COMPLETED,0,0,0,0,76fb791fafbc6eb83d167afd691da9d7efb9acfe879acecef2e76df7d9e6358d,460671aba0c8644dd54c9a32bc4323614be6d34e1a7d0d53d3d530ad63d08daf
421488,False,False,logging_only,COMPLETED,COMPLETED,0,0,0,0,76fb791fafbc6eb83d167afd691da9d7efb9acfe879acecef2e76df7d9e6358d,460671aba0c8644dd54c9a32bc4323614be6d34e1a7d0d53d3d530ad63d08daf
421489,False,True,monitor_enforced,COMPLETED,COMPLETED,0,0,0,0,76fb791fafbc6eb83d167afd691da9d7efb9acfe879acecef2e76df7d9e6358d,460671aba0c8644dd54c9a32bc4323614be6d34e1a7d0d53d3d530ad63d08daf
421490,False,True,logging_only,COMPLETED,COMPLETED,0,0,0,0,76fb791fafbc6eb83d167afd691da9d7efb9acfe879acecef2e76df7d9e6358d,460671aba0c8644dd54c9a32bc4323614be6d34e1a7d0d53d3d530ad63d08daf
421491,False,False,monitor_enforced,COMPLETED,COMPLETED,0,0,0,0,76fb791fafbc6eb83d167afd691da9d7efb9acfe879acecef2e76df7d9e6358d,460671aba0c8644dd54c9a32bc4323614be6d34e1a7d0d53d3d530ad63d08daf
421492,False,True,monitor_enforced,COMPLETED,COMPLETED,0,0,0,0,76fb791fafbc6eb83d167afd691da9d7efb9acfe879acecef2e76df7d9e6358d,460671aba0c8644dd54c9a32bc4323614be6d34e1a7d0d53d3d530ad63d08daf
421493,False,True,logging_only,COMPLETED,COMPLETED,0,0,0,0,76fb791fafbc6eb83d167afd691da9d7efb9acfe879acecef2e76df7d9e6358d,460671aba0c8644dd54c9a32bc4323614be6d34e1a7d0d53d3d530ad63d08daf
421494,True,False,monitor_enforced,COMPLETED,CONTROLLED_STOP,1,0,1,0,76fb791fafbc6eb83d167afd691da9d7efb9acfe879acecef2e76df7d9e6358d,460671aba0c8644dd54c9a32bc4323614be6d34e1a7d0d53d3d530ad63d08daf
421495,True,True,logging_only,COMPLETED,CONTROLLED_STOP,1,0,1,0,76fb791fafbc6eb83d167afd691da9d7efb9acfe879acecef2e76df7d9e6358d,460671aba0c8644dd54c9a32bc4323614be6d34e1a7d0d53d3d530ad63d08daf
421496,False,True,monitor_enforced,COMPLETED,COMPLETED,0,0,0,0,76fb791fafbc6eb83d167afd691da9d7efb9acfe879acecef2e76df7d9e6358d,460671aba0c8644dd54c9a32bc4323614be6d34e1a7d0d53d3d530ad63d08daf
421497,True,False,logging_only,COMPLETED,CONTROLLED_STOP,1,0,1,0,76fb791fafbc6eb83d167afd691da9d7efb9acfe879acecef2e76df7d9e6358d,460671aba0c8644dd54c9a32bc4323614be6d34e1a7d0d53d3d530ad63d08daf
421498,False,True,logging_only,COMPLETED,COMPLETED,0,0,0,0,76fb791fafbc6eb83d167afd691da9d7efb9acfe879acecef2e76df7d9e6358d,460671aba0c8644dd54c9a32bc4323614be6d34e1a7d0d53d3d530ad63d08daf
421499,False,False,logging_only,COMPLETED,COMPLETED,0,0,0,0,76fb791fafbc6eb83d167afd691da9d7efb9acfe879acecef2e76df7d9e6358d,460671aba0c8644dd54c9a32bc4323614be6d34e1a7d0d53d3d530ad63d08daf
421500,False,True,logging_only,COMPLETED,COMPLETED,0,0,0,0,76fb791fafbc6eb83d167afd691da9d7efb9acfe879acecef2e76df7d9e6358d,460671aba0c8644dd54c9a32bc4323614be6d34e1a7d0d53d3d530ad63d08daf
421501,False,True,monitor_enforced,COMPLETED,COMPLETED,0,0,0,0,76fb791fafbc6eb83d167afd691da9d7efb9acfe879acecef2e76df7d9e6358d,460671aba0c8644dd54c9a32bc4323614be6d34e1a7d0d53d3d530ad63d08daf
421502,True,False,logging_only,COMPLETED,CONTROLLED_STOP,1,0,1,0,76fb791fafbc6eb83d167afd691da9d7efb9acfe879acecef2e76df7d9e6358d,460671aba0c8644dd54c9a32bc4323614be6d34e1a7d0d53d3d530ad63d08daf
421503,False,True,logging_only,COMPLETED,COMPLETED,0,0,0,0,76fb791fafbc6eb83d167afd691da9d7efb9acfe879acecef2e76df7d9e6358d,460671aba0c8644dd54c9a32bc4323614be6d34e1a7d0d53d3d530ad63d08daf
421504,True,True,monitor_enforced,COMPLETED,CONTROLLED_STOP,1,0,1,0,76fb791fafbc6eb83d167afd691da9d7efb9acfe879acecef2e76df7d9e6358d,460671aba0c8644dd54c9a32bc4323614be6d34e1a7d0d53d3d530ad63d08daf
421505,False,False,logging_only,COMPLETED,COMPLETED,0,0,0,0,76fb791fafbc6eb83d167afd691da9d7efb9acfe879acecef2e76df7d9e6358d,460671aba0c8644dd54c9a32bc4323614be6d34e1a7d0d53d3d530ad63d08daf
421506,True,True,monitor_enforced,COMPLETED,CONTROLLED_STOP,1,0,1,0,76fb791fafbc6eb83d167afd691da9d7efb9acfe879acecef2e76df7d9e6358d,460671aba0c8644dd54c9a32bc4323614be6d34e1a7d0d53d3d530ad63d08daf
421507,False,False,monitor_enforced,COMPLETED,COMPLETED,0,0,0,0,76fb791fafbc6eb83d167afd691da9d7efb9acfe879acecef2e76df7d9e6358d,460671aba0c8644dd54c9a32bc4323614be6d34e1a7d0d53d3d530ad63d08daf
421508,True,False,logging_only,COMPLETED,CONTROLLED_STOP,1,0,1,0,76fb791fafbc6eb83d167afd691da9d7efb9acfe879acecef2e76df7d9e6358d,460671aba0c8644dd54c9a32bc4323614be6d34e1a7d0d53d3d530ad63d08daf
421509,True,True,monitor_enforced,COMPLETED,CONTROLLED_STOP,1,0,1,0,76fb791fafbc6eb83d167afd691da9d7efb9acfe879acecef2e76df7d9e6358d,460671aba0c8644dd54c9a32bc4323614be6d34e1a7d0d53d3d530ad63d08daf
421510,False,False,monitor_enforced,COMPLETED,COMPLETED,0,0,0,0,76fb791fafbc6eb83d167afd691da9d7efb9acfe879acecef2e76df7d9e6358d,460671aba0c8644dd54c9a32bc4323614be6d34e1a7d0d53d3d530ad63d08daf
421511,True,True,logging_only,COMPLETED,CONTROLLED_STOP,1,0,1,0,76fb791fafbc6eb83d167afd691da9d7efb9acfe879acecef2e76df7d9e6358d,460671aba0c8644dd54c9a32bc4323614be6d34e1a7d0d53d3d530ad63d08daf
421512,True,False,monitor_enforced,COMPLETED,CONTROLLED_STOP,1,0,1,0,76fb791fafbc6eb83d167afd691da9d7efb9acfe879acecef2e76df7d9e6358d,460671aba0c8644dd54c9a32bc4323614be6d34e1a7d0d53d3d530ad63d08daf
421513,False,False,monitor_enforced,COMPLETED,COMPLETED,0,0,0,0,76fb791fafbc6eb83d167afd691da9d7efb9acfe879acecef2e76df7d9e6358d,460671aba0c8644dd54c9a32bc4323614be6d34e1a7d0d53d3d530ad63d08daf
421514,True,False,monitor_enforced,COMPLETED,CONTROLLED_STOP,1,0,1,0,76fb791fafbc6eb83d167afd691da9d7efb9acfe879acecef2e76df7d9e6358d,460671aba0c8644dd54c9a32bc4323614be6d34e1a7d0d53d3d530ad63d08daf
421515,True,True,monitor_enforced,COMPLETED,CONTROLLED_STOP,1,0,1,0,76fb791fafbc6eb83d167afd691da9d7efb9acfe879acecef2e76df7d9e6358d,460671aba0c8644dd54c9a32bc4323614be6d34e1a7d0d53d3d530ad63d08daf
421516,False,True,monitor_enforced,COMPLETED,COMPLETED,0,0,0,0,76fb791fafbc6eb83d167afd691da9d7efb9acfe879acecef2e76df7d9e6358d,460671aba0c8644dd54c9a32bc4323614be6d34e1a7d0d53d3d530ad63d08daf
421517,True,True,monitor_enforced,COMPLETED,CONTROLLED_STOP,1,0,1,0,76fb791fafbc6eb83d167afd691da9d7efb9acfe879acecef2e76df7d9e6358d,460671aba0c8644dd54c9a32bc4323614be6d34e1a7d0d53d3d530ad63d08daf
421518,True,True,logging_only,COMPLETED,CONTROLLED_STOP,1,0,1,0,76fb791fafbc6eb83d167afd691da9d7efb9acfe879acecef2e76df7d9e6358d,460671aba0c8644dd54c9a32bc4323614be6d34e1a7d0d53d3d530ad63d08daf
421519,True,True,monitor_enforced,COMPLETED,CONTROLLED_STOP,1,0,1,0,76fb791fafbc6eb83d167afd691da9d7efb9acfe879acecef2e76df7d9e6358d,460671aba0c8644dd54c9a32bc4323614be6d34e1a7d0d53d3d530ad63d08daf
421520,False,False,logging_only,COMPLETED,COMPLETED,0,0,0,0,76fb791fafbc6eb83d167afd691da9d7efb9acfe879acecef2e76df7d9e6358d,460671aba0c8644dd54c9a32bc4323614be6d34e1a7d0d53d3d530ad63d08daf
421521,False,True,logging_only,COMPLETED,COMPLETED,0,0,0,0,76fb791fafbc6eb83d167afd691da9d7efb9acfe879acecef2e76df7d9e6358d,460671aba0c8644dd54c9a32bc4323614be6d34e1a7d0d53d3d530ad63d08daf
421522,True,True,logging_only,COMPLETED,CONTROLLED_STOP,1,0,1,0,76fb791fafbc6eb83d167afd691da9d7efb9acfe879acecef2e76df7d9e6358d,460671aba0c8644dd54c9a32bc4323614be6d34e1a7d0d53d3d530ad63d08daf
421523,True,False,logging_only,COMPLETED,CONTROLLED_STOP,1,0,1,0,76fb791fafbc6eb83d167afd691da9d7efb9acfe879acecef2e76df7d9e6358d,460671aba0c8644dd54c9a32bc4323614be6d34e1a7d0d53d3d530ad63d08daf
421524,True,False,monitor_enforced,COMPLETED,CONTROLLED_STOP,1,0,1,0,76fb791fafbc6eb83d167afd691da9d7efb9acfe879acecef2e76df7d9e6358d,460671aba0c8644dd54c9a32bc4323614be6d34e1a7d0d53d3d530ad63d08daf
421525,True,False,logging_only,COMPLETED,CONTROLLED_STOP,1,0,1,0,76fb791fafbc6eb83d167afd691da9d7efb9acfe879acecef2e76df7d9e6358d,460671aba0c8644dd54c9a32bc4323614be6d34e1a7d0d53d3d530ad63d08daf
421526,False,True,logging_only,COMPLETED,COMPLETED,0,0,0,0,76fb791fafbc6eb83d167afd691da9d7efb9acfe879acecef2e76df7d9e6358d,460671aba0c8644dd54c9a32bc4323614be6d34e1a7d0d53d3d530ad63d08daf
421527,False,True,monitor_enforced,COMPLETED,COMPLETED,0,0,0,0,76fb791fafbc6eb83d167afd691da9d7efb9acfe879acecef2e76df7d9e6358d,460671aba0c8644dd54c9a32bc4323614be6d34e1a7d0d53d3d530ad63d08daf
421528,False,True,logging_only,COMPLETED,COMPLETED,0,0,0,0,76fb791fafbc6eb83d167afd691da9d7efb9acfe879acecef2e76df7d9e6358d,460671aba0c8644dd54c9a32bc4323614be6d34e1a7d0d53d3d530ad63d08daf
421529,True,False,monitor_enforced,COMPLETED,CONTROLLED_STOP,1,0,1,0,76fb791fafbc6eb83d167afd691da9d7efb9acfe879acecef2e76df7d9e6358d,460671aba0c8644dd54c9a32bc4323614be6d34e1a7d0d53d3d530ad63d08daf
421530,False,True,monitor_enforced,COMPLETED,COMPLETED,0,0,0,0,76fb791fafbc6eb83d167afd691da9d7efb9acfe879acecef2e76df7d9e6358d,460671aba0c8644dd54c9a32bc4323614be6d34e1a7d0d53d3d530ad63d08daf
421531,False,True,monitor_enforced,COMPLETED,COMPLETED,0,0,0,0,76fb791fafbc6eb83d167afd691da9d7efb9acfe879acecef2e76df7d9e6358d,460671aba0c8644dd54c9a32bc4323614be6d34e1a7d0d53d3d530ad63d08daf
421532,True,False,monitor_enforced,COMPLETED,CONTROLLED_STOP,1,0,1,0,76fb791fafbc6eb83d167afd691da9d7efb9acfe879acecef2e76df7d9e6358d,460671aba0c8644dd54c9a32bc4323614be6d34e1a7d0d53d3d530ad63d08daf
421533,False,False,monitor_enforced,COMPLETED,COMPLETED,0,0,0,0,76fb791fafbc6eb83d167afd691da9d7efb9acfe879acecef2e76df7d9e6358d,460671aba0c8644dd54c9a32bc4323614be6d34e1a7d0d53d3d530ad63d08daf
421534,True,False,monitor_enforced,COMPLETED,CONTROLLED_STOP,1,0,1,0,76fb791fafbc6eb83d167afd691da9d7efb9acfe879acecef2e76df7d9e6358d,460671aba0c8644dd54c9a32bc4323614be6d34e1a7d0d53d3d530ad63d08daf
421535,True,False,logging_only,COMPLETED,CONTROLLED_STOP,1,0,1,0,76fb791fafbc6eb83d167afd691da9d7efb9acfe879acecef2e76df7d9e6358d,460671aba0c8644dd54c9a32bc4323614be6d34e1a7d0d53d3d530ad63d08daf
421536,True,True,logging_only,COMPLETED,CONTROLLED_STOP,1,0,1,0,76fb791fafbc6eb83d167afd691da9d7efb9acfe879acecef2e76df7d9e6358d,460671aba0c8644dd54c9a32bc4323614be6d34e1a7d0d53d3d530ad63d08daf
421537,False,True,logging_only,COMPLETED,COMPLETED,0,0,0,0,76fb791fafbc6eb83d167afd691da9d7efb9acfe879acecef2e76df7d9e6358d,460671aba0c8644dd54c9a32bc4323614be6d34e1a7d0d53d3d530ad63d08daf
421538,False,False,logging_only,COMPLETED,COMPLETED,0,0,0,0,76fb791fafbc6eb83d167afd691da9d7efb9acfe879acecef2e76df7d9e6358d,460671aba0c8644dd54c9a32bc4323614be6d34e1a7d0d53d3d530ad63d08daf
421539,False,True,monitor_enforced,COMPLETED,COMPLETED,0,0,0,0,76fb791fafbc6eb83d167afd691da9d7efb9acfe879acecef2e76df7d9e6358d,460671aba0c8644dd54c9a32bc4323614be6d34e1a7d0d53d3d530ad63d08daf
421540,True,False,logging_only,COMPLETED,CONTROLLED_STOP,1,0,1,0,76fb791fafbc6eb83d167afd691da9d7efb9acfe879acecef2e76df7d9e6358d,460671aba0c8644dd54c9a32bc4323614be6d34e1a7d0d53d3d530ad63d08daf
421541,False,False,monitor_enforced,COMPLETED,COMPLETED,0,0,0,0,76fb791fafbc6eb83d167afd691da9d7efb9acfe879acecef2e76df7d9e6358d,460671aba0c8644dd54c9a32bc4323614be6d34e1a7d0d53d3d530ad63d08daf
421542,True,False,logging_only,COMPLETED,CONTROLLED_STOP,1,0,1,0,76fb791fafbc6eb83d167afd691da9d7efb9acfe879acecef2e76df7d9e6358d,460671aba0c8644dd54c9a32bc4323614be6d34e1a7d0d53d3d530ad63d08daf
421543,True,True,monitor_enforced,COMPLETED,CONTROLLED_STOP,1,0,1,0,76fb791fafbc6eb83d167afd691da9d7efb9acfe879acecef2e76df7d9e6358d,460671aba0c8644dd54c9a32bc4323614be6d34e1a7d0d53d3d530ad63d08daf
421544,False,True,monitor_enforced,COMPLETED,COMPLETED,0,0,0,0,76fb791fafbc6eb83d167afd691da9d7efb9acfe879acecef2e76df7d9e6358d,460671aba0c8644dd54c9a32bc4323614be6d34e1a7d0d53d3d530ad63d08daf
421545,False,False,monitor_enforced,COMPLETED,COMPLETED,0,0,0,0,76fb791fafbc6eb83d167afd691da9d7efb9acfe879acecef2e76df7d9e6358d,460671aba0c8644dd54c9a32bc4323614be6d34e1a7d0d53d3d530ad63d08daf
421546,True,False,logging_only,COMPLETED,CONTROLLED_STOP,1,0,1,0,76fb791fafbc6eb83d167afd691da9d7efb9acfe879acecef2e76df7d9e6358d,460671aba0c8644dd54c9a32bc4323614be6d34e1a7d0d53d3d530ad63d08daf
421547,False,True,logging_only,COMPLETED,COMPLETED,0,0,0,0,76fb791fafbc6eb83d167afd691da9d7efb9acfe879acecef2e76df7d9e6358d,460671aba0c8644dd54c9a32bc4323614be6d34e1a7d0d53d3d530ad63d08daf
421548,True,False,monitor_enforced,COMPLETED,CONTROLLED_STOP,1,0,1,0,76fb791fafbc6eb83d167afd691da9d7efb9acfe879acecef2e76df7d9e6358d,460671aba0c8644dd54c9a32bc4323614be6d34e1a7d0d53d3d530ad63d08daf
421549,True,False,logging_only,COMPLETED,CONTROLLED_STOP,1,0,1,0,76fb791fafbc6eb83d167afd691da9d7efb9acfe879acecef2e76df7d9e6358d,460671aba0c8644dd54c9a32bc4323614be6d34e1a7d0d53d3d530ad63d08daf
421550,True,False,logging_only,COMPLETED,CONTROLLED_STOP,1,0,1,0,76fb791fafbc6eb83d167afd691da9d7efb9acfe879acecef2e76df7d9e6358d,460671aba0c8644dd54c9a32bc4323614be6d34e1a7d0d53d3d530ad63d08daf
421551,False,True,logging_only,COMPLETED,COMPLETED,0,0,0,0,76fb791fafbc6eb83d167afd691da9d7efb9acfe879acecef2e76df7d9e6358d,460671aba0c8644dd54c9a32bc4323614be6d34e1a7d0d53d3d530ad63d08daf
421552,False,True,monitor_enforced,COMPLETED,COMPLETED,0,0,0,0,76fb791fafbc6eb83d167afd691da9d7efb9acfe879acecef2e76df7d9e6358d,460671aba0c8644dd54c9a32bc4323614be6d34e1a7d0d53d3d530ad63d08daf
421553,False,False,logging_only,COMPLETED,COMPLETED,0,0,0,0,76fb791fafbc6eb83d167afd691da9d7efb9acfe879acecef2e76df7d9e6358d,460671aba0c8644dd54c9a32bc4323614be6d34e1a7d0d53d3d530ad63d08daf
421554,True,False,logging_only,COMPLETED,CONTROLLED_STOP,1,0,1,0,76fb791fafbc6eb83d167afd691da9d7efb9acfe879acecef2e76df7d9e6358d,460671aba0c8644dd54c9a32bc4323614be6d34e1a7d0d53d3d530ad63d08daf
421555,True,True,monitor_enforced,COMPLETED,CONTROLLED_STOP,1,0,1,0,76fb791fafbc6eb83d167afd691da9d7efb9acfe879acecef2e76df7d9e6358d,460671aba0c8644dd54c9a32bc4323614be6d34e1a7d0d53d3d530ad63d08daf
421556,True,False,monitor_enforced,COMPLETED,CONTROLLED_STOP,1,0,1,0,76fb791fafbc6eb83d167afd691da9d7efb9acfe879acecef2e76df7d9e6358d,460671aba0c8644dd54c9a32bc4323614be6d34e1a7d0d53d3d530ad63d08daf
421557,False,True,monitor_enforced,COMPLETED,COMPLETED,0,0,0,0,76fb791fafbc6eb83d167afd691da9d7efb9acfe879acecef2e76df7d9e6358d,460671aba0c8644dd54c9a32bc4323614be6d34e1a7d0d53d3d530ad63d08daf
421558,True,False,monitor_enforced,COMPLETED,CONTROLLED_STOP,1,0,1,0,76fb791fafbc6eb83d167afd691da9d7efb9acfe879acecef2e76df7d9e6358d,460671aba0c8644dd54c9a32bc4323614be6d34e1a7d0d53d3d530ad63d08daf
421559,True,True,monitor_enforced,COMPLETED,CONTROLLED_STOP,1,0,1,0,76fb791fafbc6eb83d167afd691da9d7efb9acfe879acecef2e76df7d9e6358d,460671aba0c8644dd54c9a32bc4323614be6d34e1a7d0d53d3d530ad63d08daf
421560,True,True,logging_only,COMPLETED,CONTROLLED_STOP,1,0,1,0,76fb791fafbc6eb83d167afd691da9d7efb9acfe879acecef2e76df7d9e6358d,460671aba0c8644dd54c9a32bc4323614be6d34e1a7d0d53d3d530ad63d08daf
421561,True,True,monitor_enforced,COMPLETED,CONTROLLED_STOP,1,0,1,0,76fb791fafbc6eb83d167afd691da9d7efb9acfe879acecef2e76df7d9e6358d,460671aba0c8644dd54c9a32bc4323614be6d34e1a7d0d53d3d530ad63d08daf
421562,False,True,monitor_enforced,COMPLETED,COMPLETED,0,0,0,0,76fb791fafbc6eb83d167afd691da9d7efb9acfe879acecef2e76df7d9e6358d,460671aba0c8644dd54c9a32bc4323614be6d34e1a7d0d53d3d530ad63d08daf
421563,True,True,logging_only,COMPLETED,CONTROLLED_STOP,1,0,1,0,76fb791fafbc6eb83d167afd691da9d7efb9acfe879acecef2e76df7d9e6358d,460671aba0c8644dd54c9a32bc4323614be6d34e1a7d0d53d3d530ad63d08daf
421564,False,False,monitor_enforced,COMPLETED,COMPLETED,0,0,0,0,76fb791fafbc6eb83d167afd691da9d7efb9acfe879acecef2e76df7d9e6358d,460671aba0c8644dd54c9a32bc4323614be6d34e1a7d0d53d3d530ad63d08daf
421565,False,True,logging_only,COMPLETED,COMPLETED,0,0,0,0,76fb791fafbc6eb83d167afd691da9d7efb9acfe879acecef2e76df7d9e6358d,460671aba0c8644dd54c9a32bc4323614be6d34e1a7d0d53d3d530ad63d08daf
421566,False,True,logging_only,COMPLETED,COMPLETED,0,0,0,0,76fb791fafbc6eb83d167afd691da9d7efb9acfe879acecef2e76df7d9e6358d,460671aba0c8644dd54c9a32bc4323614be6d34e1a7d0d53d3d530ad63d08daf
421567,True,False,monitor_enforced,COMPLETED,CONTROLLED_STOP,1,0,1,0,76fb791fafbc6eb83d167afd691da9d7efb9acfe879acecef2e76df7d9e6358d,460671aba0c8644dd54c9a32bc4323614be6d34e1a7d0d53d3d530ad63d08daf
421568,False,True,monitor_enforced,COMPLETED,COMPLETED,0,0,0,0,76fb791fafbc6eb83d167afd691da9d7efb9acfe879acecef2e76df7d9e6358d,460671aba0c8644dd54c9a32bc4323614be6d34e1a7d0d53d3d530ad63d08daf
421569,True,True,logging_only,COMPLETED,CONTROLLED_STOP,1,0,1,0,76fb791fafbc6eb83d167afd691da9d7efb9acfe879acecef2e76df7d9e6358d,460671aba0c8644dd54c9a32bc4323614be6d34e1a7d0d53d3d530ad63d08daf
421570,True,True,monitor_enforced,COMPLETED,CONTROLLED_STOP,1,0,1,0,76fb791fafbc6eb83d167afd691da9d7efb9acfe879acecef2e76df7d9e6358d,460671aba0c8644dd54c9a32bc4323614be6d34e1a7d0d53d3d530ad63d08daf
421571,False,False,logging_only,COMPLETED,COMPLETED,0,0,0,0,76fb791fafbc6eb83d167afd691da9d7efb9acfe879acecef2e76df7d9e6358d,460671aba0c8644dd54c9a32bc4323614be6d34e1a7d0d53d3d530ad63d08daf
421572,True,False,monitor_enforced,COMPLETED,CONTROLLED_STOP,1,0,1,0,76fb791fafbc6eb83d167afd691da9d7efb9acfe879acecef2e76df7d9e6358d,460671aba0c8644dd54c9a32bc4323614be6d34e1a7d0d53d3d530ad63d08daf
421573,True,False,logging_only,COMPLETED,CONTROLLED_STOP,1,0,1,0,76fb791fafbc6eb83d167afd691da9d7efb9acfe879acecef2e76df7d9e6358d,460671aba0c8644dd54c9a32bc4323614be6d34e1a7d0d53d3d530ad63d08daf
421574,True,False,monitor_enforced,COMPLETED,CONTROLLED_STOP,1,0,1,0,76fb791fafbc6eb83d167afd691da9d7efb9acfe879acecef2e76df7d9e6358d,460671aba0c8644dd54c9a32bc4323614be6d34e1a7d0d53d3d530ad63d08daf
421575,False,True,logging_only,COMPLETED,COMPLETED,0,0,0,0,76fb791fafbc6eb83d167afd691da9d7efb9acfe879acecef2e76df7d9e6358d,460671aba0c8644dd54c9a32bc4323614be6d34e1a7d0d53d3d530ad63d08daf
421576,True,False,monitor_enforced,COMPLETED,CONTROLLED_STOP,1,0,1,0,76fb791fafbc6eb83d167afd691da9d7efb9acfe879acecef2e76df7d9e6358d,460671aba0c8644dd54c9a32bc4323614be6d34e1a7d0d53d3d530ad63d08daf
421577,False,True,logging_only,COMPLETED,COMPLETED,0,0,0,0,76fb791fafbc6eb83d167afd691da9d7efb9acfe879acecef2e76df7d9e6358d,460671aba0c8644dd54c9a32bc4323614be6d34e1a7d0d53d3d530ad63d08daf
421578,True,True,logging_only,COMPLETED,CONTROLLED_STOP,1,0,1,0,76fb791fafbc6eb83d167afd691da9d7efb9acfe879acecef2e76df7d9e6358d,460671aba0c8644dd54c9a32bc4323614be6d34e1a7d0d53d3d530ad63d08daf
421579,False,True,logging_only,COMPLETED,COMPLETED,0,0,0,0,76fb791fafbc6eb83d167afd691da9d7efb9acfe879acecef2e76df7d9e6358d,460671aba0c8644dd54c9a32bc4323614be6d34e1a7d0d53d3d530ad63d08daf
421580,False,False,monitor_enforced,COMPLETED,COMPLETED,0,0,0,0,76fb791fafbc6eb83d167afd691da9d7efb9acfe879acecef2e76df7d9e6358d,460671aba0c8644dd54c9a32bc4323614be6d34e1a7d0d53d3d530ad63d08daf
421581,False,True,monitor_enforced,COMPLETED,COMPLETED,0,0,0,0,76fb791fafbc6eb83d167afd691da9d7efb9acfe879acecef2e76df7d9e6358d,460671aba0c8644dd54c9a32bc4323614be6d34e1a7d0d53d3d530ad63d08daf
421582,True,False,logging_only,COMPLETED,CONTROLLED_STOP,1,0,1,0,76fb791fafbc6eb83d167afd691da9d7efb9acfe879acecef2e76df7d9e6358d,460671aba0c8644dd54c9a32bc4323614be6d34e1a7d0d53d3d530ad63d08daf
421583,True,True,monitor_enforced,COMPLETED,CONTROLLED_STOP,1,0,1,0,76fb791fafbc6eb83d167afd691da9d7efb9acfe879acecef2e76df7d9e6358d,460671aba0c8644dd54c9a32bc4323614be6d34e1a7d0d53d3d530ad63d08daf
421584,False,False,logging_only,COMPLETED,COMPLETED,0,0,0,0,76fb791fafbc6eb83d167afd691da9d7efb9acfe879acecef2e76df7d9e6358d,460671aba0c8644dd54c9a32bc4323614be6d34e1a7d0d53d3d530ad63d08daf
421585,True,False,logging_only,COMPLETED,CONTROLLED_STOP,1,0,1,0,76fb791fafbc6eb83d167afd691da9d7efb9acfe879acecef2e76df7d9e6358d,460671aba0c8644dd54c9a32bc4323614be6d34e1a7d0d53d3d530ad63d08daf
421586,True,True,monitor_enforced,COMPLETED,CONTROLLED_STOP,1,0,1,0,76fb791fafbc6eb83d167afd691da9d7efb9acfe879acecef2e76df7d9e6358d,460671aba0c8644dd54c9a32bc4323614be6d34e1a7d0d53d3d530ad63d08daf
421587,True,False,logging_only,COMPLETED,CONTROLLED_STOP,1,0,1,0,76fb791fafbc6eb83d167afd691da9d7efb9acfe879acecef2e76df7d9e6358d,460671aba0c8644dd54c9a32bc4323614be6d34e1a7d0d53d3d530ad63d08daf
421588,True,True,logging_only,COMPLETED,CONTROLLED_STOP,1,0,1,0,76fb791fafbc6eb83d167afd691da9d7efb9acfe879acecef2e76df7d9e6358d,460671aba0c8644dd54c9a32bc4323614be6d34e1a7d0d53d3d530ad63d08daf
421589,False,True,logging_only,COMPLETED,COMPLETED,0,0,0,0,76fb791fafbc6eb83d167afd691da9d7efb9acfe879acecef2e76df7d9e6358d,460671aba0c8644dd54c9a32bc4323614be6d34e1a7d0d53d3d530ad63d08daf
421590,True,True,logging_only,COMPLETED,CONTROLLED_STOP,1,0,1,0,76fb791fafbc6eb83d167afd691da9d7efb9acfe879acecef2e76df7d9e6358d,460671aba0c8644dd54c9a32bc4323614be6d34e1a7d0d53d3d530ad63d08daf
421591,False,False,logging_only,COMPLETED,COMPLETED,0,0,0,0,76fb791fafbc6eb83d167afd691da9d7efb9acfe879acecef2e76df7d9e6358d,460671aba0c8644dd54c9a32bc4323614be6d34e1a7d0d53d3d530ad63d08daf
421592,False,False,logging_only,COMPLETED,COMPLETED,0,0,0,0,76fb791fafbc6eb83d167afd691da9d7efb9acfe879acecef2e76df7d9e6358d,460671aba0c8644dd54c9a32bc4323614be6d34e1a7d0d53d3d530ad63d08daf
421593,True,False,logging_only,COMPLETED,CONTROLLED_STOP,1,0,1,0,76fb791fafbc6eb83d167afd691da9d7efb9acfe879acecef2e76df7d9e6358d,460671aba0c8644dd54c9a32bc4323614be6d34e1a7d0d53d3d530ad63d08daf
421594,True,False,logging_only,COMPLETED,CONTROLLED_STOP,1,0,1,0,76fb791fafbc6eb83d167afd691da9d7efb9acfe879acecef2e76df7d9e6358d,460671aba0c8644dd54c9a32bc4323614be6d34e1a7d0d53d3d530ad63d08daf
421595,False,False,monitor_enforced,COMPLETED,COMPLETED,0,0,0,0,76fb791fafbc6eb83d167afd691da9d7efb9acfe879acecef2e76df7d9e6358d,460671aba0c8644dd54c9a32bc4323614be6d34e1a7d0d53d3d530ad63d08daf
421596,True,False,monitor_enforced,COMPLETED,CONTROLLED_STOP,1,0,1,0,76fb791fafbc6eb83d167afd691da9d7efb9acfe879acecef2e76df7d9e6358d,460671aba0c8644dd54c9a32bc4323614be6d34e1a7d0d53d3d530ad63d08daf
421597,False,False,monitor_enforced,COMPLETED,COMPLETED,0,0,0,0,76fb791fafbc6eb83d167afd691da9d7efb9acfe879acecef2e76df7d9e6358d,460671aba0c8644dd54c9a32bc4323614be6d34e1a7d0d53d3d530ad63d08daf
421598,True,False,logging_only,COMPLETED,CONTROLLED_STOP,1,0,1,0,76fb791fafbc6eb83d167afd691da9d7efb9acfe879acecef2e76df7d9e6358d,460671aba0c8644dd54c9a32bc4323614be6d34e1a7d0d53d3d530ad63d08daf
421599,True,False,logging_only,COMPLETED,CONTROLLED_STOP,1,0,1,0,76fb791fafbc6eb83d167afd691da9d7efb9acfe879acecef2e76df7d9e6358d,460671aba0c8644dd54c9a32bc4323614be6d34e1a7d0d53d3d530ad63d08daf
421600,True,True,monitor_enforced,COMPLETED,CONTROLLED_STOP,1,0,1,0,76fb791fafbc6eb83d167afd691da9d7efb9acfe879acecef2e76df7d9e6358d,460671aba0c8644dd54c9a32bc4323614be6d34e1a7d0d53d3d530ad63d08daf
421601,True,False,logging_only,COMPLETED,CONTROLLED_STOP,1,0,1,0,76fb791fafbc6eb83d167afd691da9d7efb9acfe879acecef2e76df7d9e6358d,460671aba0c8644dd54c9a32bc4323614be6d34e1a7d0d53d3d530ad63d08daf
421602,False,True,logging_only,COMPLETED,COMPLETED,0,0,0,0,76fb791fafbc6eb83d167afd691da9d7efb9acfe879acecef2e76df7d9e6358d,460671aba0c8644dd54c9a32bc4323614be6d34e1a7d0d53d3d530ad63d08daf
421603,True,False,monitor_enforced,COMPLETED,CONTROLLED_STOP,1,0,1,0,76fb791fafbc6eb83d167afd691da9d7efb9acfe879acecef2e76df7d9e6358d,460671aba0c8644dd54c9a32bc4323614be6d34e1a7d0d53d3d530ad63d08daf
421604,True,True,monitor_enforced,COMPLETED,CONTROLLED_STOP,1,0,1,0,76fb791fafbc6eb83d167afd691da9d7efb9acfe879acecef2e76df7d9e6358d,460671aba0c8644dd54c9a32bc4323614be6d34e1a7d0d53d3d530ad63d08daf
421605,True,True,logging_only,COMPLETED,CONTROLLED_STOP,1,0,1,0,76fb791fafbc6eb83d167afd691da9d7efb9acfe879acecef2e76df7d9e6358d,460671aba0c8644dd54c9a32bc4323614be6d34e1a7d0d53d3d530ad63d08daf
421606,False,True,logging_only,COMPLETED,COMPLETED,0,0,0,0,76fb791fafbc6eb83d167afd691da9d7efb9acfe879acecef2e76df7d9e6358d,460671aba0c8644dd54c9a32bc4323614be6d34e1a7d0d53d3d530ad63d08daf
421607,False,True,logging_only,COMPLETED,COMPLETED,0,0,0,0,76fb791fafbc6eb83d167afd691da9d7efb9acfe879acecef2e76df7d9e6358d,460671aba0c8644dd54c9a32bc4323614be6d34e1a7d0d53d3d530ad63d08daf
421608,False,False,monitor_enforced,COMPLETED,COMPLETED,0,0,0,0,76fb791fafbc6eb83d167afd691da9d7efb9acfe879acecef2e76df7d9e6358d,460671aba0c8644dd54c9a32bc4323614be6d34e1a7d0d53d3d530ad63d08daf
421609,False,False,monitor_enforced,COMPLETED,COMPLETED,0,0,0,0,76fb791fafbc6eb83d167afd691da9d7efb9acfe879acecef2e76df7d9e6358d,460671aba0c8644dd54c9a32bc4323614be6d34e1a7d0d53d3d530ad63d08daf
421610,True,False,monitor_enforced,COMPLETED,CONTROLLED_STOP,1,0,1,0,76fb791fafbc6eb83d167afd691da9d7efb9acfe879acecef2e76df7d9e6358d,460671aba0c8644dd54c9a32bc4323614be6d34e1a7d0d53d3d530ad63d08daf
421611,True,False,monitor_enforced,COMPLETED,CONTROLLED_STOP,1,0,1,0,76fb791fafbc6eb83d167afd691da9d7efb9acfe879acecef2e76df7d9e6358d,460671aba0c8644dd54c9a32bc4323614be6d34e1a7d0d53d3d530ad63d08daf
421612,False,True,monitor_enforced,COMPLETED,COMPLETED,0,0,0,0,76fb791fafbc6eb83d167afd691da9d7efb9acfe879acecef2e76df7d9e6358d,460671aba0c8644dd54c9a32bc4323614be6d34e1a7d0d53d3d530ad63d08daf
421613,False,False,logging_only,COMPLETED,COMPLETED,0,0,0,0,76fb791fafbc6eb83d167afd691da9d7efb9acfe879acecef2e76df7d9e6358d,460671aba0c8644dd54c9a32bc4323614be6d34e1a7d0d53d3d530ad63d08daf
421614,True,False,logging_only,COMPLETED,CONTROLLED_STOP,1,0,1,0,76fb791fafbc6eb83d167afd691da9d7efb9acfe879acecef2e76df7d9e6358d,460671aba0c8644dd54c9a32bc4323614be6d34e1a7d0d53d3d530ad63d08daf
421615,True,False,monitor_enforced,COMPLETED,CONTROLLED_STOP,1,0,1,0,76fb791fafbc6eb83d167afd691da9d7efb9acfe879acecef2e76df7d9e6358d,460671aba0c8644dd54c9a32bc4323614be6d34e1a7d0d53d3d530ad63d08daf
421616,False,False,monitor_enforced,COMPLETED,COMPLETED,0,0,0,0,76fb791fafbc6eb83d167afd691da9d7efb9acfe879acecef2e76df7d9e6358d,460671aba0c8644dd54c9a32bc4323614be6d34e1a7d0d53d3d530ad63d08daf
421617,True,False,logging_only,COMPLETED,CONTROLLED_STOP,1,0,1,0,76fb791fafbc6eb83d167afd691da9d7efb9acfe879acecef2e76df7d9e6358d,460671aba0c8644dd54c9a32bc4323614be6d34e1a7d0d53d3d530ad63d08daf
421618,True,True,logging_only,COMPLETED,CONTROLLED_STOP,1,0,1,0,76fb791fafbc6eb83d167afd691da9d7efb9acfe879acecef2e76df7d9e6358d,460671aba0c8644dd54c9a32bc4323614be6d34e1a7d0d53d3d530ad63d08daf
421619,False,False,logging_only,COMPLETED,COMPLETED,0,0,0,0,76fb791fafbc6eb83d167afd691da9d7efb9acfe879acecef2e76df7d9e6358d,460671aba0c8644dd54c9a32bc4323614be6d34e1a7d0d53d3d530ad63d08daf
421620,True,True,monitor_enforced,COMPLETED,CONTROLLED_STOP,1,0,1,0,76fb791fafbc6eb83d167afd691da9d7efb9acfe879acecef2e76df7d9e6358d,460671aba0c8644dd54c9a32bc4323614be6d34e1a7d0d53d3d530ad63d08daf
421621,True,False,monitor_enforced,COMPLETED,CONTROLLED_STOP,1,0,1,0,76fb791fafbc6eb83d167afd691da9d7efb9acfe879acecef2e76df7d9e6358d,460671aba0c8644dd54c9a32bc4323614be6d34e1a7d0d53d3d530ad63d08daf
421622,False,True,monitor_enforced,COMPLETED,COMPLETED,0,0,0,0,76fb791fafbc6eb83d167afd691da9d7efb9acfe879acecef2e76df7d9e6358d,460671aba0c8644dd54c9a32bc4323614be6d34e1a7d0d53d3d530ad63d08daf
421623,False,True,logging_only,COMPLETED,COMPLETED,0,0,0,0,76fb791fafbc6eb83d167afd691da9d7efb9acfe879acecef2e76df7d9e6358d,460671aba0c8644dd54c9a32bc4323614be6d34e1a7d0d53d3d530ad63d08daf
421624,False,True,monitor_enforced,COMPLETED,COMPLETED,0,0,0,0,76fb791fafbc6eb83d167afd691da9d7efb9acfe879acecef2e76df7d9e6358d,460671aba0c8644dd54c9a32bc4323614be6d34e1a7d0d53d3d530ad63d08daf
421625,True,True,logging_only,COMPLETED,CONTROLLED_STOP,1,0,1,0,76fb791fafbc6eb83d167afd691da9d7efb9acfe879acecef2e76df7d9e6358d,460671aba0c8644dd54c9a32bc4323614be6d34e1a7d0d53d3d530ad63d08daf
421626,True,True,monitor_enforced,COMPLETED,CONTROLLED_STOP,1,0,1,0,76fb791fafbc6eb83d167afd691da9d7efb9acfe879acecef2e76df7d9e6358d,460671aba0c8644dd54c9a32bc4323614be6d34e1a7d0d53d3d530ad63d08daf
421627,True,False,monitor_enforced,COMPLETED,CONTROLLED_STOP,1,0,1,0,76fb791fafbc6eb83d167afd691da9d7efb9acfe879acecef2e76df7d9e6358d,460671aba0c8644dd54c9a32bc4323614be6d34e1a7d0d53d3d530ad63d08daf
421628,False,False,monitor_enforced,COMPLETED,COMPLETED,0,0,0,0,76fb791fafbc6eb83d167afd691da9d7efb9acfe879acecef2e76df7d9e6358d,460671aba0c8644dd54c9a32bc4323614be6d34e1a7d0d53d3d530ad63d08daf
421629,False,True,monitor_enforced,COMPLETED,COMPLETED,0,0,0,0,76fb791fafbc6eb83d167afd691da9d7efb9acfe879acecef2e76df7d9e6358d,460671aba0c8644dd54c9a32bc4323614be6d34e1a7d0d53d3d530ad63d08daf
421630,False,False,monitor_enforced,COMPLETED,COMPLETED,0,0,0,0,76fb791fafbc6eb83d167afd691da9d7efb9acfe879acecef2e76df7d9e6358d,460671aba0c8644dd54c9a32bc4323614be6d34e1a7d0d53d3d530ad63d08daf
421631,False,True,monitor_enforced,COMPLETED,COMPLETED,0,0,0,0,76fb791fafbc6eb83d167afd691da9d7efb9acfe879acecef2e76df7d9e6358d,460671aba0c8644dd54c9a32bc4323614be6d34e1a7d0d53d3d530ad63d08daf
421632,False,False,monitor_enforced,COMPLETED,COMPLETED,0,0,0,0,76fb791fafbc6eb83d167afd691da9d7efb9acfe879acecef2e76df7d9e6358d,460671aba0c8644dd54c9a32bc4323614be6d34e1a7d0d53d3d530ad63d08daf
421633,True,True,logging_only,COMPLETED,CONTROLLED_STOP,1,0,1,0,76fb791fafbc6eb83d167afd691da9d7efb9acfe879acecef2e76df7d9e6358d,460671aba0c8644dd54c9a32bc4323614be6d34e1a7d0d53d3d530ad63d08daf
421634,True,True,logging_only,COMPLETED,CONTROLLED_STOP,1,0,1,0,76fb791fafbc6eb83d167afd691da9d7efb9acfe879acecef2e76df7d9e6358d,460671aba0c8644dd54c9a32bc4323614be6d34e1a7d0d53d3d530ad63d08daf
421635,True,False,logging_only,COMPLETED,CONTROLLED_STOP,1,0,1,0,76fb791fafbc6eb83d167afd691da9d7efb9acfe879acecef2e76df7d9e6358d,460671aba0c8644dd54c9a32bc4323614be6d34e1a7d0d53d3d530ad63d08daf
421636,False,True,monitor_enforced,COMPLETED,COMPLETED,0,0,0,0,76fb791fafbc6eb83d167afd691da9d7efb9acfe879acecef2e76df7d9e6358d,460671aba0c8644dd54c9a32bc4323614be6d34e1a7d0d53d3d530ad63d08daf
421637,True,False,logging_only,COMPLETED,CONTROLLED_STOP,1,0,1,0,76fb791fafbc6eb83d167afd691da9d7efb9acfe879acecef2e76df7d9e6358d,460671aba0c8644dd54c9a32bc4323614be6d34e1a7d0d53d3d530ad63d08daf
421638,False,True,logging_only,COMPLETED,COMPLETED,0,0,0,0,76fb791fafbc6eb83d167afd691da9d7efb9acfe879acecef2e76df7d9e6358d,460671aba0c8644dd54c9a32bc4323614be6d34e1a7d0d53d3d530ad63d08daf
421639,True,False,logging_only,COMPLETED,CONTROLLED_STOP,1,0,1,0,76fb791fafbc6eb83d167afd691da9d7efb9acfe879acecef2e76df7d9e6358d,460671aba0c8644dd54c9a32bc4323614be6d34e1a7d0d53d3d530ad63d08daf
421640,True,False,monitor_enforced,COMPLETED,CONTROLLED_STOP,1,0,1,0,76fb791fafbc6eb83d167afd691da9d7efb9acfe879acecef2e76df7d9e6358d,460671aba0c8644dd54c9a32bc4323614be6d34e1a7d0d53d3d530ad63d08daf
421641,True,True,logging_only,COMPLETED,CONTROLLED_STOP,1,0,1,0,76fb791fafbc6eb83d167afd691da9d7efb9acfe879acecef2e76df7d9e6358d,460671aba0c8644dd54c9a32bc4323614be6d34e1a7d0d53d3d530ad63d08daf
421642,False,False,logging_only,COMPLETED,COMPLETED,0,0,0,0,76fb791fafbc6eb83d167afd691da9d7efb9acfe879acecef2e76df7d9e6358d,460671aba0c8644dd54c9a32bc4323614be6d34e1a7d0d53d3d530ad63d08daf
421643,True,False,logging_only,COMPLETED,CONTROLLED_STOP,1,0,1,0,76fb791fafbc6eb83d167afd691da9d7efb9acfe879acecef2e76df7d9e6358d,460671aba0c8644dd54c9a32bc4323614be6d34e1a7d0d53d3d530ad63d08daf
421644,True,False,monitor_enforced,COMPLETED,CONTROLLED_STOP,1,0,1,0,76fb791fafbc6eb83d167afd691da9d7efb9acfe879acecef2e76df7d9e6358d,460671aba0c8644dd54c9a32bc4323614be6d34e1a7d0d53d3d530ad63d08daf
421645,True,True,logging_only,COMPLETED,CONTROLLED_STOP,1,0,1,0,76fb791fafbc6eb83d167afd691da9d7efb9acfe879acecef2e76df7d9e6358d,460671aba0c8644dd54c9a32bc4323614be6d34e1a7d0d53d3d530ad63d08daf
421646,True,True,logging_only,COMPLETED,CONTROLLED_STOP,1,0,1,0,76fb791fafbc6eb83d167afd691da9d7efb9acfe879acecef2e76df7d9e6358d,460671aba0c8644dd54c9a32bc4323614be6d34e1a7d0d53d3d530ad63d08daf
421647,True,True,logging_only,COMPLETED,CONTROLLED_STOP,1,0,1,0,76fb791fafbc6eb83d167afd691da9d7efb9acfe879acecef2e76df7d9e6358d,460671aba0c8644dd54c9a32bc4323614be6d34e1a7d0d53d3d530ad63d08daf
421648,False,True,logging_only,COMPLETED,COMPLETED,0,0,0,0,76fb791fafbc6eb83d167afd691da9d7efb9acfe879acecef2e76df7d9e6358d,460671aba0c8644dd54c9a32bc4323614be6d34e1a7d0d53d3d530ad63d08daf
421649,True,False,logging_only,COMPLETED,CONTROLLED_STOP,1,0,1,0,76fb791fafbc6eb83d167afd691da9d7efb9acfe879acecef2e76df7d9e6358d,460671aba0c8644dd54c9a32bc4323614be6d34e1a7d0d53d3d530ad63d08daf
421650,True,True,monitor_enforced,COMPLETED,CONTROLLED_STOP,1,0,1,0,76fb791fafbc6eb83d167afd691da9d7efb9acfe879acecef2e76df7d9e6358d,460671aba0c8644dd54c9a32bc4323614be6d34e1a7d0d53d3d530ad63d08daf
421651,False,True,monitor_enforced,COMPLETED,COMPLETED,0,0,0,0,76fb791fafbc6eb83d167afd691da9d7efb9acfe879acecef2e76df7d9e6358d,460671aba0c8644dd54c9a32bc4323614be6d34e1a7d0d53d3d530ad63d08daf
421652,True,False,monitor_enforced,COMPLETED,CONTROLLED_STOP,1,0,1,0,76fb791fafbc6eb83d167afd691da9d7efb9acfe879acecef2e76df7d9e6358d,460671aba0c8644dd54c9a32bc4323614be6d34e1a7d0d53d3d530ad63d08daf
421653,False,False,monitor_enforced,COMPLETED,COMPLETED,0,0,0,0,76fb791fafbc6eb83d167afd691da9d7efb9acfe879acecef2e76df7d9e6358d,460671aba0c8644dd54c9a32bc4323614be6d34e1a7d0d53d3d530ad63d08daf
421654,False,False,logging_only,COMPLETED,COMPLETED,0,0,0,0,76fb791fafbc6eb83d167afd691da9d7efb9acfe879acecef2e76df7d9e6358d,460671aba0c8644dd54c9a32bc4323614be6d34e1a7d0d53d3d530ad63d08daf
421655,False,True,monitor_enforced,COMPLETED,COMPLETED,0,0,0,0,76fb791fafbc6eb83d167afd691da9d7efb9acfe879acecef2e76df7d9e6358d,460671aba0c8644dd54c9a32bc4323614be6d34e1a7d0d53d3d530ad63d08daf
421656,True,False,monitor_enforced,COMPLETED,CONTROLLED_STOP,1,0,1,0,76fb791fafbc6eb83d167afd691da9d7efb9acfe879acecef2e76df7d9e6358d,460671aba0c8644dd54c9a32bc4323614be6d34e1a7d0d53d3d530ad63d08daf
421657,False,False,monitor_enforced,COMPLETED,COMPLETED,0,0,0,0,76fb791fafbc6eb83d167afd691da9d7efb9acfe879acecef2e76df7d9e6358d,460671aba0c8644dd54c9a32bc4323614be6d34e1a7d0d53d3d530ad63d08daf
421658,False,True,logging_only,COMPLETED,COMPLETED,0,0,0,0,76fb791fafbc6eb83d167afd691da9d7efb9acfe879acecef2e76df7d9e6358d,460671aba0c8644dd54c9a32bc4323614be6d34e1a7d0d53d3d530ad63d08daf
421659,False,False,monitor_enforced,COMPLETED,COMPLETED,0,0,0,0,76fb791fafbc6eb83d167afd691da9d7efb9acfe879acecef2e76df7d9e6358d,460671aba0c8644dd54c9a32bc4323614be6d34e1a7d0d53d3d530ad63d08daf
421660,True,False,logging_only,COMPLETED,CONTROLLED_STOP,1,0,1,0,76fb791fafbc6eb83d167afd691da9d7efb9acfe879acecef2e76df7d9e6358d,460671aba0c8644dd54c9a32bc4323614be6d34e1a7d0d53d3d530ad63d08daf
421661,False,True,monitor_enforced,COMPLETED,COMPLETED,0,0,0,0,76fb791fafbc6eb83d167afd691da9d7efb9acfe879acecef2e76df7d9e6358d,460671aba0c8644dd54c9a32bc4323614be6d34e1a7d0d53d3d530ad63d08daf
421662,True,True,monitor_enforced,COMPLETED,CONTROLLED_STOP,1,0,1,0,76fb791fafbc6eb83d167afd691da9d7efb9acfe879acecef2e76df7d9e6358d,460671aba0c8644dd54c9a32bc4323614be6d34e1a7d0d53d3d530ad63d08daf
421663,False,True,monitor_enforced,COMPLETED,COMPLETED,0,0,0,0,76fb791fafbc6eb83d167afd691da9d7efb9acfe879acecef2e76df7d9e6358d,460671aba0c8644dd54c9a32bc4323614be6d34e1a7d0d53d3d530ad63d08daf
421664,True,True,monitor_enforced,COMPLETED,CONTROLLED_STOP,1,0,1,0,76fb791fafbc6eb83d167afd691da9d7efb9acfe879acecef2e76df7d9e6358d,460671aba0c8644dd54c9a32bc4323614be6d34e1a7d0d53d3d530ad63d08daf
421665,True,False,logging_only,COMPLETED,CONTROLLED_STOP,1,0,1,0,76fb791fafbc6eb83d167afd691da9d7efb9acfe879acecef2e76df7d9e6358d,460671aba0c8644dd54c9a32bc4323614be6d34e1a7d0d53d3d530ad63d08daf
421666,False,True,logging_only,COMPLETED,COMPLETED,0,0,0,0,76fb791fafbc6eb83d167afd691da9d7efb9acfe879acecef2e76df7d9e6358d,460671aba0c8644dd54c9a32bc4323614be6d34e1a7d0d53d3d530ad63d08daf
421667,True,True,monitor_enforced,COMPLETED,CONTROLLED_STOP,1,0,1,0,76fb791fafbc6eb83d167afd691da9d7efb9acfe879acecef2e76df7d9e6358d,460671aba0c8644dd54c9a32bc4323614be6d34e1a7d0d53d3d530ad63d08daf
421668,True,True,logging_only,COMPLETED,CONTROLLED_STOP,1,0,1,0,76fb791fafbc6eb83d167afd691da9d7efb9acfe879acecef2e76df7d9e6358d,460671aba0c8644dd54c9a32bc4323614be6d34e1a7d0d53d3d530ad63d08daf
421669,False,True,monitor_enforced,COMPLETED,COMPLETED,0,0,0,0,76fb791fafbc6eb83d167afd691da9d7efb9acfe879acecef2e76df7d9e6358d,460671aba0c8644dd54c9a32bc4323614be6d34e1a7d0d53d3d530ad63d08daf
421670,False,True,monitor_enforced,COMPLETED,COMPLETED,0,0,0,0,76fb791fafbc6eb83d167afd691da9d7efb9acfe879acecef2e76df7d9e6358d,460671aba0c8644dd54c9a32bc4323614be6d34e1a7d0d53d3d530ad63d08daf
421671,True,False,logging_only,COMPLETED,CONTROLLED_STOP,1,0,1,0,76fb791fafbc6eb83d167afd691da9d7efb9acfe879acecef2e76df7d9e6358d,460671aba0c8644dd54c9a32bc4323614be6d34e1a7d0d53d3d530ad63d08daf
421672,False,False,monitor_enforced,COMPLETED,COMPLETED,0,0,0,0,76fb791fafbc6eb83d167afd691da9d7efb9acfe879acecef2e76df7d9e6358d,460671aba0c8644dd54c9a32bc4323614be6d34e1a7d0d53d3d530ad63d08daf
421673,True,True,logging_only,COMPLETED,CONTROLLED_STOP,1,0,1,0,76fb791fafbc6eb83d167afd691da9d7efb9acfe879acecef2e76df7d9e6358d,460671aba0c8644dd54c9a32bc4323614be6d34e1a7d0d53d3d530ad63d08daf
421674,True,False,logging_only,COMPLETED,CONTROLLED_STOP,1,0,1,0,76fb791fafbc6eb83d167afd691da9d7efb9acfe879acecef2e76df7d9e6358d,460671aba0c8644dd54c9a32bc4323614be6d34e1a7d0d53d3d530ad63d08daf
421675,False,True,monitor_enforced,COMPLETED,COMPLETED,0,0,0,0,76fb791fafbc6eb83d167afd691da9d7efb9acfe879acecef2e76df7d9e6358d,460671aba0c8644dd54c9a32bc4323614be6d34e1a7d0d53d3d530ad63d08daf
421676,True,False,logging_only,COMPLETED,CONTROLLED_STOP,1,0,1,0,76fb791fafbc6eb83d167afd691da9d7efb9acfe879acecef2e76df7d9e6358d,460671aba0c8644dd54c9a32bc4323614be6d34e1a7d0d53d3d530ad63d08daf
421677,False,True,monitor_enforced,COMPLETED,COMPLETED,0,0,0,0,76fb791fafbc6eb83d167afd691da9d7efb9acfe879acecef2e76df7d9e6358d,460671aba0c8644dd54c9a32bc4323614be6d34e1a7d0d53d3d530ad63d08daf
421678,False,True,monitor_enforced,COMPLETED,COMPLETED,0,0,0,0,76fb791fafbc6eb83d167afd691da9d7efb9acfe879acecef2e76df7d9e6358d,460671aba0c8644dd54c9a32bc4323614be6d34e1a7d0d53d3d530ad63d08daf
421679,True,True,logging_only,COMPLETED,CONTROLLED_STOP,1,0,1,0,76fb791fafbc6eb83d167afd691da9d7efb9acfe879acecef2e76df7d9e6358d,460671aba0c8644dd54c9a32bc4323614be6d34e1a7d0d53d3d530ad63d08daf
421680,True,False,logging_only,COMPLETED,CONTROLLED_STOP,1,0,1,0,76fb791fafbc6eb83d167afd691da9d7efb9acfe879acecef2e76df7d9e6358d,460671aba0c8644dd54c9a32bc4323614be6d34e1a7d0d53d3d530ad63d08daf
421681,False,True,monitor_enforced,COMPLETED,COMPLETED,0,0,0,0,76fb791fafbc6eb83d167afd691da9d7efb9acfe879acecef2e76df7d9e6358d,460671aba0c8644dd54c9a32bc4323614be6d34e1a7d0d53d3d530ad63d08daf
421682,True,True,logging_only,COMPLETED,CONTROLLED_STOP,1,0,1,0,76fb791fafbc6eb83d167afd691da9d7efb9acfe879acecef2e76df7d9e6358d,460671aba0c8644dd54c9a32bc4323614be6d34e1a7d0d53d3d530ad63d08daf
421683,False,True,logging_only,COMPLETED,COMPLETED,0,0,0,0,76fb791fafbc6eb83d167afd691da9d7efb9acfe879acecef2e76df7d9e6358d,460671aba0c8644dd54c9a32bc4323614be6d34e1a7d0d53d3d530ad63d08daf
421684,True,True,monitor_enforced,COMPLETED,CONTROLLED_STOP,1,0,1,0,76fb791fafbc6eb83d167afd691da9d7efb9acfe879acecef2e76df7d9e6358d,460671aba0c8644dd54c9a32bc4323614be6d34e1a7d0d53d3d530ad63d08daf
421685,False,True,monitor_enforced,COMPLETED,COMPLETED,0,0,0,0,76fb791fafbc6eb83d167afd691da9d7efb9acfe879acecef2e76df7d9e6358d,460671aba0c8644dd54c9a32bc4323614be6d34e1a7d0d53d3d530ad63d08daf
421686,False,False,logging_only,COMPLETED,COMPLETED,0,0,0,0,76fb791fafbc6eb83d167afd691da9d7efb9acfe879acecef2e76df7d9e6358d,460671aba0c8644dd54c9a32bc4323614be6d34e1a7d0d53d3d530ad63d08daf
421687,True,True,logging_only,COMPLETED,CONTROLLED_STOP,1,0,1,0,76fb791fafbc6eb83d167afd691da9d7efb9acfe879acecef2e76df7d9e6358d,460671aba0c8644dd54c9a32bc4323614be6d34e1a7d0d53d3d530ad63d08daf
421688,False,True,monitor_enforced,COMPLETED,COMPLETED,0,0,0,0,76fb791fafbc6eb83d167afd691da9d7efb9acfe879acecef2e76df7d9e6358d,460671aba0c8644dd54c9a32bc4323614be6d34e1a7d0d53d3d530ad63d08daf
421689,True,False,monitor_enforced,COMPLETED,CONTROLLED_STOP,1,0,1,0,76fb791fafbc6eb83d167afd691da9d7efb9acfe879acecef2e76df7d9e6358d,460671aba0c8644dd54c9a32bc4323614be6d34e1a7d0d53d3d530ad63d08daf
421690,False,False,monitor_enforced,COMPLETED,COMPLETED,0,0,0,0,76fb791fafbc6eb83d167afd691da9d7efb9acfe879acecef2e76df7d9e6358d,460671aba0c8644dd54c9a32bc4323614be6d34e1a7d0d53d3d530ad63d08daf
421691,False,True,logging_only,COMPLETED,COMPLETED,0,0,0,0,76fb791fafbc6eb83d167afd691da9d7efb9acfe879acecef2e76df7d9e6358d,460671aba0c8644dd54c9a32bc4323614be6d34e1a7d0d53d3d530ad63d08daf
421692,False,False,logging_only,COMPLETED,COMPLETED,0,0,0,0,76fb791fafbc6eb83d167afd691da9d7efb9acfe879acecef2e76df7d9e6358d,460671aba0c8644dd54c9a32bc4323614be6d34e1a7d0d53d3d530ad63d08daf
421693,False,True,monitor_enforced,COMPLETED,COMPLETED,0,0,0,0,76fb791fafbc6eb83d167afd691da9d7efb9acfe879acecef2e76df7d9e6358d,460671aba0c8644dd54c9a32bc4323614be6d34e1a7d0d53d3d530ad63d08daf
421694,True,False,logging_only,COMPLETED,CONTROLLED_STOP,1,0,1,0,76fb791fafbc6eb83d167afd691da9d7efb9acfe879acecef2e76df7d9e6358d,460671aba0c8644dd54c9a32bc4323614be6d34e1a7d0d53d3d530ad63d08daf
421695,True,False,monitor_enforced,COMPLETED,CONTROLLED_STOP,1,0,1,0,76fb791fafbc6eb83d167afd691da9d7efb9acfe879acecef2e76df7d9e6358d,460671aba0c8644dd54c9a32bc4323614be6d34e1a7d0d53d3d530ad63d08daf
421696,False,False,logging_only,COMPLETED,COMPLETED,0,0,0,0,76fb791fafbc6eb83d167afd691da9d7efb9acfe879acecef2e76df7d9e6358d,460671aba0c8644dd54c9a32bc4323614be6d34e1a7d0d53d3d530ad63d08daf
421697,True,False,monitor_enforced,COMPLETED,CONTROLLED_STOP,1,0,1,0,76fb791fafbc6eb83d167afd691da9d7efb9acfe879acecef2e76df7d9e6358d,460671aba0c8644dd54c9a32bc4323614be6d34e1a7d0d53d3d530ad63d08daf
421698,False,False,logging_only,COMPLETED,COMPLETED,0,0,0,0,76fb791fafbc6eb83d167afd691da9d7efb9acfe879acecef2e76df7d9e6358d,460671aba0c8644dd54c9a32bc4323614be6d34e1a7d0d53d3d530ad63d08daf
421699,False,False,logging_only,COMPLETED,COMPLETED,0,0,0,0,76fb791fafbc6eb83d167afd691da9d7efb9acfe879acecef2e76df7d9e6358d,460671aba0c8644dd54c9a32bc4323614be6d34e1a7d0d53d3d530ad63d08daf
421700,True,True,logging_only,COMPLETED,CONTROLLED_STOP,1,0,1,0,76fb791fafbc6eb83d167afd691da9d7efb9acfe879acecef2e76df7d9e6358d,460671aba0c8644dd54c9a32bc4323614be6d34e1a7d0d53d3d530ad63d08daf
421701,False,True,monitor_enforced,COMPLETED,COMPLETED,0,0,0,0,76fb791fafbc6eb83d167afd691da9d7efb9acfe879acecef2e76df7d9e6358d,460671aba0c8644dd54c9a32bc4323614be6d34e1a7d0d53d3d530ad63d08daf
421702,False,False,logging_only,COMPLETED,COMPLETED,0,0,0,0,76fb791fafbc6eb83d167afd691da9d7efb9acfe879acecef2e76df7d9e6358d,460671aba0c8644dd54c9a32bc4323614be6d34e1a7d0d53d3d530ad63d08daf
421703,False,True,logging_only,COMPLETED,COMPLETED,0,0,0,0,76fb791fafbc6eb83d167afd691da9d7efb9acfe879acecef2e76df7d9e6358d,460671aba0c8644dd54c9a32bc4323614be6d34e1a7d0d53d3d530ad63d08daf
421704,False,False,monitor_enforced,COMPLETED,COMPLETED,0,0,0,0,76fb791fafbc6eb83d167afd691da9d7efb9acfe879acecef2e76df7d9e6358d,460671aba0c8644dd54c9a32bc4323614be6d34e1a7d0d53d3d530ad63d08daf
421705,True,False,monitor_enforced,COMPLETED,CONTROLLED_STOP,1,0,1,0,76fb791fafbc6eb83d167afd691da9d7efb9acfe879acecef2e76df7d9e6358d,460671aba0c8644dd54c9a32bc4323614be6d34e1a7d0d53d3d530ad63d08daf
421706,True,True,monitor_enforced,COMPLETED,CONTROLLED_STOP,1,0,1,0,76fb791fafbc6eb83d167afd691da9d7efb9acfe879acecef2e76df7d9e6358d,460671aba0c8644dd54c9a32bc4323614be6d34e1a7d0d53d3d530ad63d08daf
421707,True,True,logging_only,COMPLETED,CONTROLLED_STOP,1,0,1,0,76fb791fafbc6eb83d167afd691da9d7efb9acfe879acecef2e76df7d9e6358d,460671aba0c8644dd54c9a32bc4323614be6d34e1a7d0d53d3d530ad63d08daf
421708,True,True,monitor_enforced,COMPLETED,CONTROLLED_STOP,1,0,1,0,76fb791fafbc6eb83d167afd691da9d7efb9acfe879acecef2e76df7d9e6358d,460671aba0c8644dd54c9a32bc4323614be6d34e1a7d0d53d3d530ad63d08daf
421709,False,True,monitor_enforced,COMPLETED,COMPLETED,0,0,0,0,76fb791fafbc6eb83d167afd691da9d7efb9acfe879acecef2e76df7d9e6358d,460671aba0c8644dd54c9a32bc4323614be6d34e1a7d0d53d3d530ad63d08daf
421710,False,True,monitor_enforced,COMPLETED,COMPLETED,0,0,0,0,76fb791fafbc6eb83d167afd691da9d7efb9acfe879acecef2e76df7d9e6358d,460671aba0c8644dd54c9a32bc4323614be6d34e1a7d0d53d3d530ad63d08daf
421711,True,False,monitor_enforced,COMPLETED,CONTROLLED_STOP,1,0,1,0,76fb791fafbc6eb83d167afd691da9d7efb9acfe879acecef2e76df7d9e6358d,460671aba0c8644dd54c9a32bc4323614be6d34e1a7d0d53d3d530ad63d08daf
421712,True,False,logging_only,COMPLETED,CONTROLLED_STOP,1,0,1,0,76fb791fafbc6eb83d167afd691da9d7efb9acfe879acecef2e76df7d9e6358d,460671aba0c8644dd54c9a32bc4323614be6d34e1a7d0d53d3d530ad63d08daf
421713,True,True,logging_only,COMPLETED,CONTROLLED_STOP,1,0,1,0,76fb791fafbc6eb83d167afd691da9d7efb9acfe879acecef2e76df7d9e6358d,460671aba0c8644dd54c9a32bc4323614be6d34e1a7d0d53d3d530ad63d08daf
421714,True,True,logging_only,COMPLETED,CONTROLLED_STOP,1,0,1,0,76fb791fafbc6eb83d167afd691da9d7efb9acfe879acecef2e76df7d9e6358d,460671aba0c8644dd54c9a32bc4323614be6d34e1a7d0d53d3d530ad63d08daf
421715,True,False,logging_only,COMPLETED,CONTROLLED_STOP,1,0,1,0,76fb791fafbc6eb83d167afd691da9d7efb9acfe879acecef2e76df7d9e6358d,460671aba0c8644dd54c9a32bc4323614be6d34e1a7d0d53d3d530ad63d08daf
421716,True,True,monitor_enforced,COMPLETED,CONTROLLED_STOP,1,0,1,0,76fb791fafbc6eb83d167afd691da9d7efb9acfe879acecef2e76df7d9e6358d,460671aba0c8644dd54c9a32bc4323614be6d34e1a7d0d53d3d530ad63d08daf
421717,False,False,monitor_enforced,COMPLETED,COMPLETED,0,0,0,0,76fb791fafbc6eb83d167afd691da9d7efb9acfe879acecef2e76df7d9e6358d,460671aba0c8644dd54c9a32bc4323614be6d34e1a7d0d53d3d530ad63d08daf
421718,False,True,monitor_enforced,COMPLETED,COMPLETED,0,0,0,0,76fb791fafbc6eb83d167afd691da9d7efb9acfe879acecef2e76df7d9e6358d,460671aba0c8644dd54c9a32bc4323614be6d34e1a7d0d53d3d530ad63d08daf
421719,True,True,logging_only,COMPLETED,CONTROLLED_STOP,1,0,1,0,76fb791fafbc6eb83d167afd691da9d7efb9acfe879acecef2e76df7d9e6358d,460671aba0c8644dd54c9a32bc4323614be6d34e1a7d0d53d3d530ad63d08daf
421720,True,True,logging_only,COMPLETED,CONTROLLED_STOP,1,0,1,0,76fb791fafbc6eb83d167afd691da9d7efb9acfe879acecef2e76df7d9e6358d,460671aba0c8644dd54c9a32bc4323614be6d34e1a7d0d53d3d530ad63d08daf
421721,True,False,monitor_enforced,COMPLETED,CONTROLLED_STOP,1,0,1,0,76fb791fafbc6eb83d167afd691da9d7efb9acfe879acecef2e76df7d9e6358d,460671aba0c8644dd54c9a32bc4323614be6d34e1a7d0d53d3d530ad63d08daf
421722,True,False,monitor_enforced,COMPLETED,CONTROLLED_STOP,1,0,1,0,76fb791fafbc6eb83d167afd691da9d7efb9acfe879acecef2e76df7d9e6358d,460671aba0c8644dd54c9a32bc4323614be6d34e1a7d0d53d3d530ad63d08daf
421723,True,False,monitor_enforced,COMPLETED,CONTROLLED_STOP,1,0,1,0,76fb791fafbc6eb83d167afd691da9d7efb9acfe879acecef2e76df7d9e6358d,460671aba0c8644dd54c9a32bc4323614be6d34e1a7d0d53d3d530ad63d08daf
421724,False,False,logging_only,COMPLETED,COMPLETED,0,0,0,0,76fb791fafbc6eb83d167afd691da9d7efb9acfe879acecef2e76df7d9e6358d,460671aba0c8644dd54c9a32bc4323614be6d34e1a7d0d53d3d530ad63d08daf
421725,True,True,monitor_enforced,COMPLETED,CONTROLLED_STOP,1,0,1,0,76fb791fafbc6eb83d167afd691da9d7efb9acfe879acecef2e76df7d9e6358d,460671aba0c8644dd54c9a32bc4323614be6d34e1a7d0d53d3d530ad63d08daf
421726,False,False,monitor_enforced,COMPLETED,COMPLETED,0,0,0,0,76fb791fafbc6eb83d167afd691da9d7efb9acfe879acecef2e76df7d9e6358d,460671aba0c8644dd54c9a32bc4323614be6d34e1a7d0d53d3d530ad63d08daf
421727,True,False,monitor_enforced,COMPLETED,CONTROLLED_STOP,1,0,1,0,76fb791fafbc6eb83d167afd691da9d7efb9acfe879acecef2e76df7d9e6358d,460671aba0c8644dd54c9a32bc4323614be6d34e1a7d0d53d3d530ad63d08daf
421728,False,False,logging_only,COMPLETED,COMPLETED,0,0,0,0,76fb791fafbc6eb83d167afd691da9d7efb9acfe879acecef2e76df7d9e6358d,460671aba0c8644dd54c9a32bc4323614be6d34e1a7d0d53d3d530ad63d08daf
421729,False,True,monitor_enforced,COMPLETED,COMPLETED,0,0,0,0,76fb791fafbc6eb83d167afd691da9d7efb9acfe879acecef2e76df7d9e6358d,460671aba0c8644dd54c9a32bc4323614be6d34e1a7d0d53d3d530ad63d08daf
421730,True,True,logging_only,COMPLETED,CONTROLLED_STOP,1,0,1,0,76fb791fafbc6eb83d167afd691da9d7efb9acfe879acecef2e76df7d9e6358d,460671aba0c8644dd54c9a32bc4323614be6d34e1a7d0d53d3d530ad63d08daf
421731,False,False,monitor_enforced,COMPLETED,COMPLETED,0,0,0,0,76fb791fafbc6eb83d167afd691da9d7efb9acfe879acecef2e76df7d9e6358d,460671aba0c8644dd54c9a32bc4323614be6d34e1a7d0d53d3d530ad63d08daf
421732,True,True,logging_only,COMPLETED,CONTROLLED_STOP,1,0,1,0,76fb791fafbc6eb83d167afd691da9d7efb9acfe879acecef2e76df7d9e6358d,460671aba0c8644dd54c9a32bc4323614be6d34e1a7d0d53d3d530ad63d08daf
421733,False,True,monitor_enforced,COMPLETED,COMPLETED,0,0,0,0,76fb791fafbc6eb83d167afd691da9d7efb9acfe879acecef2e76df7d9e6358d,460671aba0c8644dd54c9a32bc4323614be6d34e1a7d0d53d3d530ad63d08daf
421734,False,False,logging_only,COMPLETED,COMPLETED,0,0,0,0,76fb791fafbc6eb83d167afd691da9d7efb9acfe879acecef2e76df7d9e6358d,460671aba0c8644dd54c9a32bc4323614be6d34e1a7d0d53d3d530ad63d08daf
421735,False,True,logging_only,COMPLETED,COMPLETED,0,0,0,0,76fb791fafbc6eb83d167afd691da9d7efb9acfe879acecef2e76df7d9e6358d,460671aba0c8644dd54c9a32bc4323614be6d34e1a7d0d53d3d530ad63d08daf
421736,False,False,monitor_enforced,COMPLETED,COMPLETED,0,0,0,0,76fb791fafbc6eb83d167afd691da9d7efb9acfe879acecef2e76df7d9e6358d,460671aba0c8644dd54c9a32bc4323614be6d34e1a7d0d53d3d530ad63d08daf
421737,False,False,monitor_enforced,COMPLETED,COMPLETED,0,0,0,0,76fb791fafbc6eb83d167afd691da9d7efb9acfe879acecef2e76df7d9e6358d,460671aba0c8644dd54c9a32bc4323614be6d34e1a7d0d53d3d530ad63d08daf
421738,False,False,monitor_enforced,COMPLETED,COMPLETED,0,0,0,0,76fb791fafbc6eb83d167afd691da9d7efb9acfe879acecef2e76df7d9e6358d,460671aba0c8644dd54c9a32bc4323614be6d34e1a7d0d53d3d530ad63d08daf
421739,False,True,logging_only,COMPLETED,COMPLETED,0,0,0,0,76fb791fafbc6eb83d167afd691da9d7efb9acfe879acecef2e76df7d9e6358d,460671aba0c8644dd54c9a32bc4323614be6d34e1a7d0d53d3d530ad63d08daf
421740,False,False,logging_only,COMPLETED,COMPLETED,0,0,0,0,76fb791fafbc6eb83d167afd691da9d7efb9acfe879acecef2e76df7d9e6358d,460671aba0c8644dd54c9a32bc4323614be6d34e1a7d0d53d3d530ad63d08daf
421741,True,True,monitor_enforced,COMPLETED,CONTROLLED_STOP,1,0,1,0,76fb791fafbc6eb83d167afd691da9d7efb9acfe879acecef2e76df7d9e6358d,460671aba0c8644dd54c9a32bc4323614be6d34e1a7d0d53d3d530ad63d08daf
421742,True,True,monitor_enforced,COMPLETED,CONTROLLED_STOP,1,0,1,0,76fb791fafbc6eb83d167afd691da9d7efb9acfe879acecef2e76df7d9e6358d,460671aba0c8644dd54c9a32bc4323614be6d34e1a7d0d53d3d530ad63d08daf
421743,True,True,monitor_enforced,COMPLETED,CONTROLLED_STOP,1,0,1,0,76fb791fafbc6eb83d167afd691da9d7efb9acfe879acecef2e76df7d9e6358d,460671aba0c8644dd54c9a32bc4323614be6d34e1a7d0d53d3d530ad63d08daf
421744,True,True,monitor_enforced,COMPLETED,CONTROLLED_STOP,1,0,1,0,76fb791fafbc6eb83d167afd691da9d7efb9acfe879acecef2e76df7d9e6358d,460671aba0c8644dd54c9a32bc4323614be6d34e1a7d0d53d3d530ad63d08daf
421745,False,True,logging_only,COMPLETED,COMPLETED,0,0,0,0,76fb791fafbc6eb83d167afd691da9d7efb9acfe879acecef2e76df7d9e6358d,460671aba0c8644dd54c9a32bc4323614be6d34e1a7d0d53d3d530ad63d08daf
421746,False,True,monitor_enforced,COMPLETED,COMPLETED,0,0,0,0,76fb791fafbc6eb83d167afd691da9d7efb9acfe879acecef2e76df7d9e6358d,460671aba0c8644dd54c9a32bc4323614be6d34e1a7d0d53d3d530ad63d08daf
421747,False,False,logging_only,COMPLETED,COMPLETED,0,0,0,0,76fb791fafbc6eb83d167afd691da9d7efb9acfe879acecef2e76df7d9e6358d,460671aba0c8644dd54c9a32bc4323614be6d34e1a7d0d53d3d530ad63d08daf
421748,True,False,logging_only,COMPLETED,CONTROLLED_STOP,1,0,1,0,76fb791fafbc6eb83d167afd691da9d7efb9acfe879acecef2e76df7d9e6358d,460671aba0c8644dd54c9a32bc4323614be6d34e1a7d0d53d3d530ad63d08daf
421749,True,False,monitor_enforced,COMPLETED,CONTROLLED_STOP,1,0,1,0,76fb791fafbc6eb83d167afd691da9d7efb9acfe879acecef2e76df7d9e6358d,460671aba0c8644dd54c9a32bc4323614be6d34e1a7d0d53d3d530ad63d08daf
421750,False,False,logging_only,COMPLETED,COMPLETED,0,0,0,0,76fb791fafbc6eb83d167afd691da9d7efb9acfe879acecef2e76df7d9e6358d,460671aba0c8644dd54c9a32bc4323614be6d34e1a7d0d53d3d530ad63d08daf
421751,False,False,monitor_enforced,COMPLETED,COMPLETED,0,0,0,0,76fb791fafbc6eb83d167afd691da9d7efb9acfe879acecef2e76df7d9e6358d,460671aba0c8644dd54c9a32bc4323614be6d34e1a7d0d53d3d530ad63d08daf
421752,False,False,logging_only,COMPLETED,COMPLETED,0,0,0,0,76fb791fafbc6eb83d167afd691da9d7efb9acfe879acecef2e76df7d9e6358d,460671aba0c8644dd54c9a32bc4323614be6d34e1a7d0d53d3d530ad63d08daf
421753,True,True,monitor_enforced,COMPLETED,CONTROLLED_STOP,1,0,1,0,76fb791fafbc6eb83d167afd691da9d7efb9acfe879acecef2e76df7d9e6358d,460671aba0c8644dd54c9a32bc4323614be6d34e1a7d0d53d3d530ad63d08daf
421754,False,False,monitor_enforced,COMPLETED,COMPLETED,0,0,0,0,76fb791fafbc6eb83d167afd691da9d7efb9acfe879acecef2e76df7d9e6358d,460671aba0c8644dd54c9a32bc4323614be6d34e1a7d0d53d3d530ad63d08daf
421755,True,True,monitor_enforced,COMPLETED,CONTROLLED_STOP,1,0,1,0,76fb791fafbc6eb83d167afd691da9d7efb9acfe879acecef2e76df7d9e6358d,460671aba0c8644dd54c9a32bc4323614be6d34e1a7d0d53d3d530ad63d08daf
421756,True,False,monitor_enforced,COMPLETED,CONTROLLED_STOP,1,0,1,0,76fb791fafbc6eb83d167afd691da9d7efb9acfe879acecef2e76df7d9e6358d,460671aba0c8644dd54c9a32bc4323614be6d34e1a7d0d53d3d530ad63d08daf
421757,True,True,monitor_enforced,COMPLETED,CONTROLLED_STOP,1,0,1,0,76fb791fafbc6eb83d167afd691da9d7efb9acfe879acecef2e76df7d9e6358d,460671aba0c8644dd54c9a32bc4323614be6d34e1a7d0d53d3d530ad63d08daf
421758,True,False,monitor_enforced,COMPLETED,CONTROLLED_STOP,1,0,1,0,76fb791fafbc6eb83d167afd691da9d7efb9acfe879acecef2e76df7d9e6358d,460671aba0c8644dd54c9a32bc4323614be6d34e1a7d0d53d3d530ad63d08daf
421759,False,False,monitor_enforced,COMPLETED,COMPLETED,0,0,0,0,76fb791fafbc6eb83d167afd691da9d7efb9acfe879acecef2e76df7d9e6358d,460671aba0c8644dd54c9a32bc4323614be6d34e1a7d0d53d3d530ad63d08daf
421760,True,True,logging_only,COMPLETED,CONTROLLED_STOP,1,0,1,0,76fb791fafbc6eb83d167afd691da9d7efb9acfe879acecef2e76df7d9e6358d,460671aba0c8644dd54c9a32bc4323614be6d34e1a7d0d53d3d530ad63d08daf
421761,True,False,logging_only,COMPLETED,CONTROLLED_STOP,1,0,1,0,76fb791fafbc6eb83d167afd691da9d7efb9acfe879acecef2e76df7d9e6358d,460671aba0c8644dd54c9a32bc4323614be6d34e1a7d0d53d3d530ad63d08daf
421762,True,False,logging_only,COMPLETED,CONTROLLED_STOP,1,0,1,0,76fb791fafbc6eb83d167afd691da9d7efb9acfe879acecef2e76df7d9e6358d,460671aba0c8644dd54c9a32bc4323614be6d34e1a7d0d53d3d530ad63d08daf
421763,False,True,monitor_enforced,COMPLETED,COMPLETED,0,0,0,0,76fb791fafbc6eb83d167afd691da9d7efb9acfe879acecef2e76df7d9e6358d,460671aba0c8644dd54c9a32bc4323614be6d34e1a7d0d53d3d530ad63d08daf
421764,False,True,monitor_enforced,COMPLETED,COMPLETED,0,0,0,0,76fb791fafbc6eb83d167afd691da9d7efb9acfe879acecef2e76df7d9e6358d,460671aba0c8644dd54c9a32bc4323614be6d34e1a7d0d53d3d530ad63d08daf
421765,False,False,monitor_enforced,COMPLETED,COMPLETED,0,0,0,0,76fb791fafbc6eb83d167afd691da9d7efb9acfe879acecef2e76df7d9e6358d,460671aba0c8644dd54c9a32bc4323614be6d34e1a7d0d53d3d530ad63d08daf
421766,False,True,logging_only,COMPLETED,COMPLETED,0,0,0,0,76fb791fafbc6eb83d167afd691da9d7efb9acfe879acecef2e76df7d9e6358d,460671aba0c8644dd54c9a32bc4323614be6d34e1a7d0d53d3d530ad63d08daf
421767,True,True,logging_only,COMPLETED,CONTROLLED_STOP,1,0,1,0,76fb791fafbc6eb83d167afd691da9d7efb9acfe879acecef2e76df7d9e6358d,460671aba0c8644dd54c9a32bc4323614be6d34e1a7d0d53d3d530ad63d08daf
421768,True,True,monitor_enforced,COMPLETED,CONTROLLED_STOP,1,0,1,0,76fb791fafbc6eb83d167afd691da9d7efb9acfe879acecef2e76df7d9e6358d,460671aba0c8644dd54c9a32bc4323614be6d34e1a7d0d53d3d530ad63d08daf
421769,False,False,logging_only,COMPLETED,COMPLETED,0,0,0,0,76fb791fafbc6eb83d167afd691da9d7efb9acfe879acecef2e76df7d9e6358d,460671aba0c8644dd54c9a32bc4323614be6d34e1a7d0d53d3d530ad63d08daf
421770,True,True,monitor_enforced,COMPLETED,CONTROLLED_STOP,1,0,1,0,76fb791fafbc6eb83d167afd691da9d7efb9acfe879acecef2e76df7d9e6358d,460671aba0c8644dd54c9a32bc4323614be6d34e1a7d0d53d3d530ad63d08daf
421771,False,False,logging_only,COMPLETED,COMPLETED,0,0,0,0,76fb791fafbc6eb83d167afd691da9d7efb9acfe879acecef2e76df7d9e6358d,460671aba0c8644dd54c9a32bc4323614be6d34e1a7d0d53d3d530ad63d08daf
421772,False,True,logging_only,COMPLETED,COMPLETED,0,0,0,0,76fb791fafbc6eb83d167afd691da9d7efb9acfe879acecef2e76df7d9e6358d,460671aba0c8644dd54c9a32bc4323614be6d34e1a7d0d53d3d530ad63d08daf
421773,True,False,monitor_enforced,COMPLETED,CONTROLLED_STOP,1,0,1,0,76fb791fafbc6eb83d167afd691da9d7efb9acfe879acecef2e76df7d9e6358d,460671aba0c8644dd54c9a32bc4323614be6d34e1a7d0d53d3d530ad63d08daf
421774,True,True,logging_only,COMPLETED,CONTROLLED_STOP,1,0,1,0,76fb791fafbc6eb83d167afd691da9d7efb9acfe879acecef2e76df7d9e6358d,460671aba0c8644dd54c9a32bc4323614be6d34e1a7d0d53d3d530ad63d08daf
421775,True,True,logging_only,COMPLETED,CONTROLLED_STOP,1,0,1,0,76fb791fafbc6eb83d167afd691da9d7efb9acfe879acecef2e76df7d9e6358d,460671aba0c8644dd54c9a32bc4323614be6d34e1a7d0d53d3d530ad63d08daf
421776,False,True,logging_only,COMPLETED,COMPLETED,0,0,0,0,76fb791fafbc6eb83d167afd691da9d7efb9acfe879acecef2e76df7d9e6358d,460671aba0c8644dd54c9a32bc4323614be6d34e1a7d0d53d3d530ad63d08daf
421777,False,True,logging_only,COMPLETED,COMPLETED,0,0,0,0,76fb791fafbc6eb83d167afd691da9d7efb9acfe879acecef2e76df7d9e6358d,460671aba0c8644dd54c9a32bc4323614be6d34e1a7d0d53d3d530ad63d08daf
421778,True,True,monitor_enforced,COMPLETED,CONTROLLED_STOP,1,0,1,0,76fb791fafbc6eb83d167afd691da9d7efb9acfe879acecef2e76df7d9e6358d,460671aba0c8644dd54c9a32bc4323614be6d34e1a7d0d53d3d530ad63d08daf
421779,False,False,logging_only,COMPLETED,COMPLETED,0,0,0,0,76fb791fafbc6eb83d167afd691da9d7efb9acfe879acecef2e76df7d9e6358d,460671aba0c8644dd54c9a32bc4323614be6d34e1a7d0d53d3d530ad63d08daf
421780,False,False,logging_only,COMPLETED,COMPLETED,0,0,0,0,76fb791fafbc6eb83d167afd691da9d7efb9acfe879acecef2e76df7d9e6358d,460671aba0c8644dd54c9a32bc4323614be6d34e1a7d0d53d3d530ad63d08daf
421781,True,True,logging_only,COMPLETED,CONTROLLED_STOP,1,0,1,0,76fb791fafbc6eb83d167afd691da9d7efb9acfe879acecef2e76df7d9e6358d,460671aba0c8644dd54c9a32bc4323614be6d34e1a7d0d53d3d530ad63d08daf
421782,False,True,logging_only,COMPLETED,COMPLETED,0,0,0,0,76fb791fafbc6eb83d167afd691da9d7efb9acfe879acecef2e76df7d9e6358d,460671aba0c8644dd54c9a32bc4323614be6d34e1a7d0d53d3d530ad63d08daf
421783,True,False,logging_only,COMPLETED,CONTROLLED_STOP,1,0,1,0,76fb791fafbc6eb83d167afd691da9d7efb9acfe879acecef2e76df7d9e6358d,460671aba0c8644dd54c9a32bc4323614be6d34e1a7d0d53d3d530ad63d08daf
421784,True,True,monitor_enforced,COMPLETED,CONTROLLED_STOP,1,0,1,0,76fb791fafbc6eb83d167afd691da9d7efb9acfe879acecef2e76df7d9e6358d,460671aba0c8644dd54c9a32bc4323614be6d34e1a7d0d53d3d530ad63d08daf
421785,True,True,monitor_enforced,COMPLETED,CONTROLLED_STOP,1,0,1,0,76fb791fafbc6eb83d167afd691da9d7efb9acfe879acecef2e76df7d9e6358d,460671aba0c8644dd54c9a32bc4323614be6d34e1a7d0d53d3d530ad63d08daf
421786,False,False,logging_only,COMPLETED,COMPLETED,0,0,0,0,76fb791fafbc6eb83d167afd691da9d7efb9acfe879acecef2e76df7d9e6358d,460671aba0c8644dd54c9a32bc4323614be6d34e1a7d0d53d3d530ad63d08daf
421787,True,True,monitor_enforced,COMPLETED,CONTROLLED_STOP,1,0,1,0,76fb791fafbc6eb83d167afd691da9d7efb9acfe879acecef2e76df7d9e6358d,460671aba0c8644dd54c9a32bc4323614be6d34e1a7d0d53d3d530ad63d08daf
421788,False,False,logging_only,COMPLETED,COMPLETED,0,0,0,0,76fb791fafbc6eb83d167afd691da9d7efb9acfe879acecef2e76df7d9e6358d,460671aba0c8644dd54c9a32bc4323614be6d34e1a7d0d53d3d530ad63d08daf
421789,False,True,monitor_enforced,COMPLETED,COMPLETED,0,0,0,0,76fb791fafbc6eb83d167afd691da9d7efb9acfe879acecef2e76df7d9e6358d,460671aba0c8644dd54c9a32bc4323614be6d34e1a7d0d53d3d530ad63d08daf
421790,True,True,monitor_enforced,COMPLETED,CONTROLLED_STOP,1,0,1,0,76fb791fafbc6eb83d167afd691da9d7efb9acfe879acecef2e76df7d9e6358d,460671aba0c8644dd54c9a32bc4323614be6d34e1a7d0d53d3d530ad63d08daf
421791,True,True,logging_only,COMPLETED,CONTROLLED_STOP,1,0,1,0,76fb791fafbc6eb83d167afd691da9d7efb9acfe879acecef2e76df7d9e6358d,460671aba0c8644dd54c9a32bc4323614be6d34e1a7d0d53d3d530ad63d08daf
421792,True,True,logging_only,COMPLETED,CONTROLLED_STOP,1,0,1,0,76fb791fafbc6eb83d167afd691da9d7efb9acfe879acecef2e76df7d9e6358d,460671aba0c8644dd54c9a32bc4323614be6d34e1a7d0d53d3d530ad63d08daf
421793,False,False,logging_only,COMPLETED,COMPLETED,0,0,0,0,76fb791fafbc6eb83d167afd691da9d7efb9acfe879acecef2e76df7d9e6358d,460671aba0c8644dd54c9a32bc4323614be6d34e1a7d0d53d3d530ad63d08daf
421794,False,False,monitor_enforced,COMPLETED,COMPLETED,0,0,0,0,76fb791fafbc6eb83d167afd691da9d7efb9acfe879acecef2e76df7d9e6358d,460671aba0c8644dd54c9a32bc4323614be6d34e1a7d0d53d3d530ad63d08daf
421795,False,False,logging_only,COMPLETED,COMPLETED,0,0,0,0,76fb791fafbc6eb83d167afd691da9d7efb9acfe879acecef2e76df7d9e6358d,460671aba0c8644dd54c9a32bc4323614be6d34e1a7d0d53d3d530ad63d08daf
421796,False,True,monitor_enforced,COMPLETED,COMPLETED,0,0,0,0,76fb791fafbc6eb83d167afd691da9d7efb9acfe879acecef2e76df7d9e6358d,460671aba0c8644dd54c9a32bc4323614be6d34e1a7d0d53d3d530ad63d08daf
421797,True,False,monitor_enforced,COMPLETED,CONTROLLED_STOP,1,0,1,0,76fb791fafbc6eb83d167afd691da9d7efb9acfe879acecef2e76df7d9e6358d,460671aba0c8644dd54c9a32bc4323614be6d34e1a7d0d53d3d530ad63d08daf
421798,False,True,logging_only,COMPLETED,COMPLETED,0,0,0,0,76fb791fafbc6eb83d167afd691da9d7efb9acfe879acecef2e76df7d9e6358d,460671aba0c8644dd54c9a32bc4323614be6d34e1a7d0d53d3d530ad63d08daf
421799,False,False,monitor_enforced,COMPLETED,COMPLETED,0,0,0,0,76fb791fafbc6eb83d167afd691da9d7efb9acfe879acecef2e76df7d9e6358d,460671aba0c8644dd54c9a32bc4323614be6d34e1a7d0d53d3d530ad63d08daf
421800,False,True,monitor_enforced,COMPLETED,COMPLETED,0,0,0,0,76fb791fafbc6eb83d167afd691da9d7efb9acfe879acecef2e76df7d9e6358d,460671aba0c8644dd54c9a32bc4323614be6d34e1a7d0d53d3d530ad63d08daf
421801,False,False,monitor_enforced,COMPLETED,COMPLETED,0,0,0,0,76fb791fafbc6eb83d167afd691da9d7efb9acfe879acecef2e76df7d9e6358d,460671aba0c8644dd54c9a32bc4323614be6d34e1a7d0d53d3d530ad63d08daf
421802,True,False,monitor_enforced,COMPLETED,CONTROLLED_STOP,1,0,1,0,76fb791fafbc6eb83d167afd691da9d7efb9acfe879acecef2e76df7d9e6358d,460671aba0c8644dd54c9a32bc4323614be6d34e1a7d0d53d3d530ad63d08daf
421803,False,False,monitor_enforced,COMPLETED,COMPLETED,0,0,0,0,76fb791fafbc6eb83d167afd691da9d7efb9acfe879acecef2e76df7d9e6358d,460671aba0c8644dd54c9a32bc4323614be6d34e1a7d0d53d3d530ad63d08daf
421804,False,True,logging_only,COMPLETED,COMPLETED,0,0,0,0,76fb791fafbc6eb83d167afd691da9d7efb9acfe879acecef2e76df7d9e6358d,460671aba0c8644dd54c9a32bc4323614be6d34e1a7d0d53d3d530ad63d08daf
421805,True,True,logging_only,COMPLETED,CONTROLLED_STOP,1,0,1,0,76fb791fafbc6eb83d167afd691da9d7efb9acfe879acecef2e76df7d9e6358d,460671aba0c8644dd54c9a32bc4323614be6d34e1a7d0d53d3d530ad63d08daf
421806,False,False,monitor_enforced,COMPLETED,COMPLETED,0,0,0,0,76fb791fafbc6eb83d167afd691da9d7efb9acfe879acecef2e76df7d9e6358d,460671aba0c8644dd54c9a32bc4323614be6d34e1a7d0d53d3d530ad63d08daf
421807,False,False,monitor_enforced,COMPLETED,COMPLETED,0,0,0,0,76fb791fafbc6eb83d167afd691da9d7efb9acfe879acecef2e76df7d9e6358d,460671aba0c8644dd54c9a32bc4323614be6d34e1a7d0d53d3d530ad63d08daf
421808,True,False,logging_only,COMPLETED,CONTROLLED_STOP,1,0,1,0,76fb791fafbc6eb83d167afd691da9d7efb9acfe879acecef2e76df7d9e6358d,460671aba0c8644dd54c9a32bc4323614be6d34e1a7d0d53d3d530ad63d08daf
421809,True,False,monitor_enforced,COMPLETED,CONTROLLED_STOP,1,0,1,0,76fb791fafbc6eb83d167afd691da9d7efb9acfe879acecef2e76df7d9e6358d,460671aba0c8644dd54c9a32bc4323614be6d34e1a7d0d53d3d530ad63d08daf
421810,True,True,monitor_enforced,COMPLETED,CONTROLLED_STOP,1,0,1,0,76fb791fafbc6eb83d167afd691da9d7efb9acfe879acecef2e76df7d9e6358d,460671aba0c8644dd54c9a32bc4323614be6d34e1a7d0d53d3d530ad63d08daf
421811,True,True,logging_only,COMPLETED,CONTROLLED_STOP,1,0,1,0,76fb791fafbc6eb83d167afd691da9d7efb9acfe879acecef2e76df7d9e6358d,460671aba0c8644dd54c9a32bc4323614be6d34e1a7d0d53d3d530ad63d08daf
421812,False,True,logging_only,COMPLETED,COMPLETED,0,0,0,0,76fb791fafbc6eb83d167afd691da9d7efb9acfe879acecef2e76df7d9e6358d,460671aba0c8644dd54c9a32bc4323614be6d34e1a7d0d53d3d530ad63d08daf
421813,False,False,monitor_enforced,COMPLETED,COMPLETED,0,0,0,0,76fb791fafbc6eb83d167afd691da9d7efb9acfe879acecef2e76df7d9e6358d,460671aba0c8644dd54c9a32bc4323614be6d34e1a7d0d53d3d530ad63d08daf
421814,False,True,logging_only,COMPLETED,COMPLETED,0,0,0,0,76fb791fafbc6eb83d167afd691da9d7efb9acfe879acecef2e76df7d9e6358d,460671aba0c8644dd54c9a32bc4323614be6d34e1a7d0d53d3d530ad63d08daf
421815,True,False,monitor_enforced,COMPLETED,CONTROLLED_STOP,1,0,1,0,76fb791fafbc6eb83d167afd691da9d7efb9acfe879acecef2e76df7d9e6358d,460671aba0c8644dd54c9a32bc4323614be6d34e1a7d0d53d3d530ad63d08daf
421816,False,True,logging_only,COMPLETED,COMPLETED,0,0,0,0,76fb791fafbc6eb83d167afd691da9d7efb9acfe879acecef2e76df7d9e6358d,460671aba0c8644dd54c9a32bc4323614be6d34e1a7d0d53d3d530ad63d08daf
421817,True,False,monitor_enforced,COMPLETED,CONTROLLED_STOP,1,0,1,0,76fb791fafbc6eb83d167afd691da9d7efb9acfe879acecef2e76df7d9e6358d,460671aba0c8644dd54c9a32bc4323614be6d34e1a7d0d53d3d530ad63d08daf
421818,False,False,monitor_enforced,COMPLETED,COMPLETED,0,0,0,0,76fb791fafbc6eb83d167afd691da9d7efb9acfe879acecef2e76df7d9e6358d,460671aba0c8644dd54c9a32bc4323614be6d34e1a7d0d53d3d530ad63d08daf
421819,True,False,logging_only,COMPLETED,CONTROLLED_STOP,1,0,1,0,76fb791fafbc6eb83d167afd691da9d7efb9acfe879acecef2e76df7d9e6358d,460671aba0c8644dd54c9a32bc4323614be6d34e1a7d0d53d3d530ad63d08daf
421820,False,True,logging_only,COMPLETED,COMPLETED,0,0,0,0,76fb791fafbc6eb83d167afd691da9d7efb9acfe879acecef2e76df7d9e6358d,460671aba0c8644dd54c9a32bc4323614be6d34e1a7d0d53d3d530ad63d08daf
421821,True,True,monitor_enforced,COMPLETED,CONTROLLED_STOP,1,0,1,0,76fb791fafbc6eb83d167afd691da9d7efb9acfe879acecef2e76df7d9e6358d,460671aba0c8644dd54c9a32bc4323614be6d34e1a7d0d53d3d530ad63d08daf
421822,False,False,logging_only,COMPLETED,COMPLETED,0,0,0,0,76fb791fafbc6eb83d167afd691da9d7efb9acfe879acecef2e76df7d9e6358d,460671aba0c8644dd54c9a32bc4323614be6d34e1a7d0d53d3d530ad63d08daf
421823,True,False,logging_only,COMPLETED,CONTROLLED_STOP,1,0,1,0,76fb791fafbc6eb83d167afd691da9d7efb9acfe879acecef2e76df7d9e6358d,460671aba0c8644dd54c9a32bc4323614be6d34e1a7d0d53d3d530ad63d08daf
421824,True,False,monitor_enforced,COMPLETED,CONTROLLED_STOP,1,0,1,0,76fb791fafbc6eb83d167afd691da9d7efb9acfe879acecef2e76df7d9e6358d,460671aba0c8644dd54c9a32bc4323614be6d34e1a7d0d53d3d530ad63d08daf
421825,True,False,logging_only,COMPLETED,CONTROLLED_STOP,1,0,1,0,76fb791fafbc6eb83d167afd691da9d7efb9acfe879acecef2e76df7d9e6358d,460671aba0c8644dd54c9a32bc4323614be6d34e1a7d0d53d3d530ad63d08daf
421826,True,False,logging_only,COMPLETED,CONTROLLED_STOP,1,0,1,0,76fb791fafbc6eb83d167afd691da9d7efb9acfe879acecef2e76df7d9e6358d,460671aba0c8644dd54c9a32bc4323614be6d34e1a7d0d53d3d530ad63d08daf
421827,False,False,logging_only,COMPLETED,COMPLETED,0,0,0,0,76fb791fafbc6eb83d167afd691da9d7efb9acfe879acecef2e76df7d9e6358d,460671aba0c8644dd54c9a32bc4323614be6d34e1a7d0d53d3d530ad63d08daf
421828,False,True,logging_only,COMPLETED,COMPLETED,0,0,0,0,76fb791fafbc6eb83d167afd691da9d7efb9acfe879acecef2e76df7d9e6358d,460671aba0c8644dd54c9a32bc4323614be6d34e1a7d0d53d3d530ad63d08daf
421829,False,True,logging_only,COMPLETED,COMPLETED,0,0,0,0,76fb791fafbc6eb83d167afd691da9d7efb9acfe879acecef2e76df7d9e6358d,460671aba0c8644dd54c9a32bc4323614be6d34e1a7d0d53d3d530ad63d08daf
421830,True,False,monitor_enforced,COMPLETED,CONTROLLED_STOP,1,0,1,0,76fb791fafbc6eb83d167afd691da9d7efb9acfe879acecef2e76df7d9e6358d,460671aba0c8644dd54c9a32bc4323614be6d34e1a7d0d53d3d530ad63d08daf
421831,False,True,logging_only,COMPLETED,COMPLETED,0,0,0,0,76fb791fafbc6eb83d167afd691da9d7efb9acfe879acecef2e76df7d9e6358d,460671aba0c8644dd54c9a32bc4323614be6d34e1a7d0d53d3d530ad63d08daf
421832,False,True,monitor_enforced,COMPLETED,COMPLETED,0,0,0,0,76fb791fafbc6eb83d167afd691da9d7efb9acfe879acecef2e76df7d9e6358d,460671aba0c8644dd54c9a32bc4323614be6d34e1a7d0d53d3d530ad63d08daf
421833,True,True,monitor_enforced,COMPLETED,CONTROLLED_STOP,1,0,1,0,76fb791fafbc6eb83d167afd691da9d7efb9acfe879acecef2e76df7d9e6358d,460671aba0c8644dd54c9a32bc4323614be6d34e1a7d0d53d3d530ad63d08daf
421834,True,True,monitor_enforced,COMPLETED,CONTROLLED_STOP,1,0,1,0,76fb791fafbc6eb83d167afd691da9d7efb9acfe879acecef2e76df7d9e6358d,460671aba0c8644dd54c9a32bc4323614be6d34e1a7d0d53d3d530ad63d08daf
421835,False,False,logging_only,COMPLETED,COMPLETED,0,0,0,0,76fb791fafbc6eb83d167afd691da9d7efb9acfe879acecef2e76df7d9e6358d,460671aba0c8644dd54c9a32bc4323614be6d34e1a7d0d53d3d530ad63d08daf
421836,True,True,monitor_enforced,COMPLETED,CONTROLLED_STOP,1,0,1,0,76fb791fafbc6eb83d167afd691da9d7efb9acfe879acecef2e76df7d9e6358d,460671aba0c8644dd54c9a32bc4323614be6d34e1a7d0d53d3d530ad63d08daf
421837,False,False,monitor_enforced,COMPLETED,COMPLETED,0,0,0,0,76fb791fafbc6eb83d167afd691da9d7efb9acfe879acecef2e76df7d9e6358d,460671aba0c8644dd54c9a32bc4323614be6d34e1a7d0d53d3d530ad63d08daf
421838,True,False,logging_only,COMPLETED,CONTROLLED_STOP,1,0,1,0,76fb791fafbc6eb83d167afd691da9d7efb9acfe879acecef2e76df7d9e6358d,460671aba0c8644dd54c9a32bc4323614be6d34e1a7d0d53d3d530ad63d08daf
421839,False,False,monitor_enforced,COMPLETED,COMPLETED,0,0,0,0,76fb791fafbc6eb83d167afd691da9d7efb9acfe879acecef2e76df7d9e6358d,460671aba0c8644dd54c9a32bc4323614be6d34e1a7d0d53d3d530ad63d08daf
421840,True,False,monitor_enforced,COMPLETED,CONTROLLED_STOP,1,0,1,0,76fb791fafbc6eb83d167afd691da9d7efb9acfe879acecef2e76df7d9e6358d,460671aba0c8644dd54c9a32bc4323614be6d34e1a7d0d53d3d530ad63d08daf
421841,False,True,monitor_enforced,COMPLETED,COMPLETED,0,0,0,0,76fb791fafbc6eb83d167afd691da9d7efb9acfe879acecef2e76df7d9e6358d,460671aba0c8644dd54c9a32bc4323614be6d34e1a7d0d53d3d530ad63d08daf
421842,True,True,monitor_enforced,COMPLETED,CONTROLLED_STOP,1,0,1,0,76fb791fafbc6eb83d167afd691da9d7efb9acfe879acecef2e76df7d9e6358d,460671aba0c8644dd54c9a32bc4323614be6d34e1a7d0d53d3d530ad63d08daf
421843,True,False,logging_only,COMPLETED,CONTROLLED_STOP,1,0,1,0,76fb791fafbc6eb83d167afd691da9d7efb9acfe879acecef2e76df7d9e6358d,460671aba0c8644dd54c9a32bc4323614be6d34e1a7d0d53d3d530ad63d08daf
421844,True,False,logging_only,COMPLETED,CONTROLLED_STOP,1,0,1,0,76fb791fafbc6eb83d167afd691da9d7efb9acfe879acecef2e76df7d9e6358d,460671aba0c8644dd54c9a32bc4323614be6d34e1a7d0d53d3d530ad63d08daf
421845,False,False,monitor_enforced,COMPLETED,COMPLETED,0,0,0,0,76fb791fafbc6eb83d167afd691da9d7efb9acfe879acecef2e76df7d9e6358d,460671aba0c8644dd54c9a32bc4323614be6d34e1a7d0d53d3d530ad63d08daf
421846,False,False,monitor_enforced,COMPLETED,COMPLETED,0,0,0,0,76fb791fafbc6eb83d167afd691da9d7efb9acfe879acecef2e76df7d9e6358d,460671aba0c8644dd54c9a32bc4323614be6d34e1a7d0d53d3d530ad63d08daf
421847,False,True,monitor_enforced,COMPLETED,COMPLETED,0,0,0,0,76fb791fafbc6eb83d167afd691da9d7efb9acfe879acecef2e76df7d9e6358d,460671aba0c8644dd54c9a32bc4323614be6d34e1a7d0d53d3d530ad63d08daf
421848,False,False,monitor_enforced,COMPLETED,COMPLETED,0,0,0,0,76fb791fafbc6eb83d167afd691da9d7efb9acfe879acecef2e76df7d9e6358d,460671aba0c8644dd54c9a32bc4323614be6d34e1a7d0d53d3d530ad63d08daf
421849,False,True,monitor_enforced,COMPLETED,COMPLETED,0,0,0,0,76fb791fafbc6eb83d167afd691da9d7efb9acfe879acecef2e76df7d9e6358d,460671aba0c8644dd54c9a32bc4323614be6d34e1a7d0d53d3d530ad63d08daf
421850,False,True,monitor_enforced,COMPLETED,COMPLETED,0,0,0,0,76fb791fafbc6eb83d167afd691da9d7efb9acfe879acecef2e76df7d9e6358d,460671aba0c8644dd54c9a32bc4323614be6d34e1a7d0d53d3d530ad63d08daf
421851,True,False,logging_only,COMPLETED,CONTROLLED_STOP,1,0,1,0,76fb791fafbc6eb83d167afd691da9d7efb9acfe879acecef2e76df7d9e6358d,460671aba0c8644dd54c9a32bc4323614be6d34e1a7d0d53d3d530ad63d08daf
421852,False,True,logging_only,COMPLETED,COMPLETED,0,0,0,0,76fb791fafbc6eb83d167afd691da9d7efb9acfe879acecef2e76df7d9e6358d,460671aba0c8644dd54c9a32bc4323614be6d34e1a7d0d53d3d530ad63d08daf
421853,True,True,monitor_enforced,COMPLETED,CONTROLLED_STOP,1,0,1,0,76fb791fafbc6eb83d167afd691da9d7efb9acfe879acecef2e76df7d9e6358d,460671aba0c8644dd54c9a32bc4323614be6d34e1a7d0d53d3d530ad63d08daf
421854,True,False,monitor_enforced,COMPLETED,CONTROLLED_STOP,1,0,1,0,76fb791fafbc6eb83d167afd691da9d7efb9acfe879acecef2e76df7d9e6358d,460671aba0c8644dd54c9a32bc4323614be6d34e1a7d0d53d3d530ad63d08daf
421855,False,True,logging_only,COMPLETED,COMPLETED,0,0,0,0,76fb791fafbc6eb83d167afd691da9d7efb9acfe879acecef2e76df7d9e6358d,460671aba0c8644dd54c9a32bc4323614be6d34e1a7d0d53d3d530ad63d08daf
421856,True,True,logging_only,COMPLETED,CONTROLLED_STOP,1,0,1,0,76fb791fafbc6eb83d167afd691da9d7efb9acfe879acecef2e76df7d9e6358d,460671aba0c8644dd54c9a32bc4323614be6d34e1a7d0d53d3d530ad63d08daf
421857,False,True,logging_only,COMPLETED,COMPLETED,0,0,0,0,76fb791fafbc6eb83d167afd691da9d7efb9acfe879acecef2e76df7d9e6358d,460671aba0c8644dd54c9a32bc4323614be6d34e1a7d0d53d3d530ad63d08daf
421858,True,True,monitor_enforced,COMPLETED,CONTROLLED_STOP,1,0,1,0,76fb791fafbc6eb83d167afd691da9d7efb9acfe879acecef2e76df7d9e6358d,460671aba0c8644dd54c9a32bc4323614be6d34e1a7d0d53d3d530ad63d08daf
421859,False,False,logging_only,COMPLETED,COMPLETED,0,0,0,0,76fb791fafbc6eb83d167afd691da9d7efb9acfe879acecef2e76df7d9e6358d,460671aba0c8644dd54c9a32bc4323614be6d34e1a7d0d53d3d530ad63d08daf
421860,False,True,monitor_enforced,COMPLETED,COMPLETED,0,0,0,0,76fb791fafbc6eb83d167afd691da9d7efb9acfe879acecef2e76df7d9e6358d,460671aba0c8644dd54c9a32bc4323614be6d34e1a7d0d53d3d530ad63d08daf
421861,True,True,logging_only,COMPLETED,CONTROLLED_STOP,1,0,1,0,76fb791fafbc6eb83d167afd691da9d7efb9acfe879acecef2e76df7d9e6358d,460671aba0c8644dd54c9a32bc4323614be6d34e1a7d0d53d3d530ad63d08daf
421862,True,False,logging_only,COMPLETED,CONTROLLED_STOP,1,0,1,0,76fb791fafbc6eb83d167afd691da9d7efb9acfe879acecef2e76df7d9e6358d,460671aba0c8644dd54c9a32bc4323614be6d34e1a7d0d53d3d530ad63d08daf
421863,False,True,logging_only,COMPLETED,COMPLETED,0,0,0,0,76fb791fafbc6eb83d167afd691da9d7efb9acfe879acecef2e76df7d9e6358d,460671aba0c8644dd54c9a32bc4323614be6d34e1a7d0d53d3d530ad63d08daf
421864,True,True,logging_only,COMPLETED,CONTROLLED_STOP,1,0,1,0,76fb791fafbc6eb83d167afd691da9d7efb9acfe879acecef2e76df7d9e6358d,460671aba0c8644dd54c9a32bc4323614be6d34e1a7d0d53d3d530ad63d08daf
421865,True,False,logging_only,COMPLETED,CONTROLLED_STOP,1,0,1,0,76fb791fafbc6eb83d167afd691da9d7efb9acfe879acecef2e76df7d9e6358d,460671aba0c8644dd54c9a32bc4323614be6d34e1a7d0d53d3d530ad63d08daf
421866,True,True,logging_only,COMPLETED,CONTROLLED_STOP,1,0,1,0,76fb791fafbc6eb83d167afd691da9d7efb9acfe879acecef2e76df7d9e6358d,460671aba0c8644dd54c9a32bc4323614be6d34e1a7d0d53d3d530ad63d08daf
421867,True,False,monitor_enforced,COMPLETED,CONTROLLED_STOP,1,0,1,0,76fb791fafbc6eb83d167afd691da9d7efb9acfe879acecef2e76df7d9e6358d,460671aba0c8644dd54c9a32bc4323614be6d34e1a7d0d53d3d530ad63d08daf
421868,True,False,logging_only,COMPLETED,CONTROLLED_STOP,1,0,1,0,76fb791fafbc6eb83d167afd691da9d7efb9acfe879acecef2e76df7d9e6358d,460671aba0c8644dd54c9a32bc4323614be6d34e1a7d0d53d3d530ad63d08daf
421869,True,False,monitor_enforced,COMPLETED,CONTROLLED_STOP,1,0,1,0,76fb791fafbc6eb83d167afd691da9d7efb9acfe879acecef2e76df7d9e6358d,460671aba0c8644dd54c9a32bc4323614be6d34e1a7d0d53d3d530ad63d08daf
421870,False,False,logging_only,COMPLETED,COMPLETED,0,0,0,0,76fb791fafbc6eb83d167afd691da9d7efb9acfe879acecef2e76df7d9e6358d,460671aba0c8644dd54c9a32bc4323614be6d34e1a7d0d53d3d530ad63d08daf
421871,True,True,logging_only,COMPLETED,CONTROLLED_STOP,1,0,1,0,76fb791fafbc6eb83d167afd691da9d7efb9acfe879acecef2e76df7d9e6358d,460671aba0c8644dd54c9a32bc4323614be6d34e1a7d0d53d3d530ad63d08daf
421872,True,False,monitor_enforced,COMPLETED,CONTROLLED_STOP,1,0,1,0,76fb791fafbc6eb83d167afd691da9d7efb9acfe879acecef2e76df7d9e6358d,460671aba0c8644dd54c9a32bc4323614be6d34e1a7d0d53d3d530ad63d08daf
421873,True,True,logging_only,COMPLETED,CONTROLLED_STOP,1,0,1,0,76fb791fafbc6eb83d167afd691da9d7efb9acfe879acecef2e76df7d9e6358d,460671aba0c8644dd54c9a32bc4323614be6d34e1a7d0d53d3d530ad63d08daf
421874,False,False,logging_only,COMPLETED,COMPLETED,0,0,0,0,76fb791fafbc6eb83d167afd691da9d7efb9acfe879acecef2e76df7d9e6358d,460671aba0c8644dd54c9a32bc4323614be6d34e1a7d0d53d3d530ad63d08daf
421875,True,True,monitor_enforced,COMPLETED,CONTROLLED_STOP,1,0,1,0,76fb791fafbc6eb83d167afd691da9d7efb9acfe879acecef2e76df7d9e6358d,460671aba0c8644dd54c9a32bc4323614be6d34e1a7d0d53d3d530ad63d08daf
421876,False,False,logging_only,COMPLETED,COMPLETED,0,0,0,0,76fb791fafbc6eb83d167afd691da9d7efb9acfe879acecef2e76df7d9e6358d,460671aba0c8644dd54c9a32bc4323614be6d34e1a7d0d53d3d530ad63d08daf
421877,False,False,logging_only,COMPLETED,COMPLETED,0,0,0,0,76fb791fafbc6eb83d167afd691da9d7efb9acfe879acecef2e76df7d9e6358d,460671aba0c8644dd54c9a32bc4323614be6d34e1a7d0d53d3d530ad63d08daf
421878,True,False,monitor_enforced,COMPLETED,CONTROLLED_STOP,1,0,1,0,76fb791fafbc6eb83d167afd691da9d7efb9acfe879acecef2e76df7d9e6358d,460671aba0c8644dd54c9a32bc4323614be6d34e1a7d0d53d3d530ad63d08daf
421879,False,True,logging_only,COMPLETED,COMPLETED,0,0,0,0,76fb791fafbc6eb83d167afd691da9d7efb9acfe879acecef2e76df7d9e6358d,460671aba0c8644dd54c9a32bc4323614be6d34e1a7d0d53d3d530ad63d08daf
421880,False,True,monitor_enforced,COMPLETED,COMPLETED,0,0,0,0,76fb791fafbc6eb83d167afd691da9d7efb9acfe879acecef2e76df7d9e6358d,460671aba0c8644dd54c9a32bc4323614be6d34e1a7d0d53d3d530ad63d08daf
421881,True,True,monitor_enforced,COMPLETED,CONTROLLED_STOP,1,0,1,0,76fb791fafbc6eb83d167afd691da9d7efb9acfe879acecef2e76df7d9e6358d,460671aba0c8644dd54c9a32bc4323614be6d34e1a7d0d53d3d530ad63d08daf
421882,False,True,monitor_enforced,COMPLETED,COMPLETED,0,0,0,0,76fb791fafbc6eb83d167afd691da9d7efb9acfe879acecef2e76df7d9e6358d,460671aba0c8644dd54c9a32bc4323614be6d34e1a7d0d53d3d530ad63d08daf
421883,True,False,logging_only,COMPLETED,CONTROLLED_STOP,1,0,1,0,76fb791fafbc6eb83d167afd691da9d7efb9acfe879acecef2e76df7d9e6358d,460671aba0c8644dd54c9a32bc4323614be6d34e1a7d0d53d3d530ad63d08daf
421884,True,True,monitor_enforced,COMPLETED,CONTROLLED_STOP,1,0,1,0,76fb791fafbc6eb83d167afd691da9d7efb9acfe879acecef2e76df7d9e6358d,460671aba0c8644dd54c9a32bc4323614be6d34e1a7d0d53d3d530ad63d08daf
421885,False,True,logging_only,COMPLETED,COMPLETED,0,0,0,0,76fb791fafbc6eb83d167afd691da9d7efb9acfe879acecef2e76df7d9e6358d,460671aba0c8644dd54c9a32bc4323614be6d34e1a7d0d53d3d530ad63d08daf
421886,False,False,monitor_enforced,COMPLETED,COMPLETED,0,0,0,0,76fb791fafbc6eb83d167afd691da9d7efb9acfe879acecef2e76df7d9e6358d,460671aba0c8644dd54c9a32bc4323614be6d34e1a7d0d53d3d530ad63d08daf
421887,False,False,logging_only,COMPLETED,COMPLETED,0,0,0,0,76fb791fafbc6eb83d167afd691da9d7efb9acfe879acecef2e76df7d9e6358d,460671aba0c8644dd54c9a32bc4323614be6d34e1a7d0d53d3d530ad63d08daf
421888,False,False,monitor_enforced,COMPLETED,COMPLETED,0,0,0,0,76fb791fafbc6eb83d167afd691da9d7efb9acfe879acecef2e76df7d9e6358d,460671aba0c8644dd54c9a32bc4323614be6d34e1a7d0d53d3d530ad63d08daf
421889,False,True,logging_only,COMPLETED,COMPLETED,0,0,0,0,76fb791fafbc6eb83d167afd691da9d7efb9acfe879acecef2e76df7d9e6358d,460671aba0c8644dd54c9a32bc4323614be6d34e1a7d0d53d3d530ad63d08daf
421890,True,False,logging_only,COMPLETED,CONTROLLED_STOP,1,0,1,0,76fb791fafbc6eb83d167afd691da9d7efb9acfe879acecef2e76df7d9e6358d,460671aba0c8644dd54c9a32bc4323614be6d34e1a7d0d53d3d530ad63d08daf
421891,True,True,monitor_enforced,COMPLETED,CONTROLLED_STOP,1,0,1,0,76fb791fafbc6eb83d167afd691da9d7efb9acfe879acecef2e76df7d9e6358d,460671aba0c8644dd54c9a32bc4323614be6d34e1a7d0d53d3d530ad63d08daf
421892,False,False,logging_only,COMPLETED,COMPLETED,0,0,0,0,76fb791fafbc6eb83d167afd691da9d7efb9acfe879acecef2e76df7d9e6358d,460671aba0c8644dd54c9a32bc4323614be6d34e1a7d0d53d3d530ad63d08daf
421893,True,True,monitor_enforced,COMPLETED,CONTROLLED_STOP,1,0,1,0,76fb791fafbc6eb83d167afd691da9d7efb9acfe879acecef2e76df7d9e6358d,460671aba0c8644dd54c9a32bc4323614be6d34e1a7d0d53d3d530ad63d08daf
421894,False,True,monitor_enforced,COMPLETED,COMPLETED,0,0,0,0,76fb791fafbc6eb83d167afd691da9d7efb9acfe879acecef2e76df7d9e6358d,460671aba0c8644dd54c9a32bc4323614be6d34e1a7d0d53d3d530ad63d08daf
421895,False,True,monitor_enforced,COMPLETED,COMPLETED,0,0,0,0,76fb791fafbc6eb83d167afd691da9d7efb9acfe879acecef2e76df7d9e6358d,460671aba0c8644dd54c9a32bc4323614be6d34e1a7d0d53d3d530ad63d08daf
421896,False,True,logging_only,COMPLETED,COMPLETED,0,0,0,0,76fb791fafbc6eb83d167afd691da9d7efb9acfe879acecef2e76df7d9e6358d,460671aba0c8644dd54c9a32bc4323614be6d34e1a7d0d53d3d530ad63d08daf
421897,False,False,monitor_enforced,COMPLETED,COMPLETED,0,0,0,0,76fb791fafbc6eb83d167afd691da9d7efb9acfe879acecef2e76df7d9e6358d,460671aba0c8644dd54c9a32bc4323614be6d34e1a7d0d53d3d530ad63d08daf
421898,False,False,monitor_enforced,COMPLETED,COMPLETED,0,0,0,0,76fb791fafbc6eb83d167afd691da9d7efb9acfe879acecef2e76df7d9e6358d,460671aba0c8644dd54c9a32bc4323614be6d34e1a7d0d53d3d530ad63d08daf
421899,True,False,logging_only,COMPLETED,CONTROLLED_STOP,1,0,1,0,76fb791fafbc6eb83d167afd691da9d7efb9acfe879acecef2e76df7d9e6358d,460671aba0c8644dd54c9a32bc4323614be6d34e1a7d0d53d3d530ad63d08daf
421900,False,True,monitor_enforced,COMPLETED,COMPLETED,0,0,0,0,76fb791fafbc6eb83d167afd691da9d7efb9acfe879acecef2e76df7d9e6358d,460671aba0c8644dd54c9a32bc4323614be6d34e1a7d0d53d3d530ad63d08daf
421901,False,True,logging_only,COMPLETED,COMPLETED,0,0,0,0,76fb791fafbc6eb83d167afd691da9d7efb9acfe879acecef2e76df7d9e6358d,460671aba0c8644dd54c9a32bc4323614be6d34e1a7d0d53d3d530ad63d08daf
421902,True,True,logging_only,COMPLETED,CONTROLLED_STOP,1,0,1,0,76fb791fafbc6eb83d167afd691da9d7efb9acfe879acecef2e76df7d9e6358d,460671aba0c8644dd54c9a32bc4323614be6d34e1a7d0d53d3d530ad63d08daf
421903,False,True,monitor_enforced,COMPLETED,COMPLETED,0,0,0,0,76fb791fafbc6eb83d167afd691da9d7efb9acfe879acecef2e76df7d9e6358d,460671aba0c8644dd54c9a32bc4323614be6d34e1a7d0d53d3d530ad63d08daf
421904,False,True,monitor_enforced,COMPLETED,COMPLETED,0,0,0,0,76fb791fafbc6eb83d167afd691da9d7efb9acfe879acecef2e76df7d9e6358d,460671aba0c8644dd54c9a32bc4323614be6d34e1a7d0d53d3d530ad63d08daf
421905,True,False,monitor_enforced,COMPLETED,CONTROLLED_STOP,1,0,1,0,76fb791fafbc6eb83d167afd691da9d7efb9acfe879acecef2e76df7d9e6358d,460671aba0c8644dd54c9a32bc4323614be6d34e1a7d0d53d3d530ad63d08daf
421906,False,True,monitor_enforced,COMPLETED,COMPLETED,0,0,0,0,76fb791fafbc6eb83d167afd691da9d7efb9acfe879acecef2e76df7d9e6358d,460671aba0c8644dd54c9a32bc4323614be6d34e1a7d0d53d3d530ad63d08daf
421907,True,False,monitor_enforced,COMPLETED,CONTROLLED_STOP,1,0,1,0,76fb791fafbc6eb83d167afd691da9d7efb9acfe879acecef2e76df7d9e6358d,460671aba0c8644dd54c9a32bc4323614be6d34e1a7d0d53d3d530ad63d08daf
421908,False,True,monitor_enforced,COMPLETED,COMPLETED,0,0,0,0,76fb791fafbc6eb83d167afd691da9d7efb9acfe879acecef2e76df7d9e6358d,460671aba0c8644dd54c9a32bc4323614be6d34e1a7d0d53d3d530ad63d08daf
421909,True,False,monitor_enforced,COMPLETED,CONTROLLED_STOP,1,0,1,0,76fb791fafbc6eb83d167afd691da9d7efb9acfe879acecef2e76df7d9e6358d,460671aba0c8644dd54c9a32bc4323614be6d34e1a7d0d53d3d530ad63d08daf
421910,False,False,monitor_enforced,COMPLETED,COMPLETED,0,0,0,0,76fb791fafbc6eb83d167afd691da9d7efb9acfe879acecef2e76df7d9e6358d,460671aba0c8644dd54c9a32bc4323614be6d34e1a7d0d53d3d530ad63d08daf
421911,False,False,monitor_enforced,COMPLETED,COMPLETED,0,0,0,0,76fb791fafbc6eb83d167afd691da9d7efb9acfe879acecef2e76df7d9e6358d,460671aba0c8644dd54c9a32bc4323614be6d34e1a7d0d53d3d530ad63d08daf
421912,False,True,logging_only,COMPLETED,COMPLETED,0,0,0,0,76fb791fafbc6eb83d167afd691da9d7efb9acfe879acecef2e76df7d9e6358d,460671aba0c8644dd54c9a32bc4323614be6d34e1a7d0d53d3d530ad63d08daf
421913,False,True,logging_only,COMPLETED,COMPLETED,0,0,0,0,76fb791fafbc6eb83d167afd691da9d7efb9acfe879acecef2e76df7d9e6358d,460671aba0c8644dd54c9a32bc4323614be6d34e1a7d0d53d3d530ad63d08daf
421914,True,True,monitor_enforced,COMPLETED,CONTROLLED_STOP,1,0,1,0,76fb791fafbc6eb83d167afd691da9d7efb9acfe879acecef2e76df7d9e6358d,460671aba0c8644dd54c9a32bc4323614be6d34e1a7d0d53d3d530ad63d08daf
421915,True,True,monitor_enforced,COMPLETED,CONTROLLED_STOP,1,0,1,0,76fb791fafbc6eb83d167afd691da9d7efb9acfe879acecef2e76df7d9e6358d,460671aba0c8644dd54c9a32bc4323614be6d34e1a7d0d53d3d530ad63d08daf
421916,False,False,monitor_enforced,COMPLETED,COMPLETED,0,0,0,0,76fb791fafbc6eb83d167afd691da9d7efb9acfe879acecef2e76df7d9e6358d,460671aba0c8644dd54c9a32bc4323614be6d34e1a7d0d53d3d530ad63d08daf
421917,False,False,logging_only,COMPLETED,COMPLETED,0,0,0,0,76fb791fafbc6eb83d167afd691da9d7efb9acfe879acecef2e76df7d9e6358d,460671aba0c8644dd54c9a32bc4323614be6d34e1a7d0d53d3d530ad63d08daf
421918,False,True,logging_only,COMPLETED,COMPLETED,0,0,0,0,76fb791fafbc6eb83d167afd691da9d7efb9acfe879acecef2e76df7d9e6358d,460671aba0c8644dd54c9a32bc4323614be6d34e1a7d0d53d3d530ad63d08daf
421919,True,True,logging_only,COMPLETED,CONTROLLED_STOP,1,0,1,0,76fb791fafbc6eb83d167afd691da9d7efb9acfe879acecef2e76df7d9e6358d,460671aba0c8644dd54c9a32bc4323614be6d34e1a7d0d53d3d530ad63d08daf
421920,False,True,monitor_enforced,COMPLETED,COMPLETED,0,0,0,0,76fb791fafbc6eb83d167afd691da9d7efb9acfe879acecef2e76df7d9e6358d,460671aba0c8644dd54c9a32bc4323614be6d34e1a7d0d53d3d530ad63d08daf
421921,False,True,monitor_enforced,COMPLETED,COMPLETED,0,0,0,0,76fb791fafbc6eb83d167afd691da9d7efb9acfe879acecef2e76df7d9e6358d,460671aba0c8644dd54c9a32bc4323614be6d34e1a7d0d53d3d530ad63d08daf
421922,False,False,logging_only,COMPLETED,COMPLETED,0,0,0,0,76fb791fafbc6eb83d167afd691da9d7efb9acfe879acecef2e76df7d9e6358d,460671aba0c8644dd54c9a32bc4323614be6d34e1a7d0d53d3d530ad63d08daf
421923,False,False,monitor_enforced,COMPLETED,COMPLETED,0,0,0,0,76fb791fafbc6eb83d167afd691da9d7efb9acfe879acecef2e76df7d9e6358d,460671aba0c8644dd54c9a32bc4323614be6d34e1a7d0d53d3d530ad63d08daf
421924,False,True,monitor_enforced,COMPLETED,COMPLETED,0,0,0,0,76fb791fafbc6eb83d167afd691da9d7efb9acfe879acecef2e76df7d9e6358d,460671aba0c8644dd54c9a32bc4323614be6d34e1a7d0d53d3d530ad63d08daf
421925,True,True,monitor_enforced,COMPLETED,CONTROLLED_STOP,1,0,1,0,76fb791fafbc6eb83d167afd691da9d7efb9acfe879acecef2e76df7d9e6358d,460671aba0c8644dd54c9a32bc4323614be6d34e1a7d0d53d3d530ad63d08daf
421926,False,True,logging_only,COMPLETED,COMPLETED,0,0,0,0,76fb791fafbc6eb83d167afd691da9d7efb9acfe879acecef2e76df7d9e6358d,460671aba0c8644dd54c9a32bc4323614be6d34e1a7d0d53d3d530ad63d08daf
421927,True,False,logging_only,COMPLETED,CONTROLLED_STOP,1,0,1,0,76fb791fafbc6eb83d167afd691da9d7efb9acfe879acecef2e76df7d9e6358d,460671aba0c8644dd54c9a32bc4323614be6d34e1a7d0d53d3d530ad63d08daf
421928,True,False,logging_only,COMPLETED,CONTROLLED_STOP,1,0,1,0,76fb791fafbc6eb83d167afd691da9d7efb9acfe879acecef2e76df7d9e6358d,460671aba0c8644dd54c9a32bc4323614be6d34e1a7d0d53d3d530ad63d08daf
421929,True,True,logging_only,COMPLETED,CONTROLLED_STOP,1,0,1,0,76fb791fafbc6eb83d167afd691da9d7efb9acfe879acecef2e76df7d9e6358d,460671aba0c8644dd54c9a32bc4323614be6d34e1a7d0d53d3d530ad63d08daf
421930,True,True,logging_only,COMPLETED,CONTROLLED_STOP,1,0,1,0,76fb791fafbc6eb83d167afd691da9d7efb9acfe879acecef2e76df7d9e6358d,460671aba0c8644dd54c9a32bc4323614be6d34e1a7d0d53d3d530ad63d08daf
421931,True,True,logging_only,COMPLETED,CONTROLLED_STOP,1,0,1,0,76fb791fafbc6eb83d167afd691da9d7efb9acfe879acecef2e76df7d9e6358d,460671aba0c8644dd54c9a32bc4323614be6d34e1a7d0d53d3d530ad63d08daf
421932,False,False,monitor_enforced,COMPLETED,COMPLETED,0,0,0,0,76fb791fafbc6eb83d167afd691da9d7efb9acfe879acecef2e76df7d9e6358d,460671aba0c8644dd54c9a32bc4323614be6d34e1a7d0d53d3d530ad63d08daf
421933,True,True,logging_only,COMPLETED,CONTROLLED_STOP,1,0,1,0,76fb791fafbc6eb83d167afd691da9d7efb9acfe879acecef2e76df7d9e6358d,460671aba0c8644dd54c9a32bc4323614be6d34e1a7d0d53d3d530ad63d08daf
421934,False,True,logging_only,COMPLETED,COMPLETED,0,0,0,0,76fb791fafbc6eb83d167afd691da9d7efb9acfe879acecef2e76df7d9e6358d,460671aba0c8644dd54c9a32bc4323614be6d34e1a7d0d53d3d530ad63d08daf
421935,False,False,monitor_enforced,COMPLETED,COMPLETED,0,0,0,0,76fb791fafbc6eb83d167afd691da9d7efb9acfe879acecef2e76df7d9e6358d,460671aba0c8644dd54c9a32bc4323614be6d34e1a7d0d53d3d530ad63d08daf
421936,False,False,monitor_enforced,COMPLETED,COMPLETED,0,0,0,0,76fb791fafbc6eb83d167afd691da9d7efb9acfe879acecef2e76df7d9e6358d,460671aba0c8644dd54c9a32bc4323614be6d34e1a7d0d53d3d530ad63d08daf
421937,False,False,monitor_enforced,COMPLETED,COMPLETED,0,0,0,0,76fb791fafbc6eb83d167afd691da9d7efb9acfe879acecef2e76df7d9e6358d,460671aba0c8644dd54c9a32bc4323614be6d34e1a7d0d53d3d530ad63d08daf
421938,True,False,logging_only,COMPLETED,CONTROLLED_STOP,1,0,1,0,76fb791fafbc6eb83d167afd691da9d7efb9acfe879acecef2e76df7d9e6358d,460671aba0c8644dd54c9a32bc4323614be6d34e1a7d0d53d3d530ad63d08daf
421939,True,False,monitor_enforced,COMPLETED,CONTROLLED_STOP,1,0,1,0,76fb791fafbc6eb83d167afd691da9d7efb9acfe879acecef2e76df7d9e6358d,460671aba0c8644dd54c9a32bc4323614be6d34e1a7d0d53d3d530ad63d08daf
421940,True,True,logging_only,COMPLETED,CONTROLLED_STOP,1,0,1,0,76fb791fafbc6eb83d167afd691da9d7efb9acfe879acecef2e76df7d9e6358d,460671aba0c8644dd54c9a32bc4323614be6d34e1a7d0d53d3d530ad63d08daf
421941,True,False,logging_only,COMPLETED,CONTROLLED_STOP,1,0,1,0,76fb791fafbc6eb83d167afd691da9d7efb9acfe879acecef2e76df7d9e6358d,460671aba0c8644dd54c9a32bc4323614be6d34e1a7d0d53d3d530ad63d08daf
421942,True,True,logging_only,COMPLETED,CONTROLLED_STOP,1,0,1,0,76fb791fafbc6eb83d167afd691da9d7efb9acfe879acecef2e76df7d9e6358d,460671aba0c8644dd54c9a32bc4323614be6d34e1a7d0d53d3d530ad63d08daf
421943,False,False,logging_only,COMPLETED,COMPLETED,0,0,0,0,76fb791fafbc6eb83d167afd691da9d7efb9acfe879acecef2e76df7d9e6358d,460671aba0c8644dd54c9a32bc4323614be6d34e1a7d0d53d3d530ad63d08daf
421944,False,True,logging_only,COMPLETED,COMPLETED,0,0,0,0,76fb791fafbc6eb83d167afd691da9d7efb9acfe879acecef2e76df7d9e6358d,460671aba0c8644dd54c9a32bc4323614be6d34e1a7d0d53d3d530ad63d08daf
421945,True,False,monitor_enforced,COMPLETED,CONTROLLED_STOP,1,0,1,0,76fb791fafbc6eb83d167afd691da9d7efb9acfe879acecef2e76df7d9e6358d,460671aba0c8644dd54c9a32bc4323614be6d34e1a7d0d53d3d530ad63d08daf
421946,False,True,logging_only,COMPLETED,COMPLETED,0,0,0,0,76fb791fafbc6eb83d167afd691da9d7efb9acfe879acecef2e76df7d9e6358d,460671aba0c8644dd54c9a32bc4323614be6d34e1a7d0d53d3d530ad63d08daf
421947,True,False,monitor_enforced,COMPLETED,CONTROLLED_STOP,1,0,1,0,76fb791fafbc6eb83d167afd691da9d7efb9acfe879acecef2e76df7d9e6358d,460671aba0c8644dd54c9a32bc4323614be6d34e1a7d0d53d3d530ad63d08daf
421948,True,False,monitor_enforced,COMPLETED,CONTROLLED_STOP,1,0,1,0,76fb791fafbc6eb83d167afd691da9d7efb9acfe879acecef2e76df7d9e6358d,460671aba0c8644dd54c9a32bc4323614be6d34e1a7d0d53d3d530ad63d08daf
421949,False,True,monitor_enforced,COMPLETED,COMPLETED,0,0,0,0,76fb791fafbc6eb83d167afd691da9d7efb9acfe879acecef2e76df7d9e6358d,460671aba0c8644dd54c9a32bc4323614be6d34e1a7d0d53d3d530ad63d08daf
421950,False,False,monitor_enforced,COMPLETED,COMPLETED,0,0,0,0,76fb791fafbc6eb83d167afd691da9d7efb9acfe879acecef2e76df7d9e6358d,460671aba0c8644dd54c9a32bc4323614be6d34e1a7d0d53d3d530ad63d08daf
421951,False,False,logging_only,COMPLETED,COMPLETED,0,0,0,0,76fb791fafbc6eb83d167afd691da9d7efb9acfe879acecef2e76df7d9e6358d,460671aba0c8644dd54c9a32bc4323614be6d34e1a7d0d53d3d530ad63d08daf
421952,True,False,monitor_enforced,COMPLETED,CONTROLLED_STOP,1,0,1,0,76fb791fafbc6eb83d167afd691da9d7efb9acfe879acecef2e76df7d9e6358d,460671aba0c8644dd54c9a32bc4323614be6d34e1a7d0d53d3d530ad63d08daf
421953,True,False,monitor_enforced,COMPLETED,CONTROLLED_STOP,1,0,1,0,76fb791fafbc6eb83d167afd691da9d7efb9acfe879acecef2e76df7d9e6358d,460671aba0c8644dd54c9a32bc4323614be6d34e1a7d0d53d3d530ad63d08daf
421954,True,True,logging_only,COMPLETED,CONTROLLED_STOP,1,0,1,0,76fb791fafbc6eb83d167afd691da9d7efb9acfe879acecef2e76df7d9e6358d,460671aba0c8644dd54c9a32bc4323614be6d34e1a7d0d53d3d530ad63d08daf
421955,False,False,logging_only,COMPLETED,COMPLETED,0,0,0,0,76fb791fafbc6eb83d167afd691da9d7efb9acfe879acecef2e76df7d9e6358d,460671aba0c8644dd54c9a32bc4323614be6d34e1a7d0d53d3d530ad63d08daf
421956,False,False,monitor_enforced,COMPLETED,COMPLETED,0,0,0,0,76fb791fafbc6eb83d167afd691da9d7efb9acfe879acecef2e76df7d9e6358d,460671aba0c8644dd54c9a32bc4323614be6d34e1a7d0d53d3d530ad63d08daf
421957,True,True,logging_only,COMPLETED,CONTROLLED_STOP,1,0,1,0,76fb791fafbc6eb83d167afd691da9d7efb9acfe879acecef2e76df7d9e6358d,460671aba0c8644dd54c9a32bc4323614be6d34e1a7d0d53d3d530ad63d08daf
421958,False,True,logging_only,COMPLETED,COMPLETED,0,0,0,0,76fb791fafbc6eb83d167afd691da9d7efb9acfe879acecef2e76df7d9e6358d,460671aba0c8644dd54c9a32bc4323614be6d34e1a7d0d53d3d530ad63d08daf
421959,True,False,monitor_enforced,COMPLETED,CONTROLLED_STOP,1,0,1,0,76fb791fafbc6eb83d167afd691da9d7efb9acfe879acecef2e76df7d9e6358d,460671aba0c8644dd54c9a32bc4323614be6d34e1a7d0d53d3d530ad63d08daf
421960,True,True,monitor_enforced,COMPLETED,CONTROLLED_STOP,1,0,1,0,76fb791fafbc6eb83d167afd691da9d7efb9acfe879acecef2e76df7d9e6358d,460671aba0c8644dd54c9a32bc4323614be6d34e1a7d0d53d3d530ad63d08daf
421961,True,False,logging_only,COMPLETED,CONTROLLED_STOP,1,0,1,0,76fb791fafbc6eb83d167afd691da9d7efb9acfe879acecef2e76df7d9e6358d,460671aba0c8644dd54c9a32bc4323614be6d34e1a7d0d53d3d530ad63d08daf
421962,False,True,logging_only,COMPLETED,COMPLETED,0,0,0,0,76fb791fafbc6eb83d167afd691da9d7efb9acfe879acecef2e76df7d9e6358d,460671aba0c8644dd54c9a32bc4323614be6d34e1a7d0d53d3d530ad63d08daf
421963,True,True,monitor_enforced,COMPLETED,CONTROLLED_STOP,1,0,1,0,76fb791fafbc6eb83d167afd691da9d7efb9acfe879acecef2e76df7d9e6358d,460671aba0c8644dd54c9a32bc4323614be6d34e1a7d0d53d3d530ad63d08daf
421964,True,False,logging_only,COMPLETED,CONTROLLED_STOP,1,0,1,0,76fb791fafbc6eb83d167afd691da9d7efb9acfe879acecef2e76df7d9e6358d,460671aba0c8644dd54c9a32bc4323614be6d34e1a7d0d53d3d530ad63d08daf
421965,False,False,monitor_enforced,COMPLETED,COMPLETED,0,0,0,0,76fb791fafbc6eb83d167afd691da9d7efb9acfe879acecef2e76df7d9e6358d,460671aba0c8644dd54c9a32bc4323614be6d34e1a7d0d53d3d530ad63d08daf
421966,True,False,monitor_enforced,COMPLETED,CONTROLLED_STOP,1,0,1,0,76fb791fafbc6eb83d167afd691da9d7efb9acfe879acecef2e76df7d9e6358d,460671aba0c8644dd54c9a32bc4323614be6d34e1a7d0d53d3d530ad63d08daf
421967,False,False,logging_only,COMPLETED,COMPLETED,0,0,0,0,76fb791fafbc6eb83d167afd691da9d7efb9acfe879acecef2e76df7d9e6358d,460671aba0c8644dd54c9a32bc4323614be6d34e1a7d0d53d3d530ad63d08daf
421968,True,False,logging_only,COMPLETED,CONTROLLED_STOP,1,0,1,0,76fb791fafbc6eb83d167afd691da9d7efb9acfe879acecef2e76df7d9e6358d,460671aba0c8644dd54c9a32bc4323614be6d34e1a7d0d53d3d530ad63d08daf
421969,True,False,monitor_enforced,COMPLETED,CONTROLLED_STOP,1,0,1,0,76fb791fafbc6eb83d167afd691da9d7efb9acfe879acecef2e76df7d9e6358d,460671aba0c8644dd54c9a32bc4323614be6d34e1a7d0d53d3d530ad63d08daf
421970,False,False,monitor_enforced,COMPLETED,COMPLETED,0,0,0,0,76fb791fafbc6eb83d167afd691da9d7efb9acfe879acecef2e76df7d9e6358d,460671aba0c8644dd54c9a32bc4323614be6d34e1a7d0d53d3d530ad63d08daf
421971,False,True,logging_only,COMPLETED,COMPLETED,0,0,0,0,76fb791fafbc6eb83d167afd691da9d7efb9acfe879acecef2e76df7d9e6358d,460671aba0c8644dd54c9a32bc4323614be6d34e1a7d0d53d3d530ad63d08daf
421972,True,True,monitor_enforced,COMPLETED,CONTROLLED_STOP,1,0,1,0,76fb791fafbc6eb83d167afd691da9d7efb9acfe879acecef2e76df7d9e6358d,460671aba0c8644dd54c9a32bc4323614be6d34e1a7d0d53d3d530ad63d08daf
421973,False,False,logging_only,COMPLETED,COMPLETED,0,0,0,0,76fb791fafbc6eb83d167afd691da9d7efb9acfe879acecef2e76df7d9e6358d,460671aba0c8644dd54c9a32bc4323614be6d34e1a7d0d53d3d530ad63d08daf
421974,False,True,logging_only,COMPLETED,COMPLETED,0,0,0,0,76fb791fafbc6eb83d167afd691da9d7efb9acfe879acecef2e76df7d9e6358d,460671aba0c8644dd54c9a32bc4323614be6d34e1a7d0d53d3d530ad63d08daf
421975,True,False,monitor_enforced,COMPLETED,CONTROLLED_STOP,1,0,1,0,76fb791fafbc6eb83d167afd691da9d7efb9acfe879acecef2e76df7d9e6358d,460671aba0c8644dd54c9a32bc4323614be6d34e1a7d0d53d3d530ad63d08daf
421976,True,False,monitor_enforced,COMPLETED,CONTROLLED_STOP,1,0,1,0,76fb791fafbc6eb83d167afd691da9d7efb9acfe879acecef2e76df7d9e6358d,460671aba0c8644dd54c9a32bc4323614be6d34e1a7d0d53d3d530ad63d08daf
421977,False,True,monitor_enforced,COMPLETED,COMPLETED,0,0,0,0,76fb791fafbc6eb83d167afd691da9d7efb9acfe879acecef2e76df7d9e6358d,460671aba0c8644dd54c9a32bc4323614be6d34e1a7d0d53d3d530ad63d08daf
421978,True,False,logging_only,COMPLETED,CONTROLLED_STOP,1,0,1,0,76fb791fafbc6eb83d167afd691da9d7efb9acfe879acecef2e76df7d9e6358d,460671aba0c8644dd54c9a32bc4323614be6d34e1a7d0d53d3d530ad63d08daf
421979,False,False,logging_only,COMPLETED,COMPLETED,0,0,0,0,76fb791fafbc6eb83d167afd691da9d7efb9acfe879acecef2e76df7d9e6358d,460671aba0c8644dd54c9a32bc4323614be6d34e1a7d0d53d3d530ad63d08daf
421980,False,False,monitor_enforced,COMPLETED,COMPLETED,0,0,0,0,76fb791fafbc6eb83d167afd691da9d7efb9acfe879acecef2e76df7d9e6358d,460671aba0c8644dd54c9a32bc4323614be6d34e1a7d0d53d3d530ad63d08daf
421981,False,True,logging_only,COMPLETED,COMPLETED,0,0,0,0,76fb791fafbc6eb83d167afd691da9d7efb9acfe879acecef2e76df7d9e6358d,460671aba0c8644dd54c9a32bc4323614be6d34e1a7d0d53d3d530ad63d08daf
421982,True,False,logging_only,COMPLETED,CONTROLLED_STOP,1,0,1,0,76fb791fafbc6eb83d167afd691da9d7efb9acfe879acecef2e76df7d9e6358d,460671aba0c8644dd54c9a32bc4323614be6d34e1a7d0d53d3d530ad63d08daf
421983,True,True,monitor_enforced,COMPLETED,CONTROLLED_STOP,1,0,1,0,76fb791fafbc6eb83d167afd691da9d7efb9acfe879acecef2e76df7d9e6358d,460671aba0c8644dd54c9a32bc4323614be6d34e1a7d0d53d3d530ad63d08daf
421984,True,False,logging_only,COMPLETED,CONTROLLED_STOP,1,0,1,0,76fb791fafbc6eb83d167afd691da9d7efb9acfe879acecef2e76df7d9e6358d,460671aba0c8644dd54c9a32bc4323614be6d34e1a7d0d53d3d530ad63d08daf
421985,False,False,monitor_enforced,COMPLETED,COMPLETED,0,0,0,0,76fb791fafbc6eb83d167afd691da9d7efb9acfe879acecef2e76df7d9e6358d,460671aba0c8644dd54c9a32bc4323614be6d34e1a7d0d53d3d530ad63d08daf
421986,True,False,logging_only,COMPLETED,CONTROLLED_STOP,1,0,1,0,76fb791fafbc6eb83d167afd691da9d7efb9acfe879acecef2e76df7d9e6358d,460671aba0c8644dd54c9a32bc4323614be6d34e1a7d0d53d3d530ad63d08daf
421987,False,False,logging_only,COMPLETED,COMPLETED,0,0,0,0,76fb791fafbc6eb83d167afd691da9d7efb9acfe879acecef2e76df7d9e6358d,460671aba0c8644dd54c9a32bc4323614be6d34e1a7d0d53d3d530ad63d08daf
421988,True,False,monitor_enforced,COMPLETED,CONTROLLED_STOP,1,0,1,0,76fb791fafbc6eb83d167afd691da9d7efb9acfe879acecef2e76df7d9e6358d,460671aba0c8644dd54c9a32bc4323614be6d34e1a7d0d53d3d530ad63d08daf
421989,True,False,monitor_enforced,COMPLETED,CONTROLLED_STOP,1,0,1,0,76fb791fafbc6eb83d167afd691da9d7efb9acfe879acecef2e76df7d9e6358d,460671aba0c8644dd54c9a32bc4323614be6d34e1a7d0d53d3d530ad63d08daf
421990,False,True,monitor_enforced,COMPLETED,COMPLETED,0,0,0,0,76fb791fafbc6eb83d167afd691da9d7efb9acfe879acecef2e76df7d9e6358d,460671aba0c8644dd54c9a32bc4323614be6d34e1a7d0d53d3d530ad63d08daf
421991,True,True,logging_only,COMPLETED,CONTROLLED_STOP,1,0,1,0,76fb791fafbc6eb83d167afd691da9d7efb9acfe879acecef2e76df7d9e6358d,460671aba0c8644dd54c9a32bc4323614be6d34e1a7d0d53d3d530ad63d08daf
421992,True,False,logging_only,COMPLETED,CONTROLLED_STOP,1,0,1,0,76fb791fafbc6eb83d167afd691da9d7efb9acfe879acecef2e76df7d9e6358d,460671aba0c8644dd54c9a32bc4323614be6d34e1a7d0d53d3d530ad63d08daf
421993,False,True,logging_only,COMPLETED,COMPLETED,0,0,0,0,76fb791fafbc6eb83d167afd691da9d7efb9acfe879acecef2e76df7d9e6358d,460671aba0c8644dd54c9a32bc4323614be6d34e1a7d0d53d3d530ad63d08daf
421994,False,False,logging_only,COMPLETED,COMPLETED,0,0,0,0,76fb791fafbc6eb83d167afd691da9d7efb9acfe879acecef2e76df7d9e6358d,460671aba0c8644dd54c9a32bc4323614be6d34e1a7d0d53d3d530ad63d08daf
421995,False,True,logging_only,COMPLETED,COMPLETED,0,0,0,0,76fb791fafbc6eb83d167afd691da9d7efb9acfe879acecef2e76df7d9e6358d,460671aba0c8644dd54c9a32bc4323614be6d34e1a7d0d53d3d530ad63d08daf
421996,True,True,monitor_enforced,COMPLETED,CONTROLLED_STOP,1,0,1,0,76fb791fafbc6eb83d167afd691da9d7efb9acfe879acecef2e76df7d9e6358d,460671aba0c8644dd54c9a32bc4323614be6d34e1a7d0d53d3d530ad63d08daf
421997,False,True,monitor_enforced,COMPLETED,COMPLETED,0,0,0,0,76fb791fafbc6eb83d167afd691da9d7efb9acfe879acecef2e76df7d9e6358d,460671aba0c8644dd54c9a32bc4323614be6d34e1a7d0d53d3d530ad63d08daf
421998,True,False,monitor_enforced,COMPLETED,CONTROLLED_STOP,1,0,1,0,76fb791fafbc6eb83d167afd691da9d7efb9acfe879acecef2e76df7d9e6358d,460671aba0c8644dd54c9a32bc4323614be6d34e1a7d0d53d3d530ad63d08daf
421999,False,True,monitor_enforced,COMPLETED,COMPLETED,0,0,0,0,76fb791fafbc6eb83d167afd691da9d7efb9acfe879acecef2e76df7d9e6358d,460671aba0c8644dd54c9a32bc4323614be6d34e1a7d0d53d3d530ad63d08daf
