seed,condition,violation_present,feasible,dropout_applies
424000,intact_logging,1,0,0
424000,dropout1000_enforced,1,0,0
424000,dropout1000_logging,1,0,0
424000,intact_enforced,1,0,0
424001,dropout1000_enforced,0,1,0
424001,intact_enforced,0,1,0
424001,dropout1000_logging,0,1,0
424001,intact_logging,0,1,0
424002,dropout1000_enforced,0,0,0
424002,intact_enforced,0,0,0
424002,intact_logging,0,0,0
424002,dropout1000_logging,0,0,0
424003,dropout1000_enforced,0,0,0
424003,intact_enforced,0,0,0
424003,dropout1000_logging,0,0,0
424003,intact_logging,0,0,0
424004,dropout1000_logging,0,0,0
424004,intact_logging,0,0,0
424004,intact_enforced,0,0,0
424004,dropout1000_enforced,0,0,0
424005,dropout1000_logging,1,0,0
424005,dropout1000_enforced,1,0,0
424005,intact_logging,1,0,0
424005,intact_enforced,1,0,0
424006,intact_enforced,1,1,0
424006,intact_logging,1,1,0
424006,dropout1000_logging,1,1,0
424006,dropout1000_enforced,1,1,0
424007,intact_enforced,1,0,0
424007,dropout1000_logging,1,0,0
424007,intact_logging,1,0,0
424007,dropout1000_enforced,1,0,0
424008,dropout1000_logging,1,1,1
424008,intact_logging,1,1,0
424008,intact_enforced,1,1,0
424008,dropout1000_enforced,1,1,1
424009,dropout1000_logging,1,1,0
424009,dropout1000_enforced,1,1,0
424009,intact_logging,1,1,0
424009,intact_enforced,1,1,0
424010,intact_logging,1,1,0
424010,intact_enforced,1,1,0
424010,dropout1000_logging,1,1,1
424010,dropout1000_enforced,1,1,1
424011,intact_logging,0,1,0
424011,dropout1000_enforced,0,1,0
424011,dropout1000_logging,0,1,0
424011,intact_enforced,0,1,0
424012,dropout1000_enforced,1,0,0
424012,dropout1000_logging,1,0,0
424012,intact_logging,1,0,0
424012,intact_enforced,1,0,0
424013,dropout1000_enforced,1,0,0
424013,intact_enforced,1,0,0
424013,intact_logging,1,0,0
424013,dropout1000_logging,1,0,0
424014,intact_logging,1,0,0
424014,intact_enforced,1,0,0
424014,dropout1000_enforced,1,0,0
424014,dropout1000_logging,1,0,0
424015,dropout1000_enforced,1,0,0
424015,intact_enforced,1,0,0
424015,dropout1000_logging,1,0,0
424015,intact_logging,1,0,0
424016,dropout1000_logging,0,1,1
424016,intact_enforced,0,1,0
424016,intact_logging,0,1,0
424016,dropout1000_enforced,0,1,1
424017,dropout1000_enforced,1,0,0
424017,intact_enforced,1,0,0
424017,dropout1000_logging,1,0,0
424017,intact_logging,1,0,0
424018,dropout1000_enforced,1,1,0
424018,intact_logging,1,1,0
424018,intact_enforced,1,1,0
424018,dropout1000_logging,1,1,0
424019,intact_enforced,1,0,0
424019,dropout1000_enforced,1,0,0
424019,intact_logging,1,0,0
424019,dropout1000_logging,1,0,0
424020,intact_enforced,0,1,0
424020,intact_logging,0,1,0
424020,dropout1000_logging,0,1,0
424020,dropout1000_enforced,0,1,0
424021,intact_enforced,1,1,0
424021,dropout1000_enforced,1,1,0
424021,intact_logging,1,1,0
424021,dropout1000_logging,1,1,0
424022,dropout1000_enforced,1,1,0
424022,dropout1000_logging,1,1,0
424022,intact_enforced,1,1,0
424022,intact_logging,1,1,0
424023,intact_enforced,0,0,0
424023,dropout1000_enforced,0,0,0
424023,dropout1000_logging,0,0,0
424023,intact_logging,0,0,0
424024,dropout1000_enforced,1,0,0
424024,dropout1000_logging,1,0,0
424024,intact_enforced,1,0,0
424024,intact_logging,1,0,0
424025,intact_logging,1,0,0
424025,intact_enforced,1,0,0
424025,dropout1000_enforced,1,0,0
424025,dropout1000_logging,1,0,0
424026,intact_logging,1,0,0
424026,dropout1000_logging,1,0,0
424026,dropout1000_enforced,1,0,0
424026,intact_enforced,1,0,0
424027,dropout1000_enforced,0,0,0
424027,intact_enforced,0,0,0
424027,dropout1000_logging,0,0,0
424027,intact_logging,0,0,0
424028,intact_enforced,0,1,0
424028,dropout1000_enforced,0,1,1
424028,intact_logging,0,1,0
424028,dropout1000_logging,0,1,1
424029,intact_logging,1,0,0
424029,dropout1000_enforced,1,0,0
424029,dropout1000_logging,1,0,0
424029,intact_enforced,1,0,0
424030,intact_logging,0,0,0
424030,intact_enforced,0,0,0
424030,dropout1000_enforced,0,0,0
424030,dropout1000_logging,0,0,0
424031,dropout1000_enforced,1,0,0
424031,intact_logging,1,0,0
424031,dropout1000_logging,1,0,0
424031,intact_enforced,1,0,0
424032,intact_enforced,0,0,0
424032,dropout1000_enforced,0,0,0
424032,intact_logging,0,0,0
424032,dropout1000_logging,0,0,0
424033,intact_logging,1,0,0
424033,dropout1000_logging,1,0,0
424033,dropout1000_enforced,1,0,0
424033,intact_enforced,1,0,0
424034,dropout1000_logging,1,1,0
424034,intact_logging,1,1,0
424034,dropout1000_enforced,1,1,0
424034,intact_enforced,1,1,0
424035,intact_logging,0,1,0
424035,dropout1000_logging,0,1,0
424035,intact_enforced,0,1,0
424035,dropout1000_enforced,0,1,0
424036,dropout1000_logging,0,1,0
424036,dropout1000_enforced,0,1,0
424036,intact_logging,0,1,0
424036,intact_enforced,0,1,0
424037,intact_logging,1,1,0
424037,dropout1000_enforced,1,1,1
424037,intact_enforced,1,1,0
424037,dropout1000_logging,1,1,1
424038,intact_enforced,0,1,0
424038,intact_logging,0,1,0
424038,dropout1000_logging,0,1,0
424038,dropout1000_enforced,0,1,0
424039,intact_enforced,0,1,0
424039,dropout1000_logging,0,1,1
424039,dropout1000_enforced,0,1,1
424039,intact_logging,0,1,0
424040,dropout1000_logging,0,0,0
424040,dropout1000_enforced,0,0,0
424040,intact_logging,0,0,0
424040,intact_enforced,0,0,0
424041,dropout1000_logging,1,0,0
424041,intact_logging,1,0,0
424041,intact_enforced,1,0,0
424041,dropout1000_enforced,1,0,0
424042,dropout1000_enforced,0,1,0
424042,dropout1000_logging,0,1,0
424042,intact_logging,0,1,0
424042,intact_enforced,0,1,0
424043,dropout1000_enforced,1,1,0
424043,dropout1000_logging,1,1,0
424043,intact_enforced,1,1,0
424043,intact_logging,1,1,0
424044,dropout1000_enforced,1,0,0
424044,intact_logging,1,0,0
424044,intact_enforced,1,0,0
424044,dropout1000_logging,1,0,0
424045,intact_enforced,1,0,0
424045,dropout1000_enforced,1,0,0
424045,dropout1000_logging,1,0,0
424045,intact_logging,1,0,0
424046,dropout1000_logging,0,0,0
424046,intact_enforced,0,0,0
424046,intact_logging,0,0,0
424046,dropout1000_enforced,0,0,0
424047,dropout1000_enforced,1,1,0
424047,intact_logging,1,1,0
424047,dropout1000_logging,1,1,0
424047,intact_enforced,1,1,0
424048,intact_enforced,1,0,0
424048,dropout1000_enforced,1,0,0
424048,intact_logging,1,0,0
424048,dropout1000_logging,1,0,0
424049,intact_enforced,0,0,0
424049,dropout1000_enforced,0,0,1
424049,dropout1000_logging,0,0,1
424049,intact_logging,0,0,0
424050,intact_enforced,0,1,0
424050,dropout1000_logging,0,1,0
424050,dropout1000_enforced,0,1,0
424050,intact_logging,0,1,0
424051,dropout1000_enforced,1,1,0
424051,dropout1000_logging,1,1,0
424051,intact_enforced,1,1,0
424051,intact_logging,1,1,0
424052,intact_logging,1,0,0
424052,dropout1000_enforced,1,0,0
424052,dropout1000_logging,1,0,0
424052,intact_enforced,1,0,0
424053,dropout1000_logging,1,1,0
424053,intact_logging,1,1,0
424053,intact_enforced,1,1,0
424053,dropout1000_enforced,1,1,0
424054,dropout1000_logging,1,1,0
424054,dropout1000_enforced,1,1,0
424054,intact_logging,1,1,0
424054,intact_enforced,1,1,0
424055,intact_logging,1,0,0
424055,intact_enforced,1,0,0
424055,dropout1000_logging,1,0,0
424055,dropout1000_enforced,1,0,0
424056,intact_enforced,0,1,0
424056,intact_logging,0,1,0
424056,dropout1000_enforced,0,1,1
424056,dropout1000_logging,0,1,1
424057,dropout1000_enforced,0,1,0
424057,dropout1000_logging,0,1,0
424057,intact_logging,0,1,0
424057,intact_enforced,0,1,0
424058,dropout1000_logging,0,0,0
424058,intact_logging,0,0,0
424058,dropout1000_enforced,0,0,0
424058,intact_enforced,0,0,0
424059,intact_logging,1,0,0
424059,dropout1000_logging,1,0,1
424059,dropout1000_enforced,1,0,1
424059,intact_enforced,1,0,0
424060,dropout1000_logging,1,1,0
424060,intact_logging,1,1,0
424060,dropout1000_enforced,1,1,0
424060,intact_enforced,1,1,0
424061,intact_logging,0,1,0
424061,dropout1000_enforced,0,1,0
424061,intact_enforced,0,1,0
424061,dropout1000_logging,0,1,0
424062,intact_logging,1,0,0
424062,dropout1000_logging,1,0,0
424062,dropout1000_enforced,1,0,0
424062,intact_enforced,1,0,0
424063,dropout1000_enforced,1,0,0
424063,intact_logging,1,0,0
424063,dropout1000_logging,1,0,0
424063,intact_enforced,1,0,0
424064,dropout1000_enforced,1,1,0
424064,intact_enforced,1,1,0
424064,dropout1000_logging,1,1,0
424064,intact_logging,1,1,0
424065,intact_logging,0,1,0
424065,intact_enforced,0,1,0
424065,dropout1000_enforced,0,1,0
424065,dropout1000_logging,0,1,0
424066,intact_enforced,1,0,0
424066,intact_logging,1,0,0
424066,dropout1000_logging,1,0,0
424066,dropout1000_enforced,1,0,0
424067,intact_logging,0,1,0
424067,intact_enforced,0,1,0
424067,dropout1000_logging,0,1,1
424067,dropout1000_enforced,0,1,1
424068,dropout1000_logging,0,0,0
424068,intact_logging,0,0,0
424068,intact_enforced,0,0,0
424068,dropout1000_enforced,0,0,0
424069,intact_logging,0,0,0
424069,dropout1000_logging,0,0,0
424069,dropout1000_enforced,0,0,0
424069,intact_enforced,0,0,0
424070,intact_enforced,0,0,0
424070,dropout1000_logging,0,0,0
424070,intact_logging,0,0,0
424070,dropout1000_enforced,0,0,0
424071,dropout1000_logging,0,0,0
424071,dropout1000_enforced,0,0,0
424071,intact_logging,0,0,0
424071,intact_enforced,0,0,0
424072,dropout1000_enforced,1,1,0
424072,dropout1000_logging,1,1,0
424072,intact_logging,1,1,0
424072,intact_enforced,1,1,0
424073,intact_enforced,0,0,0
424073,intact_logging,0,0,0
424073,dropout1000_logging,0,0,0
424073,dropout1000_enforced,0,0,0
424074,dropout1000_enforced,1,0,0
424074,dropout1000_logging,1,0,0
424074,intact_logging,1,0,0
424074,intact_enforced,1,0,0
424075,dropout1000_enforced,1,0,0
424075,dropout1000_logging,1,0,0
424075,intact_enforced,1,0,0
424075,intact_logging,1,0,0
424076,dropout1000_logging,1,1,0
424076,dropout1000_enforced,1,1,0
424076,intact_enforced,1,1,0
424076,intact_logging,1,1,0
424077,dropout1000_enforced,0,1,0
424077,intact_enforced,0,1,0
424077,intact_logging,0,1,0
424077,dropout1000_logging,0,1,0
424078,intact_logging,0,0,0
424078,intact_enforced,0,0,0
424078,dropout1000_logging,0,0,0
424078,dropout1000_enforced,0,0,0
424079,intact_enforced,1,1,0
424079,dropout1000_enforced,1,1,0
424079,intact_logging,1,1,0
424079,dropout1000_logging,1,1,0
424080,intact_logging,1,1,0
424080,dropout1000_enforced,1,1,0
424080,intact_enforced,1,1,0
424080,dropout1000_logging,1,1,0
424081,dropout1000_logging,0,0,0
424081,intact_logging,0,0,0
424081,intact_enforced,0,0,0
424081,dropout1000_enforced,0,0,0
424082,dropout1000_logging,0,1,0
424082,dropout1000_enforced,0,1,0
424082,intact_enforced,0,1,0
424082,intact_logging,0,1,0
424083,dropout1000_logging,1,0,0
424083,intact_enforced,1,0,0
424083,dropout1000_enforced,1,0,0
424083,intact_logging,1,0,0
424084,dropout1000_logging,0,0,0
424084,intact_logging,0,0,0
424084,intact_enforced,0,0,0
424084,dropout1000_enforced,0,0,0
424085,dropout1000_enforced,1,0,0
424085,dropout1000_logging,1,0,0
424085,intact_logging,1,0,0
424085,intact_enforced,1,0,0
424086,dropout1000_logging,1,1,0
424086,intact_enforced,1,1,0
424086,dropout1000_enforced,1,1,0
424086,intact_logging,1,1,0
424087,dropout1000_enforced,1,1,0
424087,dropout1000_logging,1,1,0
424087,intact_logging,1,1,0
424087,intact_enforced,1,1,0
424088,intact_enforced,0,0,0
424088,dropout1000_enforced,0,0,0
424088,intact_logging,0,0,0
424088,dropout1000_logging,0,0,0
424089,intact_logging,1,1,0
424089,intact_enforced,1,1,0
424089,dropout1000_logging,1,1,0
424089,dropout1000_enforced,1,1,0
424090,intact_enforced,1,1,0
424090,dropout1000_logging,1,1,1
424090,intact_logging,1,1,0
424090,dropout1000_enforced,1,1,1
424091,intact_enforced,1,0,0
424091,dropout1000_enforced,1,0,0
424091,intact_logging,1,0,0
424091,dropout1000_logging,1,0,0
424092,intact_logging,0,0,0
424092,dropout1000_logging,0,0,0
424092,intact_enforced,0,0,0
424092,dropout1000_enforced,0,0,0
424093,intact_logging,1,1,0
424093,dropout1000_logging,1,1,0
424093,intact_enforced,1,1,0
424093,dropout1000_enforced,1,1,0
424094,dropout1000_logging,1,0,0
424094,intact_logging,1,0,0
424094,dropout1000_enforced,1,0,0
424094,intact_enforced,1,0,0
424095,dropout1000_logging,1,0,1
424095,dropout1000_enforced,1,0,1
424095,intact_logging,1,0,0
424095,intact_enforced,1,0,0
424096,dropout1000_logging,1,0,0
424096,dropout1000_enforced,1,0,0
424096,intact_logging,1,0,0
424096,intact_enforced,1,0,0
424097,dropout1000_logging,1,0,1
424097,dropout1000_enforced,1,0,1
424097,intact_enforced,1,0,0
424097,intact_logging,1,0,0
424098,intact_logging,0,0,0
424098,dropout1000_logging,0,0,0
424098,intact_enforced,0,0,0
424098,dropout1000_enforced,0,0,0
424099,dropout1000_logging,0,1,0
424099,intact_enforced,0,1,0
424099,dropout1000_enforced,0,1,0
424099,intact_logging,0,1,0
424100,dropout1000_enforced,0,0,0
424100,dropout1000_logging,0,0,0
424100,intact_logging,0,0,0
424100,intact_enforced,0,0,0
424101,dropout1000_enforced,0,1,0
424101,intact_enforced,0,1,0
424101,dropout1000_logging,0,1,0
424101,intact_logging,0,1,0
424102,intact_enforced,1,0,0
424102,dropout1000_logging,1,0,0
424102,dropout1000_enforced,1,0,0
424102,intact_logging,1,0,0
424103,dropout1000_logging,0,0,0
424103,dropout1000_enforced,0,0,0
424103,intact_logging,0,0,0
424103,intact_enforced,0,0,0
424104,dropout1000_enforced,1,0,0
424104,intact_enforced,1,0,0
424104,dropout1000_logging,1,0,0
424104,intact_logging,1,0,0
424105,intact_logging,1,1,0
424105,dropout1000_enforced,1,1,0
424105,dropout1000_logging,1,1,0
424105,intact_enforced,1,1,0
424106,intact_logging,0,0,0
424106,dropout1000_enforced,0,0,0
424106,intact_enforced,0,0,0
424106,dropout1000_logging,0,0,0
424107,intact_logging,1,1,0
424107,dropout1000_logging,1,1,0
424107,intact_enforced,1,1,0
424107,dropout1000_enforced,1,1,0
424108,dropout1000_enforced,1,0,0
424108,intact_logging,1,0,0
424108,dropout1000_logging,1,0,0
424108,intact_enforced,1,0,0
424109,intact_enforced,0,1,0
424109,intact_logging,0,1,0
424109,dropout1000_enforced,0,1,0
424109,dropout1000_logging,0,1,0
424110,intact_enforced,1,0,0
424110,intact_logging,1,0,0
424110,dropout1000_logging,1,0,0
424110,dropout1000_enforced,1,0,0
424111,dropout1000_enforced,0,0,0
424111,intact_enforced,0,0,0
424111,intact_logging,0,0,0
424111,dropout1000_logging,0,0,0
424112,intact_logging,0,1,0
424112,dropout1000_enforced,0,1,1
424112,dropout1000_logging,0,1,1
424112,intact_enforced,0,1,0
424113,dropout1000_logging,1,0,0
424113,intact_enforced,1,0,0
424113,dropout1000_enforced,1,0,0
424113,intact_logging,1,0,0
424114,intact_enforced,0,0,0
424114,intact_logging,0,0,0
424114,dropout1000_enforced,0,0,1
424114,dropout1000_logging,0,0,1
424115,intact_logging,0,0,0
424115,dropout1000_logging,0,0,0
424115,dropout1000_enforced,0,0,0
424115,intact_enforced,0,0,0
424116,dropout1000_logging,1,0,0
424116,intact_enforced,1,0,0
424116,intact_logging,1,0,0
424116,dropout1000_enforced,1,0,0
424117,dropout1000_logging,0,1,1
424117,dropout1000_enforced,0,1,1
424117,intact_enforced,0,1,0
424117,intact_logging,0,1,0
424118,intact_enforced,1,0,0
424118,dropout1000_enforced,1,0,0
424118,dropout1000_logging,1,0,0
424118,intact_logging,1,0,0
424119,dropout1000_enforced,0,0,0
424119,intact_logging,0,0,0
424119,dropout1000_logging,0,0,0
424119,intact_enforced,0,0,0
424120,dropout1000_logging,0,1,0
424120,intact_enforced,0,1,0
424120,intact_logging,0,1,0
424120,dropout1000_enforced,0,1,0
424121,dropout1000_enforced,1,0,0
424121,dropout1000_logging,1,0,0
424121,intact_logging,1,0,0
424121,intact_enforced,1,0,0
424122,intact_enforced,0,0,0
424122,dropout1000_enforced,0,0,0
424122,dropout1000_logging,0,0,0
424122,intact_logging,0,0,0
424123,dropout1000_enforced,0,0,0
424123,dropout1000_logging,0,0,0
424123,intact_logging,0,0,0
424123,intact_enforced,0,0,0
424124,intact_enforced,1,0,0
424124,dropout1000_enforced,1,0,0
424124,dropout1000_logging,1,0,0
424124,intact_logging,1,0,0
424125,dropout1000_logging,1,1,1
424125,intact_enforced,1,1,0
424125,dropout1000_enforced,1,1,1
424125,intact_logging,1,1,0
424126,dropout1000_logging,1,0,0
424126,intact_enforced,1,0,0
424126,dropout1000_enforced,1,0,0
424126,intact_logging,1,0,0
424127,dropout1000_enforced,0,1,0
424127,intact_enforced,0,1,0
424127,intact_logging,0,1,0
424127,dropout1000_logging,0,1,0
424128,dropout1000_logging,1,1,0
424128,dropout1000_enforced,1,1,0
424128,intact_enforced,1,1,0
424128,intact_logging,1,1,0
424129,intact_enforced,1,1,0
424129,dropout1000_logging,1,1,0
424129,intact_logging,1,1,0
424129,dropout1000_enforced,1,1,0
424130,dropout1000_logging,1,1,0
424130,dropout1000_enforced,1,1,0
424130,intact_logging,1,1,0
424130,intact_enforced,1,1,0
424131,intact_logging,0,0,0
424131,dropout1000_enforced,0,0,0
424131,intact_enforced,0,0,0
424131,dropout1000_logging,0,0,0
424132,intact_logging,1,1,0
424132,dropout1000_logging,1,1,1
424132,intact_enforced,1,1,0
424132,dropout1000_enforced,1,1,1
424133,intact_logging,1,1,0
424133,dropout1000_logging,1,1,0
424133,intact_enforced,1,1,0
424133,dropout1000_enforced,1,1,0
424134,intact_enforced,1,1,0
424134,intact_logging,1,1,0
424134,dropout1000_enforced,1,1,0
424134,dropout1000_logging,1,1,0
424135,dropout1000_logging,1,1,0
424135,dropout1000_enforced,1,1,0
424135,intact_logging,1,1,0
424135,intact_enforced,1,1,0
424136,intact_logging,1,1,0
424136,intact_enforced,1,1,0
424136,dropout1000_enforced,1,1,0
424136,dropout1000_logging,1,1,0
424137,dropout1000_logging,0,0,0
424137,intact_logging,0,0,0
424137,dropout1000_enforced,0,0,0
424137,intact_enforced,0,0,0
424138,intact_logging,1,1,0
424138,dropout1000_enforced,1,1,0
424138,intact_enforced,1,1,0
424138,dropout1000_logging,1,1,0
424139,intact_enforced,1,1,0
424139,intact_logging,1,1,0
424139,dropout1000_logging,1,1,0
424139,dropout1000_enforced,1,1,0
424140,dropout1000_enforced,0,0,0
424140,dropout1000_logging,0,0,0
424140,intact_logging,0,0,0
424140,intact_enforced,0,0,0
424141,dropout1000_enforced,1,1,0
424141,dropout1000_logging,1,1,0
424141,intact_enforced,1,1,0
424141,intact_logging,1,1,0
424142,dropout1000_logging,0,0,0
424142,dropout1000_enforced,0,0,0
424142,intact_logging,0,0,0
424142,intact_enforced,0,0,0
424143,intact_enforced,0,1,0
424143,intact_logging,0,1,0
424143,dropout1000_enforced,0,1,0
424143,dropout1000_logging,0,1,0
424144,intact_enforced,1,1,0
424144,intact_logging,1,1,0
424144,dropout1000_enforced,1,1,0
424144,dropout1000_logging,1,1,0
424145,intact_logging,0,0,0
424145,dropout1000_enforced,0,0,0
424145,intact_enforced,0,0,0
424145,dropout1000_logging,0,0,0
424146,intact_enforced,0,1,0
424146,dropout1000_enforced,0,1,0
424146,intact_logging,0,1,0
424146,dropout1000_logging,0,1,0
424147,dropout1000_enforced,1,1,0
424147,intact_logging,1,1,0
424147,intact_enforced,1,1,0
424147,dropout1000_logging,1,1,0
424148,intact_enforced,0,1,0
424148,intact_logging,0,1,0
424148,dropout1000_logging,0,1,0
424148,dropout1000_enforced,0,1,0
424149,dropout1000_logging,1,1,0
424149,intact_logging,1,1,0
424149,dropout1000_enforced,1,1,0
424149,intact_enforced,1,1,0
424150,dropout1000_logging,0,1,0
424150,intact_logging,0,1,0
424150,dropout1000_enforced,0,1,0
424150,intact_enforced,0,1,0
424151,dropout1000_enforced,0,1,0
424151,intact_logging,0,1,0
424151,dropout1000_logging,0,1,0
424151,intact_enforced,0,1,0
424152,dropout1000_logging,0,1,0
424152,intact_logging,0,1,0
424152,intact_enforced,0,1,0
424152,dropout1000_enforced,0,1,0
424153,intact_enforced,1,1,0
424153,dropout1000_enforced,1,1,0
424153,dropout1000_logging,1,1,0
424153,intact_logging,1,1,0
424154,intact_enforced,1,1,0
424154,dropout1000_enforced,1,1,0
424154,intact_logging,1,1,0
424154,dropout1000_logging,1,1,0
424155,dropout1000_logging,0,0,0
424155,intact_logging,0,0,0
424155,intact_enforced,0,0,0
424155,dropout1000_enforced,0,0,0
424156,intact_enforced,0,0,0
424156,intact_logging,0,0,0
424156,dropout1000_enforced,0,0,0
424156,dropout1000_logging,0,0,0
424157,intact_enforced,1,1,0
424157,dropout1000_logging,1,1,0
424157,dropout1000_enforced,1,1,0
424157,intact_logging,1,1,0
424158,intact_enforced,0,0,0
424158,dropout1000_enforced,0,0,0
424158,dropout1000_logging,0,0,0
424158,intact_logging,0,0,0
424159,intact_logging,1,0,0
424159,dropout1000_enforced,1,0,0
424159,dropout1000_logging,1,0,0
424159,intact_enforced,1,0,0
424160,intact_logging,0,0,0
424160,dropout1000_enforced,0,0,0
424160,dropout1000_logging,0,0,0
424160,intact_enforced,0,0,0
424161,dropout1000_enforced,1,0,0
424161,intact_logging,1,0,0
424161,intact_enforced,1,0,0
424161,dropout1000_logging,1,0,0
424162,dropout1000_logging,0,0,0
424162,intact_logging,0,0,0
424162,dropout1000_enforced,0,0,0
424162,intact_enforced,0,0,0
424163,dropout1000_enforced,0,1,0
424163,intact_logging,0,1,0
424163,dropout1000_logging,0,1,0
424163,intact_enforced,0,1,0
424164,dropout1000_logging,1,1,1
424164,intact_enforced,1,1,0
424164,dropout1000_enforced,1,1,1
424164,intact_logging,1,1,0
424165,dropout1000_enforced,0,1,0
424165,intact_enforced,0,1,0
424165,intact_logging,0,1,0
424165,dropout1000_logging,0,1,0
424166,intact_enforced,0,0,0
424166,dropout1000_enforced,0,0,0
424166,intact_logging,0,0,0
424166,dropout1000_logging,0,0,0
424167,dropout1000_enforced,1,0,0
424167,intact_enforced,1,0,0
424167,intact_logging,1,0,0
424167,dropout1000_logging,1,0,0
424168,intact_logging,1,0,0
424168,dropout1000_logging,1,0,0
424168,intact_enforced,1,0,0
424168,dropout1000_enforced,1,0,0
424169,dropout1000_logging,1,0,0
424169,dropout1000_enforced,1,0,0
424169,intact_logging,1,0,0
424169,intact_enforced,1,0,0
424170,dropout1000_logging,0,1,0
424170,intact_enforced,0,1,0
424170,intact_logging,0,1,0
424170,dropout1000_enforced,0,1,0
424171,dropout1000_logging,1,0,0
424171,intact_logging,1,0,0
424171,dropout1000_enforced,1,0,0
424171,intact_enforced,1,0,0
424172,intact_enforced,1,0,0
424172,dropout1000_enforced,1,0,0
424172,intact_logging,1,0,0
424172,dropout1000_logging,1,0,0
424173,intact_enforced,1,1,0
424173,intact_logging,1,1,0
424173,dropout1000_enforced,1,1,1
424173,dropout1000_logging,1,1,1
424174,intact_logging,0,1,0
424174,dropout1000_logging,0,1,0
424174,intact_enforced,0,1,0
424174,dropout1000_enforced,0,1,0
424175,dropout1000_enforced,1,0,0
424175,intact_enforced,1,0,0
424175,dropout1000_logging,1,0,0
424175,intact_logging,1,0,0
424176,intact_enforced,0,1,0
424176,dropout1000_enforced,0,1,0
424176,dropout1000_logging,0,1,0
424176,intact_logging,0,1,0
424177,dropout1000_logging,0,1,0
424177,intact_enforced,0,1,0
424177,intact_logging,0,1,0
424177,dropout1000_enforced,0,1,0
424178,dropout1000_enforced,1,0,0
424178,intact_logging,1,0,0
424178,intact_enforced,1,0,0
424178,dropout1000_logging,1,0,0
424179,intact_logging,0,1,0
424179,dropout1000_enforced,0,1,0
424179,dropout1000_logging,0,1,0
424179,intact_enforced,0,1,0
424180,intact_enforced,0,0,0
424180,dropout1000_enforced,0,0,0
424180,dropout1000_logging,0,0,0
424180,intact_logging,0,0,0
424181,dropout1000_enforced,1,0,0
424181,intact_logging,1,0,0
424181,dropout1000_logging,1,0,0
424181,intact_enforced,1,0,0
424182,intact_logging,0,0,0
424182,dropout1000_logging,0,0,0
424182,dropout1000_enforced,0,0,0
424182,intact_enforced,0,0,0
424183,intact_logging,1,0,0
424183,dropout1000_enforced,1,0,0
424183,intact_enforced,1,0,0
424183,dropout1000_logging,1,0,0
424184,dropout1000_logging,0,1,0
424184,intact_logging,0,1,0
424184,intact_enforced,0,1,0
424184,dropout1000_enforced,0,1,0
424185,intact_logging,0,0,0
424185,dropout1000_enforced,0,0,0
424185,intact_enforced,0,0,0
424185,dropout1000_logging,0,0,0
424186,dropout1000_logging,1,1,0
424186,intact_logging,1,1,0
424186,dropout1000_enforced,1,1,0
424186,intact_enforced,1,1,0
424187,dropout1000_logging,1,1,0
424187,dropout1000_enforced,1,1,0
424187,intact_enforced,1,1,0
424187,intact_logging,1,1,0
424188,dropout1000_enforced,1,0,0
424188,intact_enforced,1,0,0
424188,dropout1000_logging,1,0,0
424188,intact_logging,1,0,0
424189,intact_enforced,1,1,0
424189,dropout1000_logging,1,1,0
424189,dropout1000_enforced,1,1,0
424189,intact_logging,1,1,0
424190,intact_logging,0,0,0
424190,intact_enforced,0,0,0
424190,dropout1000_enforced,0,0,0
424190,dropout1000_logging,0,0,0
424191,intact_enforced,1,0,0
424191,dropout1000_logging,1,0,0
424191,intact_logging,1,0,0
424191,dropout1000_enforced,1,0,0
424192,intact_enforced,1,1,0
424192,dropout1000_enforced,1,1,0
424192,dropout1000_logging,1,1,0
424192,intact_logging,1,1,0
424193,intact_enforced,0,1,0
424193,dropout1000_enforced,0,1,0
424193,dropout1000_logging,0,1,0
424193,intact_logging,0,1,0
424194,intact_logging,0,1,0
424194,dropout1000_enforced,0,1,0
424194,intact_enforced,0,1,0
424194,dropout1000_logging,0,1,0
424195,intact_logging,1,1,0
424195,intact_enforced,1,1,0
424195,dropout1000_enforced,1,1,0
424195,dropout1000_logging,1,1,0
424196,dropout1000_logging,1,1,0
424196,intact_logging,1,1,0
424196,dropout1000_enforced,1,1,0
424196,intact_enforced,1,1,0
424197,dropout1000_enforced,0,1,0
424197,intact_enforced,0,1,0
424197,dropout1000_logging,0,1,0
424197,intact_logging,0,1,0
424198,intact_logging,1,0,0
424198,intact_enforced,1,0,0
424198,dropout1000_enforced,1,0,0
424198,dropout1000_logging,1,0,0
424199,dropout1000_enforced,0,0,0
424199,dropout1000_logging,0,0,0
424199,intact_enforced,0,0,0
424199,intact_logging,0,0,0
424200,intact_logging,0,1,0
424200,intact_enforced,0,1,0
424200,dropout1000_enforced,0,1,0
424200,dropout1000_logging,0,1,0
424201,intact_enforced,0,0,0
424201,intact_logging,0,0,0
424201,dropout1000_enforced,0,0,0
424201,dropout1000_logging,0,0,0
424202,intact_logging,1,0,0
424202,intact_enforced,1,0,0
424202,dropout1000_logging,1,0,0
424202,dropout1000_enforced,1,0,0
424203,intact_enforced,1,0,0
424203,dropout1000_enforced,1,0,0
424203,dropout1000_logging,1,0,0
424203,intact_logging,1,0,0
424204,intact_enforced,0,0,0
424204,dropout1000_logging,0,0,0
424204,dropout1000_enforced,0,0,0
424204,intact_logging,0,0,0
424205,dropout1000_logging,1,1,0
424205,dropout1000_enforced,1,1,0
424205,intact_logging,1,1,0
424205,intact_enforced,1,1,0
424206,intact_enforced,0,0,0
424206,intact_logging,0,0,0
424206,dropout1000_enforced,0,0,0
424206,dropout1000_logging,0,0,0
424207,intact_logging,1,1,0
424207,intact_enforced,1,1,0
424207,dropout1000_enforced,1,1,0
424207,dropout1000_logging,1,1,0
424208,intact_enforced,0,0,0
424208,dropout1000_enforced,0,0,0
424208,dropout1000_logging,0,0,0
424208,intact_logging,0,0,0
424209,intact_logging,1,0,0
424209,intact_enforced,1,0,0
424209,dropout1000_logging,1,0,0
424209,dropout1000_enforced,1,0,0
424210,intact_logging,0,1,0
424210,intact_enforced,0,1,0
424210,dropout1000_logging,0,1,0
424210,dropout1000_enforced,0,1,0
424211,dropout1000_logging,1,0,0
424211,dropout1000_enforced,1,0,0
424211,intact_enforced,1,0,0
424211,intact_logging,1,0,0
424212,dropout1000_enforced,0,0,0
424212,intact_logging,0,0,0
424212,dropout1000_logging,0,0,0
424212,intact_enforced,0,0,0
424213,dropout1000_logging,1,0,0
424213,dropout1000_enforced,1,0,0
424213,intact_logging,1,0,0
424213,intact_enforced,1,0,0
424214,intact_enforced,1,0,0
424214,intact_logging,1,0,0
424214,dropout1000_logging,1,0,0
424214,dropout1000_enforced,1,0,0
424215,intact_enforced,1,0,0
424215,intact_logging,1,0,0
424215,dropout1000_enforced,1,0,0
424215,dropout1000_logging,1,0,0
424216,intact_logging,0,0,0
424216,intact_enforced,0,0,0
424216,dropout1000_logging,0,0,0
424216,dropout1000_enforced,0,0,0
424217,intact_logging,0,1,0
424217,dropout1000_enforced,0,1,0
424217,intact_enforced,0,1,0
424217,dropout1000_logging,0,1,0
424218,dropout1000_logging,1,0,1
424218,dropout1000_enforced,1,0,1
424218,intact_enforced,1,0,0
424218,intact_logging,1,0,0
424219,intact_logging,0,1,0
424219,intact_enforced,0,1,0
424219,dropout1000_logging,0,1,0
424219,dropout1000_enforced,0,1,0
424220,intact_enforced,1,0,0
424220,dropout1000_enforced,1,0,0
424220,intact_logging,1,0,0
424220,dropout1000_logging,1,0,0
424221,intact_enforced,0,1,0
424221,intact_logging,0,1,0
424221,dropout1000_enforced,0,1,0
424221,dropout1000_logging,0,1,0
424222,intact_enforced,0,0,0
424222,dropout1000_enforced,0,0,0
424222,intact_logging,0,0,0
424222,dropout1000_logging,0,0,0
424223,dropout1000_enforced,1,0,0
424223,intact_logging,1,0,0
424223,dropout1000_logging,1,0,0
424223,intact_enforced,1,0,0
424224,intact_enforced,0,0,0
424224,intact_logging,0,0,0
424224,dropout1000_logging,0,0,0
424224,dropout1000_enforced,0,0,0
424225,dropout1000_enforced,0,1,1
424225,intact_logging,0,1,0
424225,intact_enforced,0,1,0
424225,dropout1000_logging,0,1,1
424226,dropout1000_logging,1,1,0
424226,intact_enforced,1,1,0
424226,dropout1000_enforced,1,1,0
424226,intact_logging,1,1,0
424227,dropout1000_enforced,0,0,0
424227,intact_logging,0,0,0
424227,dropout1000_logging,0,0,0
424227,intact_enforced,0,0,0
424228,dropout1000_logging,1,0,0
424228,intact_logging,1,0,0
424228,intact_enforced,1,0,0
424228,dropout1000_enforced,1,0,0
424229,dropout1000_logging,1,1,0
424229,dropout1000_enforced,1,1,0
424229,intact_enforced,1,1,0
424229,intact_logging,1,1,0
424230,intact_logging,1,1,0
424230,dropout1000_enforced,1,1,0
424230,dropout1000_logging,1,1,0
424230,intact_enforced,1,1,0
424231,intact_enforced,0,1,0
424231,intact_logging,0,1,0
424231,dropout1000_enforced,0,1,0
424231,dropout1000_logging,0,1,0
424232,dropout1000_enforced,1,0,1
424232,intact_enforced,1,0,0
424232,intact_logging,1,0,0
424232,dropout1000_logging,1,0,1
424233,intact_enforced,1,0,0
424233,intact_logging,1,0,0
424233,dropout1000_logging,1,0,0
424233,dropout1000_enforced,1,0,0
424234,intact_logging,0,1,0
424234,dropout1000_logging,0,1,0
424234,dropout1000_enforced,0,1,0
424234,intact_enforced,0,1,0
424235,dropout1000_logging,1,1,0
424235,intact_enforced,1,1,0
424235,intact_logging,1,1,0
424235,dropout1000_enforced,1,1,0
424236,dropout1000_logging,1,0,0
424236,dropout1000_enforced,1,0,0
424236,intact_logging,1,0,0
424236,intact_enforced,1,0,0
424237,intact_enforced,0,0,0
424237,dropout1000_enforced,0,0,0
424237,intact_logging,0,0,0
424237,dropout1000_logging,0,0,0
424238,intact_enforced,1,1,0
424238,dropout1000_logging,1,1,0
424238,dropout1000_enforced,1,1,0
424238,intact_logging,1,1,0
424239,intact_logging,0,0,0
424239,intact_enforced,0,0,0
424239,dropout1000_enforced,0,0,0
424239,dropout1000_logging,0,0,0
424240,dropout1000_enforced,1,1,0
424240,intact_enforced,1,1,0
424240,intact_logging,1,1,0
424240,dropout1000_logging,1,1,0
424241,dropout1000_logging,1,0,0
424241,intact_logging,1,0,0
424241,intact_enforced,1,0,0
424241,dropout1000_enforced,1,0,0
424242,intact_enforced,1,1,0
424242,dropout1000_logging,1,1,0
424242,dropout1000_enforced,1,1,0
424242,intact_logging,1,1,0
424243,dropout1000_enforced,1,1,0
424243,intact_logging,1,1,0
424243,dropout1000_logging,1,1,0
424243,intact_enforced,1,1,0
424244,dropout1000_enforced,1,1,0
424244,dropout1000_logging,1,1,0
424244,intact_enforced,1,1,0
424244,intact_logging,1,1,0
424245,dropout1000_enforced,0,0,0
424245,dropout1000_logging,0,0,0
424245,intact_enforced,0,0,0
424245,intact_logging,0,0,0
424246,dropout1000_enforced,1,1,0
424246,intact_enforced,1,1,0
424246,intact_logging,1,1,0
424246,dropout1000_logging,1,1,0
424247,intact_logging,1,0,0
424247,dropout1000_logging,1,0,0
424247,intact_enforced,1,0,0
424247,dropout1000_enforced,1,0,0
424248,intact_logging,1,1,0
424248,intact_enforced,1,1,0
424248,dropout1000_enforced,1,1,0
424248,dropout1000_logging,1,1,0
424249,dropout1000_logging,1,0,0
424249,intact_logging,1,0,0
424249,intact_enforced,1,0,0
424249,dropout1000_enforced,1,0,0
424250,intact_logging,1,0,0
424250,intact_enforced,1,0,0
424250,dropout1000_enforced,1,0,0
424250,dropout1000_logging,1,0,0
424251,dropout1000_enforced,1,1,0
424251,dropout1000_logging,1,1,0
424251,intact_logging,1,1,0
424251,intact_enforced,1,1,0
424252,dropout1000_logging,0,1,0
424252,dropout1000_enforced,0,1,0
424252,intact_logging,0,1,0
424252,intact_enforced,0,1,0
424253,intact_enforced,0,0,0
424253,dropout1000_logging,0,0,0
424253,intact_logging,0,0,0
424253,dropout1000_enforced,0,0,0
424254,dropout1000_logging,0,1,0
424254,intact_logging,0,1,0
424254,intact_enforced,0,1,0
424254,dropout1000_enforced,0,1,0
424255,dropout1000_enforced,0,0,1
424255,intact_enforced,0,0,0
424255,dropout1000_logging,0,0,1
424255,intact_logging,0,0,0
424256,intact_enforced,0,0,0
424256,dropout1000_enforced,0,0,1
424256,dropout1000_logging,0,0,1
424256,intact_logging,0,0,0
424257,intact_logging,0,0,0
424257,dropout1000_enforced,0,0,0
424257,dropout1000_logging,0,0,0
424257,intact_enforced,0,0,0
424258,intact_logging,0,0,0
424258,dropout1000_logging,0,0,0
424258,intact_enforced,0,0,0
424258,dropout1000_enforced,0,0,0
424259,dropout1000_enforced,1,0,0
424259,intact_enforced,1,0,0
424259,dropout1000_logging,1,0,0
424259,intact_logging,1,0,0
424260,intact_enforced,1,1,0
424260,intact_logging,1,1,0
424260,dropout1000_logging,1,1,0
424260,dropout1000_enforced,1,1,0
424261,intact_logging,0,1,0
424261,dropout1000_logging,0,1,0
424261,intact_enforced,0,1,0
424261,dropout1000_enforced,0,1,0
424262,dropout1000_enforced,1,1,0
424262,intact_logging,1,1,0
424262,intact_enforced,1,1,0
424262,dropout1000_logging,1,1,0
424263,intact_logging,1,0,0
424263,dropout1000_logging,1,0,0
424263,dropout1000_enforced,1,0,0
424263,intact_enforced,1,0,0
424264,intact_logging,0,1,0
424264,dropout1000_logging,0,1,0
424264,dropout1000_enforced,0,1,0
424264,intact_enforced,0,1,0
424265,dropout1000_logging,0,1,0
424265,intact_logging,0,1,0
424265,intact_enforced,0,1,0
424265,dropout1000_enforced,0,1,0
424266,intact_logging,0,1,0
424266,dropout1000_enforced,0,1,0
424266,intact_enforced,0,1,0
424266,dropout1000_logging,0,1,0
424267,intact_logging,0,0,0
424267,dropout1000_enforced,0,0,0
424267,intact_enforced,0,0,0
424267,dropout1000_logging,0,0,0
424268,intact_enforced,0,1,0
424268,dropout1000_logging,0,1,0
424268,dropout1000_enforced,0,1,0
424268,intact_logging,0,1,0
424269,intact_enforced,1,1,0
424269,intact_logging,1,1,0
424269,dropout1000_enforced,1,1,0
424269,dropout1000_logging,1,1,0
424270,intact_enforced,0,0,0
424270,intact_logging,0,0,0
424270,dropout1000_enforced,0,0,0
424270,dropout1000_logging,0,0,0
424271,intact_logging,1,0,0
424271,intact_enforced,1,0,0
424271,dropout1000_enforced,1,0,0
424271,dropout1000_logging,1,0,0
424272,intact_logging,0,1,0
424272,intact_enforced,0,1,0
424272,dropout1000_logging,0,1,0
424272,dropout1000_enforced,0,1,0
424273,intact_enforced,1,0,0
424273,dropout1000_logging,1,0,0
424273,intact_logging,1,0,0
424273,dropout1000_enforced,1,0,0
424274,intact_logging,1,1,0
424274,intact_enforced,1,1,0
424274,dropout1000_logging,1,1,1
424274,dropout1000_enforced,1,1,1
424275,dropout1000_enforced,0,1,0
424275,intact_logging,0,1,0
424275,intact_enforced,0,1,0
424275,dropout1000_logging,0,1,0
424276,dropout1000_logging,1,1,0
424276,dropout1000_enforced,1,1,0
424276,intact_logging,1,1,0
424276,intact_enforced,1,1,0
424277,intact_enforced,1,1,0
424277,dropout1000_enforced,1,1,0
424277,dropout1000_logging,1,1,0
424277,intact_logging,1,1,0
424278,dropout1000_enforced,1,0,1
424278,intact_logging,1,0,0
424278,dropout1000_logging,1,0,1
424278,intact_enforced,1,0,0
424279,intact_logging,0,0,0
424279,intact_enforced,0,0,0
424279,dropout1000_logging,0,0,1
424279,dropout1000_enforced,0,0,1
424280,intact_logging,1,1,0
424280,intact_enforced,1,1,0
424280,dropout1000_logging,1,1,0
424280,dropout1000_enforced,1,1,0
424281,dropout1000_enforced,1,1,0
424281,intact_enforced,1,1,0
424281,intact_logging,1,1,0
424281,dropout1000_logging,1,1,0
424282,dropout1000_enforced,1,0,0
424282,dropout1000_logging,1,0,0
424282,intact_logging,1,0,0
424282,intact_enforced,1,0,0
424283,dropout1000_logging,1,0,0
424283,dropout1000_enforced,1,0,0
424283,intact_logging,1,0,0
424283,intact_enforced,1,0,0
424284,dropout1000_logging,0,1,0
424284,intact_logging,0,1,0
424284,intact_enforced,0,1,0
424284,dropout1000_enforced,0,1,0
424285,intact_enforced,1,0,0
424285,dropout1000_enforced,1,0,0
424285,intact_logging,1,0,0
424285,dropout1000_logging,1,0,0
424286,dropout1000_enforced,1,0,0
424286,intact_enforced,1,0,0
424286,dropout1000_logging,1,0,0
424286,intact_logging,1,0,0
424287,dropout1000_logging,0,1,1
424287,dropout1000_enforced,0,1,1
424287,intact_logging,0,1,0
424287,intact_enforced,0,1,0
424288,intact_logging,0,0,0
424288,dropout1000_logging,0,0,0
424288,intact_enforced,0,0,0
424288,dropout1000_enforced,0,0,0
424289,intact_logging,0,1,0
424289,dropout1000_enforced,0,1,0
424289,intact_enforced,0,1,0
424289,dropout1000_logging,0,1,0
424290,dropout1000_enforced,0,1,0
424290,intact_enforced,0,1,0
424290,intact_logging,0,1,0
424290,dropout1000_logging,0,1,0
424291,dropout1000_enforced,0,1,0
424291,intact_enforced,0,1,0
424291,intact_logging,0,1,0
424291,dropout1000_logging,0,1,0
424292,intact_enforced,1,1,0
424292,intact_logging,1,1,0
424292,dropout1000_enforced,1,1,0
424292,dropout1000_logging,1,1,0
424293,intact_logging,0,0,0
424293,intact_enforced,0,0,0
424293,dropout1000_enforced,0,0,0
424293,dropout1000_logging,0,0,0
424294,intact_enforced,0,0,0
424294,dropout1000_logging,0,0,0
424294,intact_logging,0,0,0
424294,dropout1000_enforced,0,0,0
424295,dropout1000_logging,1,0,0
424295,dropout1000_enforced,1,0,0
424295,intact_logging,1,0,0
424295,intact_enforced,1,0,0
424296,dropout1000_enforced,1,0,0
424296,dropout1000_logging,1,0,0
424296,intact_logging,1,0,0
424296,intact_enforced,1,0,0
424297,intact_logging,1,1,0
424297,intact_enforced,1,1,0
424297,dropout1000_enforced,1,1,0
424297,dropout1000_logging,1,1,0
424298,intact_enforced,1,0,0
424298,dropout1000_enforced,1,0,0
424298,dropout1000_logging,1,0,0
424298,intact_logging,1,0,0
424299,dropout1000_logging,0,0,0
424299,intact_logging,0,0,0
424299,dropout1000_enforced,0,0,0
424299,intact_enforced,0,0,0
424300,intact_logging,1,1,0
424300,dropout1000_enforced,1,1,0
424300,dropout1000_logging,1,1,0
424300,intact_enforced,1,1,0
424301,dropout1000_enforced,0,1,0
424301,intact_logging,0,1,0
424301,dropout1000_logging,0,1,0
424301,intact_enforced,0,1,0
424302,intact_enforced,1,1,0
424302,dropout1000_logging,1,1,1
424302,dropout1000_enforced,1,1,1
424302,intact_logging,1,1,0
424303,dropout1000_enforced,0,0,0
424303,intact_enforced,0,0,0
424303,intact_logging,0,0,0
424303,dropout1000_logging,0,0,0
424304,dropout1000_enforced,1,0,0
424304,intact_enforced,1,0,0
424304,dropout1000_logging,1,0,0
424304,intact_logging,1,0,0
424305,dropout1000_enforced,1,0,0
424305,dropout1000_logging,1,0,0
424305,intact_enforced,1,0,0
424305,intact_logging,1,0,0
424306,intact_logging,0,1,0
424306,intact_enforced,0,1,0
424306,dropout1000_enforced,0,1,0
424306,dropout1000_logging,0,1,0
424307,dropout1000_enforced,0,0,1
424307,intact_logging,0,0,0
424307,dropout1000_logging,0,0,1
424307,intact_enforced,0,0,0
424308,dropout1000_enforced,1,1,0
424308,intact_logging,1,1,0
424308,intact_enforced,1,1,0
424308,dropout1000_logging,1,1,0
424309,intact_enforced,1,0,0
424309,intact_logging,1,0,0
424309,dropout1000_enforced,1,0,0
424309,dropout1000_logging,1,0,0
424310,dropout1000_enforced,0,0,0
424310,intact_enforced,0,0,0
424310,dropout1000_logging,0,0,0
424310,intact_logging,0,0,0
424311,intact_logging,1,1,0
424311,dropout1000_logging,1,1,0
424311,intact_enforced,1,1,0
424311,dropout1000_enforced,1,1,0
424312,dropout1000_enforced,0,0,0
424312,intact_enforced,0,0,0
424312,intact_logging,0,0,0
424312,dropout1000_logging,0,0,0
424313,intact_enforced,1,1,0
424313,dropout1000_logging,1,1,0
424313,intact_logging,1,1,0
424313,dropout1000_enforced,1,1,0
424314,dropout1000_enforced,1,1,0
424314,intact_logging,1,1,0
424314,intact_enforced,1,1,0
424314,dropout1000_logging,1,1,0
424315,dropout1000_logging,0,1,0
424315,intact_enforced,0,1,0
424315,dropout1000_enforced,0,1,0
424315,intact_logging,0,1,0
424316,dropout1000_enforced,0,0,0
424316,intact_enforced,0,0,0
424316,intact_logging,0,0,0
424316,dropout1000_logging,0,0,0
424317,dropout1000_logging,1,1,1
424317,intact_enforced,1,1,0
424317,intact_logging,1,1,0
424317,dropout1000_enforced,1,1,1
424318,dropout1000_enforced,1,1,0
424318,dropout1000_logging,1,1,0
424318,intact_logging,1,1,0
424318,intact_enforced,1,1,0
424319,intact_enforced,0,0,0
424319,intact_logging,0,0,0
424319,dropout1000_enforced,0,0,0
424319,dropout1000_logging,0,0,0
424320,intact_enforced,0,0,0
424320,intact_logging,0,0,0
424320,dropout1000_enforced,0,0,0
424320,dropout1000_logging,0,0,0
424321,dropout1000_enforced,0,1,0
424321,intact_enforced,0,1,0
424321,intact_logging,0,1,0
424321,dropout1000_logging,0,1,0
424322,dropout1000_logging,0,0,0
424322,dropout1000_enforced,0,0,0
424322,intact_enforced,0,0,0
424322,intact_logging,0,0,0
424323,dropout1000_logging,0,1,0
424323,intact_enforced,0,1,0
424323,dropout1000_enforced,0,1,0
424323,intact_logging,0,1,0
424324,intact_logging,1,1,0
424324,dropout1000_enforced,1,1,1
424324,intact_enforced,1,1,0
424324,dropout1000_logging,1,1,1
424325,intact_enforced,0,1,0
424325,intact_logging,0,1,0
424325,dropout1000_enforced,0,1,0
424325,dropout1000_logging,0,1,0
424326,intact_logging,1,1,0
424326,intact_enforced,1,1,0
424326,dropout1000_enforced,1,1,0
424326,dropout1000_logging,1,1,0
424327,intact_logging,0,0,0
424327,intact_enforced,0,0,0
424327,dropout1000_logging,0,0,0
424327,dropout1000_enforced,0,0,0
424328,intact_enforced,0,1,0
424328,intact_logging,0,1,0
424328,dropout1000_logging,0,1,0
424328,dropout1000_enforced,0,1,0
424329,dropout1000_logging,1,1,1
424329,intact_enforced,1,1,0
424329,dropout1000_enforced,1,1,1
424329,intact_logging,1,1,0
424330,dropout1000_logging,0,0,0
424330,dropout1000_enforced,0,0,0
424330,intact_logging,0,0,0
424330,intact_enforced,0,0,0
424331,dropout1000_logging,0,1,0
424331,intact_logging,0,1,0
424331,intact_enforced,0,1,0
424331,dropout1000_enforced,0,1,0
424332,intact_logging,0,1,0
424332,intact_enforced,0,1,0
424332,dropout1000_logging,0,1,0
424332,dropout1000_enforced,0,1,0
424333,intact_enforced,1,1,0
424333,dropout1000_enforced,1,1,1
424333,dropout1000_logging,1,1,1
424333,intact_logging,1,1,0
424334,dropout1000_logging,1,1,0
424334,dropout1000_enforced,1,1,0
424334,intact_logging,1,1,0
424334,intact_enforced,1,1,0
424335,dropout1000_enforced,0,0,0
424335,dropout1000_logging,0,0,0
424335,intact_logging,0,0,0
424335,intact_enforced,0,0,0
424336,dropout1000_enforced,0,1,0
424336,intact_enforced,0,1,0
424336,intact_logging,0,1,0
424336,dropout1000_logging,0,1,0
424337,dropout1000_logging,1,1,0
424337,dropout1000_enforced,1,1,0
424337,intact_logging,1,1,0
424337,intact_enforced,1,1,0
424338,dropout1000_enforced,0,0,0
424338,dropout1000_logging,0,0,0
424338,intact_enforced,0,0,0
424338,intact_logging,0,0,0
424339,intact_logging,1,0,0
424339,intact_enforced,1,0,0
424339,dropout1000_logging,1,0,0
424339,dropout1000_enforced,1,0,0
424340,intact_enforced,0,0,0
424340,intact_logging,0,0,0
424340,dropout1000_enforced,0,0,0
424340,dropout1000_logging,0,0,0
424341,dropout1000_enforced,0,0,0
424341,intact_logging,0,0,0
424341,intact_enforced,0,0,0
424341,dropout1000_logging,0,0,0
424342,intact_enforced,1,0,0
424342,dropout1000_enforced,1,0,0
424342,dropout1000_logging,1,0,0
424342,intact_logging,1,0,0
424343,dropout1000_enforced,1,1,0
424343,dropout1000_logging,1,1,0
424343,intact_enforced,1,1,0
424343,intact_logging,1,1,0
424344,dropout1000_logging,0,1,0
424344,intact_enforced,0,1,0
424344,dropout1000_enforced,0,1,0
424344,intact_logging,0,1,0
424345,intact_logging,1,0,0
424345,dropout1000_logging,1,0,0
424345,dropout1000_enforced,1,0,0
424345,intact_enforced,1,0,0
424346,intact_enforced,0,0,0
424346,dropout1000_enforced,0,0,0
424346,intact_logging,0,0,0
424346,dropout1000_logging,0,0,0
424347,intact_enforced,1,0,0
424347,dropout1000_enforced,1,0,0
424347,dropout1000_logging,1,0,0
424347,intact_logging,1,0,0
424348,dropout1000_logging,0,1,0
424348,intact_enforced,0,1,0
424348,intact_logging,0,1,0
424348,dropout1000_enforced,0,1,0
424349,intact_enforced,1,1,0
424349,dropout1000_logging,1,1,0
424349,dropout1000_enforced,1,1,0
424349,intact_logging,1,1,0
424350,dropout1000_enforced,0,0,1
424350,dropout1000_logging,0,0,1
424350,intact_logging,0,0,0
424350,intact_enforced,0,0,0
424351,intact_enforced,1,0,0
424351,intact_logging,1,0,0
424351,dropout1000_logging,1,0,0
424351,dropout1000_enforced,1,0,0
424352,dropout1000_enforced,1,1,1
424352,dropout1000_logging,1,1,1
424352,intact_enforced,1,1,0
424352,intact_logging,1,1,0
424353,dropout1000_enforced,1,1,0
424353,intact_logging,1,1,0
424353,intact_enforced,1,1,0
424353,dropout1000_logging,1,1,0
424354,dropout1000_enforced,0,0,0
424354,intact_enforced,0,0,0
424354,dropout1000_logging,0,0,0
424354,intact_logging,0,0,0
424355,dropout1000_enforced,1,1,0
424355,intact_logging,1,1,0
424355,intact_enforced,1,1,0
424355,dropout1000_logging,1,1,0
424356,intact_enforced,1,0,0
424356,dropout1000_logging,1,0,1
424356,dropout1000_enforced,1,0,1
424356,intact_logging,1,0,0
424357,intact_enforced,0,0,0
424357,dropout1000_logging,0,0,0
424357,dropout1000_enforced,0,0,0
424357,intact_logging,0,0,0
424358,intact_logging,0,1,0
424358,dropout1000_logging,0,1,0
424358,dropout1000_enforced,0,1,0
424358,intact_enforced,0,1,0
424359,intact_enforced,1,1,0
424359,dropout1000_logging,1,1,0
424359,dropout1000_enforced,1,1,0
424359,intact_logging,1,1,0
424360,dropout1000_enforced,1,1,0
424360,dropout1000_logging,1,1,0
424360,intact_logging,1,1,0
424360,intact_enforced,1,1,0
424361,intact_logging,0,1,0
424361,dropout1000_enforced,0,1,0
424361,intact_enforced,0,1,0
424361,dropout1000_logging,0,1,0
424362,intact_logging,1,1,0
424362,intact_enforced,1,1,0
424362,dropout1000_logging,1,1,0
424362,dropout1000_enforced,1,1,0
424363,dropout1000_logging,1,0,0
424363,intact_logging,1,0,0
424363,intact_enforced,1,0,0
424363,dropout1000_enforced,1,0,0
424364,dropout1000_enforced,1,0,1
424364,dropout1000_logging,1,0,1
424364,intact_enforced,1,0,0
424364,intact_logging,1,0,0
424365,dropout1000_logging,1,1,0
424365,dropout1000_enforced,1,1,0
424365,intact_logging,1,1,0
424365,intact_enforced,1,1,0
424366,dropout1000_enforced,1,1,0
424366,intact_logging,1,1,0
424366,dropout1000_logging,1,1,0
424366,intact_enforced,1,1,0
424367,intact_logging,1,0,0
424367,intact_enforced,1,0,0
424367,dropout1000_logging,1,0,0
424367,dropout1000_enforced,1,0,0
424368,dropout1000_enforced,1,1,0
424368,intact_logging,1,1,0
424368,intact_enforced,1,1,0
424368,dropout1000_logging,1,1,0
424369,intact_enforced,1,0,0
424369,dropout1000_logging,1,0,0
424369,intact_logging,1,0,0
424369,dropout1000_enforced,1,0,0
424370,dropout1000_logging,0,1,0
424370,intact_enforced,0,1,0
424370,dropout1000_enforced,0,1,0
424370,intact_logging,0,1,0
424371,intact_enforced,1,1,0
424371,dropout1000_enforced,1,1,0
424371,dropout1000_logging,1,1,0
424371,intact_logging,1,1,0
424372,dropout1000_logging,0,1,0
424372,intact_logging,0,1,0
424372,intact_enforced,0,1,0
424372,dropout1000_enforced,0,1,0
424373,intact_enforced,0,0,0
424373,dropout1000_logging,0,0,1
424373,dropout1000_enforced,0,0,1
424373,intact_logging,0,0,0
424374,intact_enforced,0,0,0
424374,dropout1000_enforced,0,0,0
424374,dropout1000_logging,0,0,0
424374,intact_logging,0,0,0
424375,intact_enforced,1,0,0
424375,dropout1000_enforced,1,0,0
424375,dropout1000_logging,1,0,0
424375,intact_logging,1,0,0
424376,dropout1000_enforced,0,1,0
424376,dropout1000_logging,0,1,0
424376,intact_logging,0,1,0
424376,intact_enforced,0,1,0
424377,intact_logging,0,1,0
424377,intact_enforced,0,1,0
424377,dropout1000_logging,0,1,0
424377,dropout1000_enforced,0,1,0
424378,dropout1000_enforced,0,0,0
424378,intact_logging,0,0,0
424378,dropout1000_logging,0,0,0
424378,intact_enforced,0,0,0
424379,dropout1000_enforced,0,1,0
424379,intact_logging,0,1,0
424379,intact_enforced,0,1,0
424379,dropout1000_logging,0,1,0
424380,dropout1000_enforced,1,1,0
424380,intact_logging,1,1,0
424380,intact_enforced,1,1,0
424380,dropout1000_logging,1,1,0
424381,dropout1000_enforced,1,1,0
424381,intact_enforced,1,1,0
424381,intact_logging,1,1,0
424381,dropout1000_logging,1,1,0
424382,dropout1000_logging,1,0,1
424382,intact_logging,1,0,0
424382,dropout1000_enforced,1,0,1
424382,intact_enforced,1,0,0
424383,intact_logging,1,0,0
424383,dropout1000_enforced,1,0,0
424383,dropout1000_logging,1,0,0
424383,intact_enforced,1,0,0
424384,intact_enforced,0,1,0
424384,dropout1000_logging,0,1,0
424384,intact_logging,0,1,0
424384,dropout1000_enforced,0,1,0
424385,dropout1000_logging,0,1,0
424385,intact_logging,0,1,0
424385,intact_enforced,0,1,0
424385,dropout1000_enforced,0,1,0
424386,dropout1000_enforced,0,1,0
424386,intact_logging,0,1,0
424386,intact_enforced,0,1,0
424386,dropout1000_logging,0,1,0
424387,intact_logging,0,0,0
424387,intact_enforced,0,0,0
424387,dropout1000_enforced,0,0,0
424387,dropout1000_logging,0,0,0
424388,dropout1000_enforced,0,0,1
424388,intact_logging,0,0,0
424388,intact_enforced,0,0,0
424388,dropout1000_logging,0,0,1
424389,intact_enforced,1,0,0
424389,intact_logging,1,0,0
424389,dropout1000_enforced,1,0,0
424389,dropout1000_logging,1,0,0
424390,dropout1000_enforced,1,1,0
424390,intact_enforced,1,1,0
424390,intact_logging,1,1,0
424390,dropout1000_logging,1,1,0
424391,dropout1000_logging,0,1,0
424391,intact_logging,0,1,0
424391,intact_enforced,0,1,0
424391,dropout1000_enforced,0,1,0
424392,dropout1000_logging,0,1,0
424392,dropout1000_enforced,0,1,0
424392,intact_enforced,0,1,0
424392,intact_logging,0,1,0
424393,intact_logging,0,0,0
424393,dropout1000_enforced,0,0,0
424393,intact_enforced,0,0,0
424393,dropout1000_logging,0,0,0
424394,dropout1000_enforced,1,0,0
424394,intact_enforced,1,0,0
424394,dropout1000_logging,1,0,0
424394,intact_logging,1,0,0
424395,dropout1000_logging,0,0,0
424395,intact_enforced,0,0,0
424395,intact_logging,0,0,0
424395,dropout1000_enforced,0,0,0
424396,dropout1000_logging,0,1,0
424396,intact_enforced,0,1,0
424396,dropout1000_enforced,0,1,0
424396,intact_logging,0,1,0
424397,dropout1000_enforced,0,1,0
424397,intact_enforced,0,1,0
424397,dropout1000_logging,0,1,0
424397,intact_logging,0,1,0
424398,dropout1000_logging,0,1,1
424398,intact_logging,0,1,0
424398,dropout1000_enforced,0,1,1
424398,intact_enforced,0,1,0
424399,dropout1000_logging,1,0,0
424399,dropout1000_enforced,1,0,0
424399,intact_enforced,1,0,0
424399,intact_logging,1,0,0
424400,intact_enforced,0,1,0
424400,dropout1000_enforced,0,1,0
424400,intact_logging,0,1,0
424400,dropout1000_logging,0,1,0
424401,intact_logging,0,0,0
424401,dropout1000_logging,0,0,1
424401,intact_enforced,0,0,0
424401,dropout1000_enforced,0,0,1
424402,dropout1000_logging,1,1,0
424402,dropout1000_enforced,1,1,0
424402,intact_enforced,1,1,0
424402,intact_logging,1,1,0
424403,intact_enforced,0,0,0
424403,dropout1000_enforced,0,0,0
424403,intact_logging,0,0,0
424403,dropout1000_logging,0,0,0
424404,intact_logging,1,1,0
424404,dropout1000_enforced,1,1,0
424404,dropout1000_logging,1,1,0
424404,intact_enforced,1,1,0
424405,intact_enforced,1,0,0
424405,dropout1000_enforced,1,0,0
424405,intact_logging,1,0,0
424405,dropout1000_logging,1,0,0
424406,intact_logging,0,1,0
424406,dropout1000_enforced,0,1,0
424406,dropout1000_logging,0,1,0
424406,intact_enforced,0,1,0
424407,dropout1000_enforced,0,1,0
424407,intact_enforced,0,1,0
424407,intact_logging,0,1,0
424407,dropout1000_logging,0,1,0
424408,dropout1000_logging,0,0,0
424408,intact_logging,0,0,0
424408,dropout1000_enforced,0,0,0
424408,intact_enforced,0,0,0
424409,dropout1000_logging,0,1,0
424409,dropout1000_enforced,0,1,0
424409,intact_logging,0,1,0
424409,intact_enforced,0,1,0
424410,intact_logging,1,1,0
424410,dropout1000_enforced,1,1,1
424410,dropout1000_logging,1,1,1
424410,intact_enforced,1,1,0
424411,intact_enforced,0,0,0
424411,intact_logging,0,0,0
424411,dropout1000_enforced,0,0,0
424411,dropout1000_logging,0,0,0
424412,dropout1000_logging,0,1,0
424412,intact_logging,0,1,0
424412,intact_enforced,0,1,0
424412,dropout1000_enforced,0,1,0
424413,intact_enforced,1,0,0
424413,dropout1000_logging,1,0,1
424413,intact_logging,1,0,0
424413,dropout1000_enforced,1,0,1
424414,intact_logging,0,0,0
424414,intact_enforced,0,0,0
424414,dropout1000_enforced,0,0,1
424414,dropout1000_logging,0,0,1
424415,intact_logging,1,1,0
424415,dropout1000_logging,1,1,0
424415,intact_enforced,1,1,0
424415,dropout1000_enforced,1,1,0
424416,dropout1000_logging,0,0,0
424416,dropout1000_enforced,0,0,0
424416,intact_logging,0,0,0
424416,intact_enforced,0,0,0
424417,intact_logging,0,1,0
424417,dropout1000_logging,0,1,0
424417,intact_enforced,0,1,0
424417,dropout1000_enforced,0,1,0
424418,dropout1000_enforced,1,1,0
424418,intact_logging,1,1,0
424418,dropout1000_logging,1,1,0
424418,intact_enforced,1,1,0
424419,intact_logging,1,1,0
424419,dropout1000_enforced,1,1,0
424419,intact_enforced,1,1,0
424419,dropout1000_logging,1,1,0
424420,dropout1000_enforced,1,1,0
424420,intact_logging,1,1,0
424420,dropout1000_logging,1,1,0
424420,intact_enforced,1,1,0
424421,intact_enforced,1,1,0
424421,dropout1000_logging,1,1,0
424421,dropout1000_enforced,1,1,0
424421,intact_logging,1,1,0
424422,dropout1000_logging,0,1,0
424422,intact_logging,0,1,0
424422,dropout1000_enforced,0,1,0
424422,intact_enforced,0,1,0
424423,dropout1000_enforced,0,1,0
424423,intact_logging,0,1,0
424423,intact_enforced,0,1,0
424423,dropout1000_logging,0,1,0
424424,dropout1000_enforced,0,0,0
424424,dropout1000_logging,0,0,0
424424,intact_enforced,0,0,0
424424,intact_logging,0,0,0
424425,intact_enforced,1,0,0
424425,dropout1000_logging,1,0,0
424425,intact_logging,1,0,0
424425,dropout1000_enforced,1,0,0
424426,intact_enforced,0,0,0
424426,intact_logging,0,0,0
424426,dropout1000_logging,0,0,0
424426,dropout1000_enforced,0,0,0
424427,dropout1000_enforced,1,1,0
424427,dropout1000_logging,1,1,0
424427,intact_enforced,1,1,0
424427,intact_logging,1,1,0
424428,dropout1000_enforced,0,0,0
424428,intact_enforced,0,0,0
424428,dropout1000_logging,0,0,0
424428,intact_logging,0,0,0
424429,intact_enforced,0,1,0
424429,dropout1000_enforced,0,1,0
424429,dropout1000_logging,0,1,0
424429,intact_logging,0,1,0
424430,dropout1000_enforced,0,1,0
424430,intact_enforced,0,1,0
424430,dropout1000_logging,0,1,0
424430,intact_logging,0,1,0
424431,intact_logging,1,1,0
424431,dropout1000_logging,1,1,0
424431,intact_enforced,1,1,0
424431,dropout1000_enforced,1,1,0
424432,dropout1000_logging,0,0,0
424432,intact_logging,0,0,0
424432,dropout1000_enforced,0,0,0
424432,intact_enforced,0,0,0
424433,intact_enforced,0,0,0
424433,intact_logging,0,0,0
424433,dropout1000_logging,0,0,0
424433,dropout1000_enforced,0,0,0
424434,dropout1000_enforced,1,0,1
424434,intact_logging,1,0,0
424434,dropout1000_logging,1,0,1
424434,intact_enforced,1,0,0
424435,intact_logging,0,0,0
424435,intact_enforced,0,0,0
424435,dropout1000_logging,0,0,0
424435,dropout1000_enforced,0,0,0
424436,dropout1000_logging,1,1,0
424436,intact_logging,1,1,0
424436,dropout1000_enforced,1,1,0
424436,intact_enforced,1,1,0
424437,dropout1000_logging,1,0,0
424437,intact_logging,1,0,0
424437,intact_enforced,1,0,0
424437,dropout1000_enforced,1,0,0
424438,intact_logging,0,0,0
424438,dropout1000_enforced,0,0,0
424438,intact_enforced,0,0,0
424438,dropout1000_logging,0,0,0
424439,dropout1000_enforced,0,1,0
424439,dropout1000_logging,0,1,0
424439,intact_logging,0,1,0
424439,intact_enforced,0,1,0
424440,intact_logging,1,1,0
424440,dropout1000_enforced,1,1,0
424440,dropout1000_logging,1,1,0
424440,intact_enforced,1,1,0
424441,dropout1000_logging,1,1,0
424441,intact_enforced,1,1,0
424441,dropout1000_enforced,1,1,0
424441,intact_logging,1,1,0
424442,dropout1000_enforced,1,0,0
424442,intact_enforced,1,0,0
424442,dropout1000_logging,1,0,0
424442,intact_logging,1,0,0
424443,dropout1000_logging,1,1,0
424443,intact_enforced,1,1,0
424443,intact_logging,1,1,0
424443,dropout1000_enforced,1,1,0
424444,intact_logging,0,1,0
424444,dropout1000_logging,0,1,0
424444,intact_enforced,0,1,0
424444,dropout1000_enforced,0,1,0
424445,intact_enforced,1,1,0
424445,intact_logging,1,1,0
424445,dropout1000_logging,1,1,0
424445,dropout1000_enforced,1,1,0
424446,intact_logging,0,1,0
424446,dropout1000_logging,0,1,0
424446,dropout1000_enforced,0,1,0
424446,intact_enforced,0,1,0
424447,intact_logging,1,0,0
424447,dropout1000_enforced,1,0,0
424447,dropout1000_logging,1,0,0
424447,intact_enforced,1,0,0
424448,dropout1000_logging,1,1,0
424448,intact_logging,1,1,0
424448,dropout1000_enforced,1,1,0
424448,intact_enforced,1,1,0
424449,intact_enforced,0,0,0
424449,dropout1000_logging,0,0,0
424449,intact_logging,0,0,0
424449,dropout1000_enforced,0,0,0
424450,dropout1000_enforced,1,0,1
424450,intact_logging,1,0,0
424450,intact_enforced,1,0,0
424450,dropout1000_logging,1,0,1
424451,intact_logging,1,1,0
424451,intact_enforced,1,1,0
424451,dropout1000_enforced,1,1,0
424451,dropout1000_logging,1,1,0
424452,dropout1000_logging,0,0,1
424452,dropout1000_enforced,0,0,1
424452,intact_enforced,0,0,0
424452,intact_logging,0,0,0
424453,intact_enforced,0,0,0
424453,dropout1000_logging,0,0,0
424453,dropout1000_enforced,0,0,0
424453,intact_logging,0,0,0
424454,dropout1000_logging,1,0,0
424454,intact_enforced,1,0,0
424454,intact_logging,1,0,0
424454,dropout1000_enforced,1,0,0
424455,intact_enforced,1,0,0
424455,dropout1000_logging,1,0,1
424455,intact_logging,1,0,0
424455,dropout1000_enforced,1,0,1
424456,dropout1000_logging,1,1,0
424456,dropout1000_enforced,1,1,0
424456,intact_enforced,1,1,0
424456,intact_logging,1,1,0
424457,intact_enforced,0,1,0
424457,dropout1000_logging,0,1,0
424457,dropout1000_enforced,0,1,0
424457,intact_logging,0,1,0
424458,intact_logging,0,0,0
424458,dropout1000_logging,0,0,0
424458,intact_enforced,0,0,0
424458,dropout1000_enforced,0,0,0
424459,intact_enforced,1,1,0
424459,dropout1000_enforced,1,1,0
424459,intact_logging,1,1,0
424459,dropout1000_logging,1,1,0
424460,intact_enforced,1,1,0
424460,dropout1000_logging,1,1,0
424460,intact_logging,1,1,0
424460,dropout1000_enforced,1,1,0
424461,intact_logging,1,1,0
424461,intact_enforced,1,1,0
424461,dropout1000_enforced,1,1,0
424461,dropout1000_logging,1,1,0
424462,intact_logging,1,0,0
424462,dropout1000_logging,1,0,0
424462,dropout1000_enforced,1,0,0
424462,intact_enforced,1,0,0
424463,intact_logging,1,0,0
424463,intact_enforced,1,0,0
424463,dropout1000_enforced,1,0,0
424463,dropout1000_logging,1,0,0
424464,dropout1000_enforced,1,0,1
424464,dropout1000_logging,1,0,1
424464,intact_enforced,1,0,0
424464,intact_logging,1,0,0
424465,intact_enforced,0,0,0
424465,dropout1000_logging,0,0,0
424465,dropout1000_enforced,0,0,0
424465,intact_logging,0,0,0
424466,intact_logging,1,0,0
424466,dropout1000_enforced,1,0,0
424466,intact_enforced,1,0,0
424466,dropout1000_logging,1,0,0
424467,dropout1000_enforced,1,0,0
424467,intact_enforced,1,0,0
424467,intact_logging,1,0,0
424467,dropout1000_logging,1,0,0
424468,dropout1000_logging,0,0,0
424468,intact_logging,0,0,0
424468,intact_enforced,0,0,0
424468,dropout1000_enforced,0,0,0
424469,intact_enforced,1,0,0
424469,intact_logging,1,0,0
424469,dropout1000_logging,1,0,0
424469,dropout1000_enforced,1,0,0
424470,intact_enforced,0,0,0
424470,intact_logging,0,0,0
424470,dropout1000_enforced,0,0,0
424470,dropout1000_logging,0,0,0
424471,intact_enforced,1,1,0
424471,dropout1000_logging,1,1,1
424471,intact_logging,1,1,0
424471,dropout1000_enforced,1,1,1
424472,intact_logging,1,1,0
424472,dropout1000_logging,1,1,0
424472,intact_enforced,1,1,0
424472,dropout1000_enforced,1,1,0
424473,dropout1000_enforced,1,0,0
424473,intact_logging,1,0,0
424473,intact_enforced,1,0,0
424473,dropout1000_logging,1,0,0
424474,dropout1000_logging,0,0,0
424474,intact_logging,0,0,0
424474,dropout1000_enforced,0,0,0
424474,intact_enforced,0,0,0
424475,intact_logging,0,1,0
424475,dropout1000_logging,0,1,0
424475,intact_enforced,0,1,0
424475,dropout1000_enforced,0,1,0
424476,intact_logging,0,0,0
424476,dropout1000_enforced,0,0,0
424476,intact_enforced,0,0,0
424476,dropout1000_logging,0,0,0
424477,intact_enforced,1,0,0
424477,dropout1000_logging,1,0,1
424477,dropout1000_enforced,1,0,1
424477,intact_logging,1,0,0
424478,dropout1000_logging,1,1,0
424478,dropout1000_enforced,1,1,0
424478,intact_enforced,1,1,0
424478,intact_logging,1,1,0
424479,intact_enforced,1,0,0
424479,dropout1000_enforced,1,0,0
424479,intact_logging,1,0,0
424479,dropout1000_logging,1,0,0
424480,dropout1000_enforced,0,0,0
424480,intact_logging,0,0,0
424480,dropout1000_logging,0,0,0
424480,intact_enforced,0,0,0
424481,intact_logging,1,1,0
424481,dropout1000_enforced,1,1,0
424481,dropout1000_logging,1,1,0
424481,intact_enforced,1,1,0
424482,dropout1000_enforced,0,1,0
424482,dropout1000_logging,0,1,0
424482,intact_enforced,0,1,0
424482,intact_logging,0,1,0
424483,dropout1000_enforced,1,0,1
424483,intact_enforced,1,0,0
424483,intact_logging,1,0,0
424483,dropout1000_logging,1,0,1
424484,dropout1000_logging,0,0,0
424484,intact_enforced,0,0,0
424484,intact_logging,0,0,0
424484,dropout1000_enforced,0,0,0
424485,intact_logging,0,1,0
424485,dropout1000_enforced,0,1,0
424485,dropout1000_logging,0,1,0
424485,intact_enforced,0,1,0
424486,dropout1000_enforced,0,0,0
424486,dropout1000_logging,0,0,0
424486,intact_logging,0,0,0
424486,intact_enforced,0,0,0
424487,intact_logging,0,1,0
424487,dropout1000_logging,0,1,0
424487,intact_enforced,0,1,0
424487,dropout1000_enforced,0,1,0
424488,intact_logging,1,0,0
424488,dropout1000_enforced,1,0,0
424488,dropout1000_logging,1,0,0
424488,intact_enforced,1,0,0
424489,intact_enforced,1,0,0
424489,dropout1000_enforced,1,0,0
424489,intact_logging,1,0,0
424489,dropout1000_logging,1,0,0
424490,intact_logging,0,0,0
424490,dropout1000_logging,0,0,0
424490,intact_enforced,0,0,0
424490,dropout1000_enforced,0,0,0
424491,intact_enforced,0,1,0
424491,dropout1000_logging,0,1,0
424491,intact_logging,0,1,0
424491,dropout1000_enforced,0,1,0
424492,intact_logging,0,1,0
424492,dropout1000_enforced,0,1,0
424492,dropout1000_logging,0,1,0
424492,intact_enforced,0,1,0
424493,dropout1000_enforced,0,0,0
424493,dropout1000_logging,0,0,0
424493,intact_enforced,0,0,0
424493,intact_logging,0,0,0
424494,intact_logging,0,0,0
424494,dropout1000_enforced,0,0,0
424494,dropout1000_logging,0,0,0
424494,intact_enforced,0,0,0
424495,intact_enforced,1,1,0
424495,intact_logging,1,1,0
424495,dropout1000_enforced,1,1,0
424495,dropout1000_logging,1,1,0
424496,dropout1000_logging,1,0,0
424496,intact_logging,1,0,0
424496,dropout1000_enforced,1,0,0
424496,intact_enforced,1,0,0
424497,intact_logging,0,0,0
424497,dropout1000_logging,0,0,0
424497,dropout1000_enforced,0,0,0
424497,intact_enforced,0,0,0
424498,dropout1000_enforced,0,1,0
424498,intact_logging,0,1,0
424498,intact_enforced,0,1,0
424498,dropout1000_logging,0,1,0
424499,intact_logging,0,1,0
424499,intact_enforced,0,1,0
424499,dropout1000_logging,0,1,0
424499,dropout1000_enforced,0,1,0
424500,dropout1000_logging,0,0,0
424500,intact_logging,0,0,0
424500,intact_enforced,0,0,0
424500,dropout1000_enforced,0,0,0
424501,intact_enforced,0,1,0
424501,dropout1000_logging,0,1,0
424501,intact_logging,0,1,0
424501,dropout1000_enforced,0,1,0
424502,dropout1000_enforced,1,1,0
424502,intact_logging,1,1,0
424502,dropout1000_logging,1,1,0
424502,intact_enforced,1,1,0
424503,dropout1000_enforced,0,1,0
424503,intact_logging,0,1,0
424503,intact_enforced,0,1,0
424503,dropout1000_logging,0,1,0
424504,intact_enforced,1,1,0
424504,intact_logging,1,1,0
424504,dropout1000_enforced,1,1,1
424504,dropout1000_logging,1,1,1
424505,dropout1000_logging,1,0,0
424505,intact_logging,1,0,0
424505,intact_enforced,1,0,0
424505,dropout1000_enforced,1,0,0
424506,dropout1000_logging,1,0,0
424506,dropout1000_enforced,1,0,0
424506,intact_enforced,1,0,0
424506,intact_logging,1,0,0
424507,intact_logging,1,1,0
424507,dropout1000_enforced,1,1,0
424507,dropout1000_logging,1,1,0
424507,intact_enforced,1,1,0
424508,intact_logging,1,0,0
424508,dropout1000_logging,1,0,0
424508,intact_enforced,1,0,0
424508,dropout1000_enforced,1,0,0
424509,dropout1000_logging,1,0,0
424509,dropout1000_enforced,1,0,0
424509,intact_enforced,1,0,0
424509,intact_logging,1,0,0
424510,dropout1000_enforced,1,1,0
424510,dropout1000_logging,1,1,0
424510,intact_logging,1,1,0
424510,intact_enforced,1,1,0
424511,intact_logging,0,0,0
424511,dropout1000_logging,0,0,0
424511,dropout1000_enforced,0,0,0
424511,intact_enforced,0,0,0
424512,intact_enforced,0,1,0
424512,dropout1000_logging,0,1,0
424512,intact_logging,0,1,0
424512,dropout1000_enforced,0,1,0
424513,dropout1000_logging,1,1,0
424513,intact_logging,1,1,0
424513,dropout1000_enforced,1,1,0
424513,intact_enforced,1,1,0
424514,dropout1000_enforced,0,0,0
424514,intact_logging,0,0,0
424514,intact_enforced,0,0,0
424514,dropout1000_logging,0,0,0
424515,intact_logging,0,0,0
424515,dropout1000_logging,0,0,0
424515,intact_enforced,0,0,0
424515,dropout1000_enforced,0,0,0
424516,dropout1000_enforced,1,1,0
424516,intact_logging,1,1,0
424516,intact_enforced,1,1,0
424516,dropout1000_logging,1,1,0
424517,dropout1000_logging,0,0,1
424517,intact_enforced,0,0,0
424517,intact_logging,0,0,0
424517,dropout1000_enforced,0,0,1
424518,dropout1000_logging,0,0,0
424518,dropout1000_enforced,0,0,0
424518,intact_logging,0,0,0
424518,intact_enforced,0,0,0
424519,intact_enforced,0,1,0
424519,intact_logging,0,1,0
424519,dropout1000_logging,0,1,0
424519,dropout1000_enforced,0,1,0
424520,intact_logging,1,0,0
424520,intact_enforced,1,0,0
424520,dropout1000_enforced,1,0,1
424520,dropout1000_logging,1,0,1
424521,dropout1000_enforced,1,1,1
424521,intact_enforced,1,1,0
424521,intact_logging,1,1,0
424521,dropout1000_logging,1,1,1
424522,dropout1000_logging,1,1,0
424522,dropout1000_enforced,1,1,0
424522,intact_enforced,1,1,0
424522,intact_logging,1,1,0
424523,intact_enforced,1,1,0
424523,dropout1000_logging,1,1,0
424523,dropout1000_enforced,1,1,0
424523,intact_logging,1,1,0
424524,intact_logging,1,0,0
424524,intact_enforced,1,0,0
424524,dropout1000_enforced,1,0,0
424524,dropout1000_logging,1,0,0
424525,dropout1000_enforced,1,1,0
424525,dropout1000_logging,1,1,0
424525,intact_enforced,1,1,0
424525,intact_logging,1,1,0
424526,intact_logging,0,1,0
424526,intact_enforced,0,1,0
424526,dropout1000_logging,0,1,1
424526,dropout1000_enforced,0,1,1
424527,dropout1000_enforced,1,0,0
424527,dropout1000_logging,1,0,0
424527,intact_logging,1,0,0
424527,intact_enforced,1,0,0
424528,dropout1000_logging,0,1,0
424528,intact_logging,0,1,0
424528,dropout1000_enforced,0,1,0
424528,intact_enforced,0,1,0
424529,intact_enforced,0,0,0
424529,dropout1000_enforced,0,0,0
424529,intact_logging,0,0,0
424529,dropout1000_logging,0,0,0
424530,intact_logging,1,1,0
424530,dropout1000_logging,1,1,0
424530,dropout1000_enforced,1,1,0
424530,intact_enforced,1,1,0
424531,intact_enforced,1,0,0
424531,dropout1000_logging,1,0,0
424531,intact_logging,1,0,0
424531,dropout1000_enforced,1,0,0
424532,intact_logging,1,0,0
424532,dropout1000_logging,1,0,0
424532,dropout1000_enforced,1,0,0
424532,intact_enforced,1,0,0
424533,intact_logging,0,0,0
424533,dropout1000_enforced,0,0,0
424533,dropout1000_logging,0,0,0
424533,intact_enforced,0,0,0
424534,intact_enforced,1,1,0
424534,intact_logging,1,1,0
424534,dropout1000_logging,1,1,0
424534,dropout1000_enforced,1,1,0
424535,dropout1000_logging,0,1,0
424535,dropout1000_enforced,0,1,0
424535,intact_enforced,0,1,0
424535,intact_logging,0,1,0
424536,dropout1000_enforced,1,0,0
424536,intact_logging,1,0,0
424536,dropout1000_logging,1,0,0
424536,intact_enforced,1,0,0
424537,intact_logging,0,0,0
424537,dropout1000_enforced,0,0,0
424537,intact_enforced,0,0,0
424537,dropout1000_logging,0,0,0
424538,dropout1000_enforced,0,1,0
424538,intact_enforced,0,1,0
424538,dropout1000_logging,0,1,0
424538,intact_logging,0,1,0
424539,intact_enforced,0,0,0
424539,dropout1000_logging,0,0,0
424539,intact_logging,0,0,0
424539,dropout1000_enforced,0,0,0
424540,intact_logging,1,1,0
424540,intact_enforced,1,1,0
424540,dropout1000_enforced,1,1,0
424540,dropout1000_logging,1,1,0
424541,dropout1000_enforced,0,0,0
424541,intact_enforced,0,0,0
424541,intact_logging,0,0,0
424541,dropout1000_logging,0,0,0
424542,intact_enforced,0,0,0
424542,dropout1000_logging,0,0,0
424542,dropout1000_enforced,0,0,0
424542,intact_logging,0,0,0
424543,intact_logging,0,1,0
424543,dropout1000_enforced,0,1,1
424543,intact_enforced,0,1,0
424543,dropout1000_logging,0,1,1
424544,dropout1000_enforced,1,0,1
424544,dropout1000_logging,1,0,1
424544,intact_enforced,1,0,0
424544,intact_logging,1,0,0
424545,intact_logging,1,0,0
424545,dropout1000_logging,1,0,0
424545,dropout1000_enforced,1,0,0
424545,intact_enforced,1,0,0
424546,intact_enforced,1,0,0
424546,intact_logging,1,0,0
424546,dropout1000_logging,1,0,0
424546,dropout1000_enforced,1,0,0
424547,intact_enforced,0,0,0
424547,intact_logging,0,0,0
424547,dropout1000_enforced,0,0,0
424547,dropout1000_logging,0,0,0
424548,dropout1000_logging,0,1,0
424548,intact_enforced,0,1,0
424548,intact_logging,0,1,0
424548,dropout1000_enforced,0,1,0
424549,dropout1000_enforced,0,0,0
424549,dropout1000_logging,0,0,0
424549,intact_logging,0,0,0
424549,intact_enforced,0,0,0
424550,dropout1000_logging,1,1,0
424550,intact_enforced,1,1,0
424550,intact_logging,1,1,0
424550,dropout1000_enforced,1,1,0
424551,dropout1000_logging,1,1,0
424551,dropout1000_enforced,1,1,0
424551,intact_logging,1,1,0
424551,intact_enforced,1,1,0
424552,dropout1000_logging,0,0,0
424552,intact_enforced,0,0,0
424552,dropout1000_enforced,0,0,0
424552,intact_logging,0,0,0
424553,dropout1000_logging,0,1,0
424553,intact_logging,0,1,0
424553,intact_enforced,0,1,0
424553,dropout1000_enforced,0,1,0
424554,intact_logging,1,1,0
424554,intact_enforced,1,1,0
424554,dropout1000_enforced,1,1,0
424554,dropout1000_logging,1,1,0
424555,intact_enforced,1,0,0
424555,dropout1000_enforced,1,0,0
424555,dropout1000_logging,1,0,0
424555,intact_logging,1,0,0
424556,intact_logging,0,0,0
424556,intact_enforced,0,0,0
424556,dropout1000_enforced,0,0,1
424556,dropout1000_logging,0,0,1
424557,intact_logging,0,1,0
424557,intact_enforced,0,1,0
424557,dropout1000_enforced,0,1,0
424557,dropout1000_logging,0,1,0
424558,intact_logging,1,1,0
424558,dropout1000_enforced,1,1,0
424558,intact_enforced,1,1,0
424558,dropout1000_logging,1,1,0
424559,intact_logging,1,1,0
424559,dropout1000_logging,1,1,1
424559,intact_enforced,1,1,0
424559,dropout1000_enforced,1,1,1
424560,intact_enforced,0,0,0
424560,dropout1000_logging,0,0,0
424560,intact_logging,0,0,0
424560,dropout1000_enforced,0,0,0
424561,intact_logging,0,0,0
424561,dropout1000_enforced,0,0,0
424561,dropout1000_logging,0,0,0
424561,intact_enforced,0,0,0
424562,dropout1000_logging,1,0,0
424562,dropout1000_enforced,1,0,0
424562,intact_enforced,1,0,0
424562,intact_logging,1,0,0
424563,intact_enforced,1,0,0
424563,dropout1000_logging,1,0,0
424563,dropout1000_enforced,1,0,0
424563,intact_logging,1,0,0
424564,intact_logging,0,1,0
424564,intact_enforced,0,1,0
424564,dropout1000_logging,0,1,0
424564,dropout1000_enforced,0,1,0
424565,dropout1000_enforced,0,0,0
424565,intact_logging,0,0,0
424565,dropout1000_logging,0,0,0
424565,intact_enforced,0,0,0
424566,dropout1000_logging,0,1,0
424566,intact_logging,0,1,0
424566,intact_enforced,0,1,0
424566,dropout1000_enforced,0,1,0
424567,dropout1000_enforced,1,1,0
424567,intact_enforced,1,1,0
424567,intact_logging,1,1,0
424567,dropout1000_logging,1,1,0
424568,dropout1000_logging,1,1,0
424568,dropout1000_enforced,1,1,0
424568,intact_logging,1,1,0
424568,intact_enforced,1,1,0
424569,intact_logging,0,0,0
424569,dropout1000_enforced,0,0,0
424569,intact_enforced,0,0,0
424569,dropout1000_logging,0,0,0
424570,dropout1000_logging,1,1,0
424570,intact_logging,1,1,0
424570,intact_enforced,1,1,0
424570,dropout1000_enforced,1,1,0
424571,intact_enforced,1,0,0
424571,intact_logging,1,0,0
424571,dropout1000_enforced,1,0,0
424571,dropout1000_logging,1,0,0
424572,intact_enforced,1,1,0
424572,dropout1000_logging,1,1,0
424572,intact_logging,1,1,0
424572,dropout1000_enforced,1,1,0
424573,dropout1000_enforced,1,0,1
424573,intact_enforced,1,0,0
424573,intact_logging,1,0,0
424573,dropout1000_logging,1,0,1
424574,dropout1000_logging,1,1,0
424574,dropout1000_enforced,1,1,0
424574,intact_logging,1,1,0
424574,intact_enforced,1,1,0
424575,intact_enforced,1,0,0
424575,dropout1000_logging,1,0,1
424575,intact_logging,1,0,0
424575,dropout1000_enforced,1,0,1
424576,intact_enforced,1,1,0
424576,dropout1000_enforced,1,1,0
424576,dropout1000_logging,1,1,0
424576,intact_logging,1,1,0
424577,intact_enforced,0,1,0
424577,dropout1000_logging,0,1,0
424577,intact_logging,0,1,0
424577,dropout1000_enforced,0,1,0
424578,dropout1000_enforced,1,0,0
424578,intact_enforced,1,0,0
424578,intact_logging,1,0,0
424578,dropout1000_logging,1,0,0
424579,intact_logging,0,1,0
424579,dropout1000_logging,0,1,0
424579,intact_enforced,0,1,0
424579,dropout1000_enforced,0,1,0
424580,intact_enforced,0,1,0
424580,dropout1000_enforced,0,1,0
424580,intact_logging,0,1,0
424580,dropout1000_logging,0,1,0
424581,dropout1000_enforced,0,0,0
424581,intact_enforced,0,0,0
424581,dropout1000_logging,0,0,0
424581,intact_logging,0,0,0
424582,intact_enforced,0,1,0
424582,dropout1000_logging,0,1,0
424582,dropout1000_enforced,0,1,0
424582,intact_logging,0,1,0
424583,dropout1000_logging,0,1,0
424583,intact_enforced,0,1,0
424583,intact_logging,0,1,0
424583,dropout1000_enforced,0,1,0
424584,intact_enforced,1,1,0
424584,intact_logging,1,1,0
424584,dropout1000_enforced,1,1,0
424584,dropout1000_logging,1,1,0
424585,intact_enforced,1,1,0
424585,dropout1000_logging,1,1,0
424585,dropout1000_enforced,1,1,0
424585,intact_logging,1,1,0
424586,intact_logging,0,0,0
424586,dropout1000_logging,0,0,0
424586,intact_enforced,0,0,0
424586,dropout1000_enforced,0,0,0
424587,intact_enforced,0,0,0
424587,intact_logging,0,0,0
424587,dropout1000_enforced,0,0,0
424587,dropout1000_logging,0,0,0
424588,dropout1000_logging,1,0,0
424588,dropout1000_enforced,1,0,0
424588,intact_logging,1,0,0
424588,intact_enforced,1,0,0
424589,intact_logging,1,0,0
424589,dropout1000_enforced,1,0,0
424589,intact_enforced,1,0,0
424589,dropout1000_logging,1,0,0
424590,intact_logging,0,1,0
424590,intact_enforced,0,1,0
424590,dropout1000_logging,0,1,0
424590,dropout1000_enforced,0,1,0
424591,dropout1000_logging,1,1,0
424591,dropout1000_enforced,1,1,0
424591,intact_logging,1,1,0
424591,intact_enforced,1,1,0
424592,dropout1000_enforced,1,0,0
424592,intact_enforced,1,0,0
424592,dropout1000_logging,1,0,0
424592,intact_logging,1,0,0
424593,intact_enforced,0,1,0
424593,intact_logging,0,1,0
424593,dropout1000_logging,0,1,0
424593,dropout1000_enforced,0,1,0
424594,dropout1000_enforced,0,0,1
424594,intact_logging,0,0,0
424594,intact_enforced,0,0,0
424594,dropout1000_logging,0,0,1
424595,dropout1000_logging,0,1,1
424595,dropout1000_enforced,0,1,1
424595,intact_logging,0,1,0
424595,intact_enforced,0,1,0
424596,intact_logging,1,1,0
424596,dropout1000_logging,1,1,1
424596,dropout1000_enforced,1,1,1
424596,intact_enforced,1,1,0
424597,intact_logging,1,1,0
424597,dropout1000_enforced,1,1,0
424597,intact_enforced,1,1,0
424597,dropout1000_logging,1,1,0
424598,dropout1000_logging,0,0,1
424598,dropout1000_enforced,0,0,1
424598,intact_logging,0,0,0
424598,intact_enforced,0,0,0
424599,intact_logging,0,1,0
424599,dropout1000_logging,0,1,0
424599,intact_enforced,0,1,0
424599,dropout1000_enforced,0,1,0
424600,intact_enforced,1,0,0
424600,dropout1000_enforced,1,0,0
424600,intact_logging,1,0,0
424600,dropout1000_logging,1,0,0
424601,intact_logging,0,0,0
424601,dropout1000_logging,0,0,0
424601,intact_enforced,0,0,0
424601,dropout1000_enforced,0,0,0
424602,dropout1000_logging,0,0,0
424602,intact_logging,0,0,0
424602,dropout1000_enforced,0,0,0
424602,intact_enforced,0,0,0
424603,intact_logging,0,0,0
424603,dropout1000_logging,0,0,1
424603,intact_enforced,0,0,0
424603,dropout1000_enforced,0,0,1
424604,intact_logging,1,1,0
424604,dropout1000_enforced,1,1,0
424604,dropout1000_logging,1,1,0
424604,intact_enforced,1,1,0
424605,dropout1000_enforced,1,0,0
424605,intact_logging,1,0,0
424605,intact_enforced,1,0,0
424605,dropout1000_logging,1,0,0
424606,dropout1000_logging,0,0,0
424606,intact_logging,0,0,0
424606,dropout1000_enforced,0,0,0
424606,intact_enforced,0,0,0
424607,intact_enforced,1,0,0
424607,intact_logging,1,0,0
424607,dropout1000_enforced,1,0,0
424607,dropout1000_logging,1,0,0
424608,dropout1000_logging,0,0,0
424608,intact_enforced,0,0,0
424608,dropout1000_enforced,0,0,0
424608,intact_logging,0,0,0
424609,dropout1000_logging,0,0,0
424609,intact_logging,0,0,0
424609,intact_enforced,0,0,0
424609,dropout1000_enforced,0,0,0
424610,dropout1000_enforced,1,1,1
424610,intact_enforced,1,1,0
424610,intact_logging,1,1,0
424610,dropout1000_logging,1,1,1
424611,dropout1000_enforced,1,1,0
424611,intact_enforced,1,1,0
424611,dropout1000_logging,1,1,0
424611,intact_logging,1,1,0
424612,intact_logging,1,0,0
424612,dropout1000_enforced,1,0,1
424612,dropout1000_logging,1,0,1
424612,intact_enforced,1,0,0
424613,intact_enforced,1,0,0
424613,dropout1000_enforced,1,0,1
424613,dropout1000_logging,1,0,1
424613,intact_logging,1,0,0
424614,dropout1000_logging,0,1,1
424614,dropout1000_enforced,0,1,1
424614,intact_enforced,0,1,0
424614,intact_logging,0,1,0
424615,dropout1000_logging,1,1,0
424615,dropout1000_enforced,1,1,0
424615,intact_logging,1,1,0
424615,intact_enforced,1,1,0
424616,intact_enforced,1,1,0
424616,intact_logging,1,1,0
424616,dropout1000_enforced,1,1,0
424616,dropout1000_logging,1,1,0
424617,intact_enforced,0,1,0
424617,dropout1000_enforced,0,1,1
424617,dropout1000_logging,0,1,1
424617,intact_logging,0,1,0
424618,dropout1000_enforced,1,0,0
424618,intact_enforced,1,0,0
424618,intact_logging,1,0,0
424618,dropout1000_logging,1,0,0
424619,dropout1000_enforced,0,0,1
424619,dropout1000_logging,0,0,1
424619,intact_logging,0,0,0
424619,intact_enforced,0,0,0
424620,intact_enforced,0,1,0
424620,dropout1000_enforced,0,1,0
424620,intact_logging,0,1,0
424620,dropout1000_logging,0,1,0
424621,dropout1000_enforced,0,0,0
424621,intact_enforced,0,0,0
424621,intact_logging,0,0,0
424621,dropout1000_logging,0,0,0
424622,intact_enforced,1,1,0
424622,intact_logging,1,1,0
424622,dropout1000_enforced,1,1,0
424622,dropout1000_logging,1,1,0
424623,dropout1000_logging,1,0,0
424623,intact_enforced,1,0,0
424623,dropout1000_enforced,1,0,0
424623,intact_logging,1,0,0
424624,intact_enforced,1,1,0
424624,dropout1000_logging,1,1,0
424624,intact_logging,1,1,0
424624,dropout1000_enforced,1,1,0
424625,intact_logging,1,0,0
424625,dropout1000_enforced,1,0,0
424625,dropout1000_logging,1,0,0
424625,intact_enforced,1,0,0
424626,dropout1000_enforced,0,1,0
424626,dropout1000_logging,0,1,0
424626,intact_logging,0,1,0
424626,intact_enforced,0,1,0
424627,intact_enforced,0,0,0
424627,intact_logging,0,0,0
424627,dropout1000_enforced,0,0,0
424627,dropout1000_logging,0,0,0
424628,dropout1000_logging,0,1,0
424628,intact_enforced,0,1,0
424628,intact_logging,0,1,0
424628,dropout1000_enforced,0,1,0
424629,intact_logging,0,0,0
424629,dropout1000_enforced,0,0,0
424629,intact_enforced,0,0,0
424629,dropout1000_logging,0,0,0
424630,intact_enforced,0,0,0
424630,dropout1000_logging,0,0,1
424630,dropout1000_enforced,0,0,1
424630,intact_logging,0,0,0
424631,dropout1000_logging,0,1,0
424631,intact_enforced,0,1,0
424631,dropout1000_enforced,0,1,0
424631,intact_logging,0,1,0
424632,intact_logging,0,0,0
424632,dropout1000_logging,0,0,0
424632,intact_enforced,0,0,0
424632,dropout1000_enforced,0,0,0
424633,dropout1000_logging,1,0,0
424633,intact_enforced,1,0,0
424633,dropout1000_enforced,1,0,0
424633,intact_logging,1,0,0
424634,dropout1000_logging,0,0,0
424634,dropout1000_enforced,0,0,0
424634,intact_enforced,0,0,0
424634,intact_logging,0,0,0
424635,dropout1000_logging,0,1,0
424635,intact_enforced,0,1,0
424635,dropout1000_enforced,0,1,0
424635,intact_logging,0,1,0
424636,intact_logging,0,1,0
424636,dropout1000_logging,0,1,0
424636,intact_enforced,0,1,0
424636,dropout1000_enforced,0,1,0
424637,dropout1000_enforced,0,0,0
424637,intact_enforced,0,0,0
424637,dropout1000_logging,0,0,0
424637,intact_logging,0,0,0
424638,dropout1000_enforced,0,0,0
424638,intact_enforced,0,0,0
424638,intact_logging,0,0,0
424638,dropout1000_logging,0,0,0
424639,dropout1000_enforced,0,0,0
424639,dropout1000_logging,0,0,0
424639,intact_enforced,0,0,0
424639,intact_logging,0,0,0
424640,intact_enforced,1,0,0
424640,intact_logging,1,0,0
424640,dropout1000_logging,1,0,0
424640,dropout1000_enforced,1,0,0
424641,intact_enforced,0,0,0
424641,intact_logging,0,0,0
424641,dropout1000_enforced,0,0,1
424641,dropout1000_logging,0,0,1
424642,dropout1000_logging,1,1,0
424642,intact_logging,1,1,0
424642,intact_enforced,1,1,0
424642,dropout1000_enforced,1,1,0
424643,intact_enforced,1,0,0
424643,intact_logging,1,0,0
424643,dropout1000_logging,1,0,0
424643,dropout1000_enforced,1,0,0
424644,intact_enforced,0,1,0
424644,dropout1000_logging,0,1,0
424644,dropout1000_enforced,0,1,0
424644,intact_logging,0,1,0
424645,intact_logging,0,0,0
424645,dropout1000_enforced,0,0,0
424645,dropout1000_logging,0,0,0
424645,intact_enforced,0,0,0
424646,intact_enforced,0,1,0
424646,dropout1000_enforced,0,1,0
424646,dropout1000_logging,0,1,0
424646,intact_logging,0,1,0
424647,dropout1000_enforced,0,1,0
424647,intact_enforced,0,1,0
424647,intact_logging,0,1,0
424647,dropout1000_logging,0,1,0
424648,dropout1000_logging,1,0,0
424648,intact_enforced,1,0,0
424648,dropout1000_enforced,1,0,0
424648,intact_logging,1,0,0
424649,intact_logging,1,1,0
424649,intact_enforced,1,1,0
424649,dropout1000_logging,1,1,1
424649,dropout1000_enforced,1,1,1
424650,dropout1000_logging,1,1,0
424650,dropout1000_enforced,1,1,0
424650,intact_logging,1,1,0
424650,intact_enforced,1,1,0
424651,intact_enforced,0,0,0
424651,intact_logging,0,0,0
424651,dropout1000_logging,0,0,0
424651,dropout1000_enforced,0,0,0
424652,intact_enforced,0,1,0
424652,dropout1000_logging,0,1,1
424652,dropout1000_enforced,0,1,1
424652,intact_logging,0,1,0
424653,dropout1000_enforced,0,0,0
424653,intact_logging,0,0,0
424653,dropout1000_logging,0,0,0
424653,intact_enforced,0,0,0
424654,intact_enforced,1,0,0
424654,dropout1000_logging,1,0,0
424654,intact_logging,1,0,0
424654,dropout1000_enforced,1,0,0
424655,dropout1000_logging,1,0,0
424655,intact_enforced,1,0,0
424655,intact_logging,1,0,0
424655,dropout1000_enforced,1,0,0
424656,dropout1000_enforced,0,1,0
424656,intact_enforced,0,1,0
424656,intact_logging,0,1,0
424656,dropout1000_logging,0,1,0
424657,intact_logging,1,0,0
424657,dropout1000_logging,1,0,0
424657,dropout1000_enforced,1,0,0
424657,intact_enforced,1,0,0
424658,intact_enforced,0,0,0
424658,dropout1000_enforced,0,0,1
424658,intact_logging,0,0,0
424658,dropout1000_logging,0,0,1
424659,dropout1000_enforced,0,1,0
424659,intact_enforced,0,1,0
424659,intact_logging,0,1,0
424659,dropout1000_logging,0,1,0
424660,dropout1000_enforced,0,0,1
424660,dropout1000_logging,0,0,1
424660,intact_enforced,0,0,0
424660,intact_logging,0,0,0
424661,dropout1000_enforced,0,1,0
424661,intact_enforced,0,1,0
424661,intact_logging,0,1,0
424661,dropout1000_logging,0,1,0
424662,intact_logging,1,1,0
424662,intact_enforced,1,1,0
424662,dropout1000_logging,1,1,0
424662,dropout1000_enforced,1,1,0
424663,intact_enforced,0,0,0
424663,dropout1000_logging,0,0,0
424663,dropout1000_enforced,0,0,0
424663,intact_logging,0,0,0
424664,dropout1000_logging,0,0,1
424664,intact_logging,0,0,0
424664,dropout1000_enforced,0,0,1
424664,intact_enforced,0,0,0
424665,dropout1000_enforced,0,1,1
424665,intact_enforced,0,1,0
424665,dropout1000_logging,0,1,1
424665,intact_logging,0,1,0
424666,dropout1000_logging,1,0,1
424666,intact_enforced,1,0,0
424666,dropout1000_enforced,1,0,1
424666,intact_logging,1,0,0
424667,dropout1000_enforced,0,1,0
424667,intact_enforced,0,1,0
424667,dropout1000_logging,0,1,0
424667,intact_logging,0,1,0
424668,intact_logging,1,0,0
424668,dropout1000_enforced,1,0,0
424668,dropout1000_logging,1,0,0
424668,intact_enforced,1,0,0
424669,dropout1000_logging,1,1,0
424669,intact_logging,1,1,0
424669,intact_enforced,1,1,0
424669,dropout1000_enforced,1,1,0
424670,dropout1000_logging,1,1,0
424670,intact_logging,1,1,0
424670,dropout1000_enforced,1,1,0
424670,intact_enforced,1,1,0
424671,dropout1000_enforced,1,1,0
424671,intact_logging,1,1,0
424671,intact_enforced,1,1,0
424671,dropout1000_logging,1,1,0
424672,intact_enforced,1,0,0
424672,intact_logging,1,0,0
424672,dropout1000_logging,1,0,0
424672,dropout1000_enforced,1,0,0
424673,dropout1000_logging,1,1,0
424673,intact_logging,1,1,0
424673,dropout1000_enforced,1,1,0
424673,intact_enforced,1,1,0
424674,intact_logging,1,0,0
424674,dropout1000_enforced,1,0,0
424674,intact_enforced,1,0,0
424674,dropout1000_logging,1,0,0
424675,dropout1000_logging,0,0,0
424675,intact_enforced,0,0,0
424675,intact_logging,0,0,0
424675,dropout1000_enforced,0,0,0
424676,intact_logging,0,0,0
424676,dropout1000_enforced,0,0,0
424676,dropout1000_logging,0,0,0
424676,intact_enforced,0,0,0
424677,dropout1000_logging,0,0,0
424677,intact_logging,0,0,0
424677,dropout1000_enforced,0,0,0
424677,intact_enforced,0,0,0
424678,intact_enforced,0,0,0
424678,dropout1000_logging,0,0,0
424678,intact_logging,0,0,0
424678,dropout1000_enforced,0,0,0
424679,intact_enforced,0,1,0
424679,dropout1000_enforced,0,1,0
424679,dropout1000_logging,0,1,0
424679,intact_logging,0,1,0
424680,intact_logging,1,1,0
424680,intact_enforced,1,1,0
424680,dropout1000_logging,1,1,1
424680,dropout1000_enforced,1,1,1
424681,dropout1000_enforced,1,0,0
424681,dropout1000_logging,1,0,0
424681,intact_enforced,1,0,0
424681,intact_logging,1,0,0
424682,intact_logging,0,1,0
424682,dropout1000_logging,0,1,0
424682,dropout1000_enforced,0,1,0
424682,intact_enforced,0,1,0
424683,intact_enforced,0,1,0
424683,dropout1000_logging,0,1,0
424683,intact_logging,0,1,0
424683,dropout1000_enforced,0,1,0
424684,dropout1000_enforced,1,1,0
424684,dropout1000_logging,1,1,0
424684,intact_logging,1,1,0
424684,intact_enforced,1,1,0
424685,dropout1000_logging,1,1,0
424685,dropout1000_enforced,1,1,0
424685,intact_enforced,1,1,0
424685,intact_logging,1,1,0
424686,intact_enforced,0,1,0
424686,dropout1000_enforced,0,1,0
424686,intact_logging,0,1,0
424686,dropout1000_logging,0,1,0
424687,dropout1000_enforced,0,0,0
424687,dropout1000_logging,0,0,0
424687,intact_logging,0,0,0
424687,intact_enforced,0,0,0
424688,dropout1000_enforced,1,0,0
424688,dropout1000_logging,1,0,0
424688,intact_logging,1,0,0
424688,intact_enforced,1,0,0
424689,dropout1000_logging,0,0,0
424689,intact_enforced,0,0,0
424689,intact_logging,0,0,0
424689,dropout1000_enforced,0,0,0
424690,dropout1000_logging,1,1,0
424690,dropout1000_enforced,1,1,0
424690,intact_logging,1,1,0
424690,intact_enforced,1,1,0
424691,dropout1000_enforced,1,1,0
424691,intact_logging,1,1,0
424691,dropout1000_logging,1,1,0
424691,intact_enforced,1,1,0
424692,intact_enforced,0,1,0
424692,dropout1000_enforced,0,1,0
424692,dropout1000_logging,0,1,0
424692,intact_logging,0,1,0
424693,intact_enforced,1,0,0
424693,intact_logging,1,0,0
424693,dropout1000_enforced,1,0,0
424693,dropout1000_logging,1,0,0
424694,dropout1000_enforced,1,1,0
424694,intact_enforced,1,1,0
424694,dropout1000_logging,1,1,0
424694,intact_logging,1,1,0
424695,intact_logging,1,0,0
424695,intact_enforced,1,0,0
424695,dropout1000_logging,1,0,0
424695,dropout1000_enforced,1,0,0
424696,dropout1000_logging,1,1,0
424696,intact_enforced,1,1,0
424696,dropout1000_enforced,1,1,0
424696,intact_logging,1,1,0
424697,intact_enforced,0,0,0
424697,dropout1000_logging,0,0,0
424697,dropout1000_enforced,0,0,0
424697,intact_logging,0,0,0
424698,dropout1000_enforced,1,0,1
424698,intact_enforced,1,0,0
424698,dropout1000_logging,1,0,1
424698,intact_logging,1,0,0
424699,intact_enforced,1,1,0
424699,dropout1000_logging,1,1,1
424699,dropout1000_enforced,1,1,1
424699,intact_logging,1,1,0
424700,intact_enforced,1,1,0
424700,intact_logging,1,1,0
424700,dropout1000_logging,1,1,0
424700,dropout1000_enforced,1,1,0
424701,dropout1000_logging,1,1,0
424701,dropout1000_enforced,1,1,0
424701,intact_enforced,1,1,0
424701,intact_logging,1,1,0
424702,dropout1000_enforced,1,1,0
424702,intact_logging,1,1,0
424702,intact_enforced,1,1,0
424702,dropout1000_logging,1,1,0
424703,dropout1000_enforced,0,1,0
424703,intact_enforced,0,1,0
424703,dropout1000_logging,0,1,0
424703,intact_logging,0,1,0
424704,intact_logging,1,1,0
424704,dropout1000_logging,1,1,0
424704,intact_enforced,1,1,0
424704,dropout1000_enforced,1,1,0
424705,dropout1000_enforced,0,1,0
424705,intact_logging,0,1,0
424705,intact_enforced,0,1,0
424705,dropout1000_logging,0,1,0
424706,intact_logging,1,0,0
424706,dropout1000_logging,1,0,0
424706,intact_enforced,1,0,0
424706,dropout1000_enforced,1,0,0
424707,dropout1000_enforced,1,0,1
424707,intact_logging,1,0,0
424707,intact_enforced,1,0,0
424707,dropout1000_logging,1,0,1
424708,dropout1000_logging,0,1,0
424708,intact_logging,0,1,0
424708,intact_enforced,0,1,0
424708,dropout1000_enforced,0,1,0
424709,intact_enforced,1,0,0
424709,intact_logging,1,0,0
424709,dropout1000_logging,1,0,0
424709,dropout1000_enforced,1,0,0
424710,intact_logging,1,0,0
424710,dropout1000_enforced,1,0,0
424710,intact_enforced,1,0,0
424710,dropout1000_logging,1,0,0
424711,dropout1000_enforced,0,1,0
424711,intact_logging,0,1,0
424711,dropout1000_logging,0,1,0
424711,intact_enforced,0,1,0
424712,intact_logging,1,0,0
424712,dropout1000_enforced,1,0,0
424712,dropout1000_logging,1,0,0
424712,intact_enforced,1,0,0
424713,dropout1000_logging,1,1,0
424713,intact_logging,1,1,0
424713,intact_enforced,1,1,0
424713,dropout1000_enforced,1,1,0
424714,intact_logging,0,1,0
424714,dropout1000_logging,0,1,0
424714,dropout1000_enforced,0,1,0
424714,intact_enforced,0,1,0
424715,intact_enforced,0,1,0
424715,dropout1000_logging,0,1,0
424715,dropout1000_enforced,0,1,0
424715,intact_logging,0,1,0
424716,intact_enforced,1,1,0
424716,dropout1000_enforced,1,1,0
424716,dropout1000_logging,1,1,0
424716,intact_logging,1,1,0
424717,intact_enforced,1,1,0
424717,dropout1000_enforced,1,1,0
424717,dropout1000_logging,1,1,0
424717,intact_logging,1,1,0
424718,dropout1000_enforced,1,1,0
424718,intact_enforced,1,1,0
424718,dropout1000_logging,1,1,0
424718,intact_logging,1,1,0
424719,dropout1000_enforced,1,1,0
424719,intact_enforced,1,1,0
424719,intact_logging,1,1,0
424719,dropout1000_logging,1,1,0
424720,dropout1000_enforced,0,0,0
424720,intact_enforced,0,0,0
424720,dropout1000_logging,0,0,0
424720,intact_logging,0,0,0
424721,intact_logging,1,0,0
424721,dropout1000_enforced,1,0,0
424721,dropout1000_logging,1,0,0
424721,intact_enforced,1,0,0
424722,dropout1000_logging,1,1,0
424722,intact_logging,1,1,0
424722,intact_enforced,1,1,0
424722,dropout1000_enforced,1,1,0
424723,dropout1000_logging,0,0,1
424723,dropout1000_enforced,0,0,1
424723,intact_logging,0,0,0
424723,intact_enforced,0,0,0
424724,dropout1000_enforced,1,1,0
424724,intact_logging,1,1,0
424724,intact_enforced,1,1,0
424724,dropout1000_logging,1,1,0
424725,intact_logging,0,0,0
424725,intact_enforced,0,0,0
424725,dropout1000_logging,0,0,1
424725,dropout1000_enforced,0,0,1
424726,dropout1000_logging,1,1,0
424726,intact_logging,1,1,0
424726,dropout1000_enforced,1,1,0
424726,intact_enforced,1,1,0
424727,intact_logging,1,1,0
424727,dropout1000_logging,1,1,0
424727,dropout1000_enforced,1,1,0
424727,intact_enforced,1,1,0
424728,intact_enforced,0,0,0
424728,dropout1000_logging,0,0,0
424728,dropout1000_enforced,0,0,0
424728,intact_logging,0,0,0
424729,intact_logging,1,1,0
424729,intact_enforced,1,1,0
424729,dropout1000_logging,1,1,0
424729,dropout1000_enforced,1,1,0
424730,intact_enforced,1,0,0
424730,intact_logging,1,0,0
424730,dropout1000_enforced,1,0,1
424730,dropout1000_logging,1,0,1
424731,intact_enforced,1,0,0
424731,dropout1000_enforced,1,0,0
424731,dropout1000_logging,1,0,0
424731,intact_logging,1,0,0
424732,dropout1000_enforced,0,0,0
424732,intact_enforced,0,0,0
424732,intact_logging,0,0,0
424732,dropout1000_logging,0,0,0
424733,intact_logging,0,1,0
424733,dropout1000_logging,0,1,0
424733,dropout1000_enforced,0,1,0
424733,intact_enforced,0,1,0
424734,intact_logging,1,0,0
424734,dropout1000_enforced,1,0,0
424734,intact_enforced,1,0,0
424734,dropout1000_logging,1,0,0
424735,intact_logging,1,0,0
424735,dropout1000_logging,1,0,0
424735,intact_enforced,1,0,0
424735,dropout1000_enforced,1,0,0
424736,dropout1000_enforced,0,1,0
424736,intact_logging,0,1,0
424736,intact_enforced,0,1,0
424736,dropout1000_logging,0,1,0
424737,dropout1000_enforced,1,1,0
424737,intact_logging,1,1,0
424737,intact_enforced,1,1,0
424737,dropout1000_logging,1,1,0
424738,dropout1000_logging,0,0,0
424738,intact_logging,0,0,0
424738,intact_enforced,0,0,0
424738,dropout1000_enforced,0,0,0
424739,dropout1000_logging,0,1,0
424739,dropout1000_enforced,0,1,0
424739,intact_logging,0,1,0
424739,intact_enforced,0,1,0
424740,intact_logging,0,0,0
424740,dropout1000_logging,0,0,0
424740,intact_enforced,0,0,0
424740,dropout1000_enforced,0,0,0
424741,intact_enforced,1,1,0
424741,dropout1000_logging,1,1,0
424741,intact_logging,1,1,0
424741,dropout1000_enforced,1,1,0
424742,intact_logging,1,0,0
424742,dropout1000_logging,1,0,0
424742,intact_enforced,1,0,0
424742,dropout1000_enforced,1,0,0
424743,dropout1000_enforced,0,1,1
424743,dropout1000_logging,0,1,1
424743,intact_logging,0,1,0
424743,intact_enforced,0,1,0
424744,dropout1000_enforced,0,0,0
424744,dropout1000_logging,0,0,0
424744,intact_enforced,0,0,0
424744,intact_logging,0,0,0
424745,intact_logging,0,1,0
424745,dropout1000_enforced,0,1,0
424745,intact_enforced,0,1,0
424745,dropout1000_logging,0,1,0
424746,dropout1000_logging,0,1,0
424746,dropout1000_enforced,0,1,0
424746,intact_enforced,0,1,0
424746,intact_logging,0,1,0
424747,intact_logging,1,0,0
424747,dropout1000_enforced,1,0,0
424747,dropout1000_logging,1,0,0
424747,intact_enforced,1,0,0
424748,intact_logging,1,0,0
424748,dropout1000_enforced,1,0,0
424748,dropout1000_logging,1,0,0
424748,intact_enforced,1,0,0
424749,dropout1000_logging,1,1,0
424749,intact_enforced,1,1,0
424749,dropout1000_enforced,1,1,0
424749,intact_logging,1,1,0
424750,intact_logging,0,1,0
424750,dropout1000_logging,0,1,0
424750,dropout1000_enforced,0,1,0
424750,intact_enforced,0,1,0
424751,intact_logging,0,0,0
424751,intact_enforced,0,0,0
424751,dropout1000_enforced,0,0,0
424751,dropout1000_logging,0,0,0
424752,dropout1000_logging,0,0,0
424752,intact_logging,0,0,0
424752,dropout1000_enforced,0,0,0
424752,intact_enforced,0,0,0
424753,intact_logging,1,0,0
424753,dropout1000_enforced,1,0,0
424753,intact_enforced,1,0,0
424753,dropout1000_logging,1,0,0
424754,dropout1000_enforced,0,1,0
424754,dropout1000_logging,0,1,0
424754,intact_enforced,0,1,0
424754,intact_logging,0,1,0
424755,dropout1000_enforced,1,0,0
424755,intact_enforced,1,0,0
424755,dropout1000_logging,1,0,0
424755,intact_logging,1,0,0
424756,dropout1000_enforced,1,0,0
424756,intact_enforced,1,0,0
424756,dropout1000_logging,1,0,0
424756,intact_logging,1,0,0
424757,dropout1000_logging,0,1,0
424757,intact_logging,0,1,0
424757,intact_enforced,0,1,0
424757,dropout1000_enforced,0,1,0
424758,intact_logging,0,1,0
424758,dropout1000_enforced,0,1,0
424758,intact_enforced,0,1,0
424758,dropout1000_logging,0,1,0
424759,intact_logging,0,1,0
424759,intact_enforced,0,1,0
424759,dropout1000_logging,0,1,0
424759,dropout1000_enforced,0,1,0
424760,intact_logging,1,1,0
424760,dropout1000_enforced,1,1,0
424760,dropout1000_logging,1,1,0
424760,intact_enforced,1,1,0
424761,intact_enforced,0,1,0
424761,intact_logging,0,1,0
424761,dropout1000_logging,0,1,0
424761,dropout1000_enforced,0,1,0
424762,dropout1000_logging,0,0,0
424762,dropout1000_enforced,0,0,0
424762,intact_logging,0,0,0
424762,intact_enforced,0,0,0
424763,intact_logging,1,0,0
424763,dropout1000_logging,1,0,0
424763,intact_enforced,1,0,0
424763,dropout1000_enforced,1,0,0
424764,dropout1000_enforced,0,0,1
424764,intact_enforced,0,0,0
424764,intact_logging,0,0,0
424764,dropout1000_logging,0,0,1
424765,intact_enforced,0,0,0
424765,intact_logging,0,0,0
424765,dropout1000_logging,0,0,1
424765,dropout1000_enforced,0,0,1
424766,dropout1000_enforced,0,0,0
424766,intact_logging,0,0,0
424766,intact_enforced,0,0,0
424766,dropout1000_logging,0,0,0
424767,dropout1000_enforced,1,1,0
424767,dropout1000_logging,1,1,0
424767,intact_enforced,1,1,0
424767,intact_logging,1,1,0
424768,dropout1000_logging,0,1,0
424768,dropout1000_enforced,0,1,0
424768,intact_logging,0,1,0
424768,intact_enforced,0,1,0
424769,dropout1000_enforced,1,0,0
424769,intact_enforced,1,0,0
424769,dropout1000_logging,1,0,0
424769,intact_logging,1,0,0
424770,dropout1000_logging,0,1,0
424770,dropout1000_enforced,0,1,0
424770,intact_logging,0,1,0
424770,intact_enforced,0,1,0
424771,intact_enforced,0,0,0
424771,dropout1000_logging,0,0,0
424771,intact_logging,0,0,0
424771,dropout1000_enforced,0,0,0
424772,intact_logging,1,1,0
424772,dropout1000_logging,1,1,0
424772,intact_enforced,1,1,0
424772,dropout1000_enforced,1,1,0
424773,dropout1000_enforced,1,0,0
424773,dropout1000_logging,1,0,0
424773,intact_logging,1,0,0
424773,intact_enforced,1,0,0
424774,intact_logging,0,1,0
424774,dropout1000_logging,0,1,0
424774,dropout1000_enforced,0,1,0
424774,intact_enforced,0,1,0
424775,dropout1000_logging,1,1,0
424775,intact_logging,1,1,0
424775,intact_enforced,1,1,0
424775,dropout1000_enforced,1,1,0
424776,dropout1000_logging,1,1,0
424776,intact_enforced,1,1,0
424776,dropout1000_enforced,1,1,0
424776,intact_logging,1,1,0
424777,intact_enforced,0,1,0
424777,dropout1000_logging,0,1,1
424777,dropout1000_enforced,0,1,1
424777,intact_logging,0,1,0
424778,dropout1000_enforced,0,1,1
424778,intact_logging,0,1,0
424778,intact_enforced,0,1,0
424778,dropout1000_logging,0,1,1
424779,dropout1000_logging,1,1,0
424779,dropout1000_enforced,1,1,0
424779,intact_logging,1,1,0
424779,intact_enforced,1,1,0
424780,intact_logging,1,1,0
424780,dropout1000_enforced,1,1,0
424780,dropout1000_logging,1,1,0
424780,intact_enforced,1,1,0
424781,dropout1000_logging,0,1,0
424781,intact_logging,0,1,0
424781,intact_enforced,0,1,0
424781,dropout1000_enforced,0,1,0
424782,dropout1000_logging,0,0,0
424782,intact_logging,0,0,0
424782,intact_enforced,0,0,0
424782,dropout1000_enforced,0,0,0
424783,intact_logging,1,0,0
424783,dropout1000_enforced,1,0,0
424783,intact_enforced,1,0,0
424783,dropout1000_logging,1,0,0
424784,intact_logging,0,1,0
424784,dropout1000_enforced,0,1,0
424784,intact_enforced,0,1,0
424784,dropout1000_logging,0,1,0
424785,dropout1000_enforced,0,0,0
424785,intact_enforced,0,0,0
424785,intact_logging,0,0,0
424785,dropout1000_logging,0,0,0
424786,intact_enforced,1,1,0
424786,dropout1000_logging,1,1,0
424786,dropout1000_enforced,1,1,0
424786,intact_logging,1,1,0
424787,intact_enforced,0,1,0
424787,dropout1000_logging,0,1,0
424787,intact_logging,0,1,0
424787,dropout1000_enforced,0,1,0
424788,dropout1000_logging,0,0,0
424788,dropout1000_enforced,0,0,0
424788,intact_enforced,0,0,0
424788,intact_logging,0,0,0
424789,intact_enforced,1,0,0
424789,dropout1000_logging,1,0,0
424789,intact_logging,1,0,0
424789,dropout1000_enforced,1,0,0
424790,intact_logging,0,0,0
424790,dropout1000_logging,0,0,0
424790,dropout1000_enforced,0,0,0
424790,intact_enforced,0,0,0
424791,intact_logging,0,0,0
424791,dropout1000_enforced,0,0,0
424791,dropout1000_logging,0,0,0
424791,intact_enforced,0,0,0
424792,intact_logging,1,0,0
424792,intact_enforced,1,0,0
424792,dropout1000_logging,1,0,0
424792,dropout1000_enforced,1,0,0
424793,intact_enforced,1,1,0
424793,dropout1000_enforced,1,1,0
424793,intact_logging,1,1,0
424793,dropout1000_logging,1,1,0
424794,intact_logging,0,0,0
424794,intact_enforced,0,0,0
424794,dropout1000_enforced,0,0,0
424794,dropout1000_logging,0,0,0
424795,dropout1000_enforced,0,0,0
424795,intact_logging,0,0,0
424795,dropout1000_logging,0,0,0
424795,intact_enforced,0,0,0
424796,dropout1000_enforced,1,1,0
424796,intact_enforced,1,1,0
424796,intact_logging,1,1,0
424796,dropout1000_logging,1,1,0
424797,dropout1000_enforced,1,1,0
424797,intact_enforced,1,1,0
424797,intact_logging,1,1,0
424797,dropout1000_logging,1,1,0
424798,intact_logging,0,1,0
424798,intact_enforced,0,1,0
424798,dropout1000_logging,0,1,0
424798,dropout1000_enforced,0,1,0
424799,intact_enforced,0,1,0
424799,intact_logging,0,1,0
424799,dropout1000_logging,0,1,0
424799,dropout1000_enforced,0,1,0
424800,intact_enforced,1,0,0
424800,dropout1000_enforced,1,0,1
424800,intact_logging,1,0,0
424800,dropout1000_logging,1,0,1
424801,intact_logging,1,0,0
424801,dropout1000_logging,1,0,0
424801,intact_enforced,1,0,0
424801,dropout1000_enforced,1,0,0
424802,intact_enforced,1,0,0
424802,dropout1000_logging,1,0,0
424802,dropout1000_enforced,1,0,0
424802,intact_logging,1,0,0
424803,intact_logging,1,1,0
424803,dropout1000_enforced,1,1,0
424803,dropout1000_logging,1,1,0
424803,intact_enforced,1,1,0
424804,intact_logging,0,1,0
424804,dropout1000_logging,0,1,0
424804,intact_enforced,0,1,0
424804,dropout1000_enforced,0,1,0
424805,dropout1000_logging,0,1,0
424805,intact_logging,0,1,0
424805,intact_enforced,0,1,0
424805,dropout1000_enforced,0,1,0
424806,intact_logging,0,1,0
424806,intact_enforced,0,1,0
424806,dropout1000_enforced,0,1,0
424806,dropout1000_logging,0,1,0
424807,intact_logging,0,0,0
424807,intact_enforced,0,0,0
424807,dropout1000_logging,0,0,0
424807,dropout1000_enforced,0,0,0
424808,intact_enforced,0,0,0
424808,dropout1000_logging,0,0,0
424808,dropout1000_enforced,0,0,0
424808,intact_logging,0,0,0
424809,dropout1000_logging,1,1,0
424809,intact_logging,1,1,0
424809,dropout1000_enforced,1,1,0
424809,intact_enforced,1,1,0
424810,intact_enforced,1,1,0
424810,dropout1000_logging,1,1,0
424810,dropout1000_enforced,1,1,0
424810,intact_logging,1,1,0
424811,intact_logging,0,0,0
424811,dropout1000_logging,0,0,1
424811,dropout1000_enforced,0,0,1
424811,intact_enforced,0,0,0
424812,intact_logging,0,1,0
424812,dropout1000_enforced,0,1,0
424812,intact_enforced,0,1,0
424812,dropout1000_logging,0,1,0
424813,intact_logging,0,0,0
424813,intact_enforced,0,0,0
424813,dropout1000_enforced,0,0,0
424813,dropout1000_logging,0,0,0
424814,intact_logging,1,1,0
424814,dropout1000_enforced,1,1,0
424814,dropout1000_logging,1,1,0
424814,intact_enforced,1,1,0
424815,intact_logging,0,0,0
424815,dropout1000_enforced,0,0,1
424815,intact_enforced,0,0,0
424815,dropout1000_logging,0,0,1
424816,dropout1000_logging,0,0,0
424816,intact_enforced,0,0,0
424816,dropout1000_enforced,0,0,0
424816,intact_logging,0,0,0
424817,dropout1000_enforced,1,0,0
424817,dropout1000_logging,1,0,0
424817,intact_logging,1,0,0
424817,intact_enforced,1,0,0
424818,intact_enforced,0,1,0
424818,dropout1000_enforced,0,1,0
424818,dropout1000_logging,0,1,0
424818,intact_logging,0,1,0
424819,intact_enforced,0,0,0
424819,dropout1000_enforced,0,0,0
424819,intact_logging,0,0,0
424819,dropout1000_logging,0,0,0
424820,intact_logging,1,1,0
424820,dropout1000_enforced,1,1,0
424820,dropout1000_logging,1,1,0
424820,intact_enforced,1,1,0
424821,dropout1000_enforced,0,0,0
424821,intact_enforced,0,0,0
424821,intact_logging,0,0,0
424821,dropout1000_logging,0,0,0
424822,dropout1000_logging,1,1,0
424822,dropout1000_enforced,1,1,0
424822,intact_enforced,1,1,0
424822,intact_logging,1,1,0
424823,dropout1000_enforced,0,1,0
424823,intact_logging,0,1,0
424823,intact_enforced,0,1,0
424823,dropout1000_logging,0,1,0
424824,dropout1000_logging,0,1,0
424824,intact_logging,0,1,0
424824,dropout1000_enforced,0,1,0
424824,intact_enforced,0,1,0
424825,dropout1000_enforced,0,0,0
424825,dropout1000_logging,0,0,0
424825,intact_logging,0,0,0
424825,intact_enforced,0,0,0
424826,dropout1000_enforced,0,1,0
424826,intact_logging,0,1,0
424826,intact_enforced,0,1,0
424826,dropout1000_logging,0,1,0
424827,intact_logging,0,1,0
424827,intact_enforced,0,1,0
424827,dropout1000_enforced,0,1,0
424827,dropout1000_logging,0,1,0
424828,dropout1000_logging,1,1,0
424828,dropout1000_enforced,1,1,0
424828,intact_logging,1,1,0
424828,intact_enforced,1,1,0
424829,intact_enforced,1,0,0
424829,dropout1000_enforced,1,0,1
424829,dropout1000_logging,1,0,1
424829,intact_logging,1,0,0
424830,dropout1000_enforced,1,1,0
424830,dropout1000_logging,1,1,0
424830,intact_logging,1,1,0
424830,intact_enforced,1,1,0
424831,dropout1000_enforced,0,1,0
424831,intact_enforced,0,1,0
424831,intact_logging,0,1,0
424831,dropout1000_logging,0,1,0
424832,dropout1000_logging,1,1,0
424832,intact_logging,1,1,0
424832,intact_enforced,1,1,0
424832,dropout1000_enforced,1,1,0
424833,intact_enforced,0,1,0
424833,intact_logging,0,1,0
424833,dropout1000_enforced,0,1,0
424833,dropout1000_logging,0,1,0
424834,dropout1000_enforced,0,1,0
424834,dropout1000_logging,0,1,0
424834,intact_logging,0,1,0
424834,intact_enforced,0,1,0
424835,intact_logging,1,1,0
424835,dropout1000_enforced,1,1,0
424835,dropout1000_logging,1,1,0
424835,intact_enforced,1,1,0
424836,dropout1000_enforced,0,1,0
424836,dropout1000_logging,0,1,0
424836,intact_enforced,0,1,0
424836,intact_logging,0,1,0
424837,intact_logging,0,1,0
424837,intact_enforced,0,1,0
424837,dropout1000_logging,0,1,0
424837,dropout1000_enforced,0,1,0
424838,dropout1000_logging,0,1,0
424838,intact_enforced,0,1,0
424838,intact_logging,0,1,0
424838,dropout1000_enforced,0,1,0
424839,dropout1000_logging,0,0,0
424839,intact_enforced,0,0,0
424839,dropout1000_enforced,0,0,0
424839,intact_logging,0,0,0
424840,dropout1000_enforced,1,1,0
424840,intact_logging,1,1,0
424840,dropout1000_logging,1,1,0
424840,intact_enforced,1,1,0
424841,dropout1000_logging,1,1,0
424841,intact_enforced,1,1,0
424841,dropout1000_enforced,1,1,0
424841,intact_logging,1,1,0
424842,dropout1000_enforced,1,1,0
424842,dropout1000_logging,1,1,0
424842,intact_enforced,1,1,0
424842,intact_logging,1,1,0
424843,intact_logging,0,0,0
424843,dropout1000_logging,0,0,0
424843,dropout1000_enforced,0,0,0
424843,intact_enforced,0,0,0
424844,dropout1000_enforced,0,1,0
424844,intact_logging,0,1,0
424844,dropout1000_logging,0,1,0
424844,intact_enforced,0,1,0
424845,dropout1000_enforced,1,0,0
424845,dropout1000_logging,1,0,0
424845,intact_enforced,1,0,0
424845,intact_logging,1,0,0
424846,intact_logging,1,1,0
424846,intact_enforced,1,1,0
424846,dropout1000_logging,1,1,0
424846,dropout1000_enforced,1,1,0
424847,intact_enforced,1,1,0
424847,dropout1000_logging,1,1,0
424847,intact_logging,1,1,0
424847,dropout1000_enforced,1,1,0
424848,dropout1000_logging,0,1,0
424848,intact_logging,0,1,0
424848,dropout1000_enforced,0,1,0
424848,intact_enforced,0,1,0
424849,dropout1000_logging,0,0,0
424849,intact_logging,0,0,0
424849,dropout1000_enforced,0,0,0
424849,intact_enforced,0,0,0
424850,intact_enforced,0,1,0
424850,intact_logging,0,1,0
424850,dropout1000_logging,0,1,0
424850,dropout1000_enforced,0,1,0
424851,dropout1000_logging,0,1,0
424851,dropout1000_enforced,0,1,0
424851,intact_enforced,0,1,0
424851,intact_logging,0,1,0
424852,intact_logging,0,1,0
424852,dropout1000_enforced,0,1,0
424852,intact_enforced,0,1,0
424852,dropout1000_logging,0,1,0
424853,intact_enforced,1,1,0
424853,dropout1000_logging,1,1,0
424853,dropout1000_enforced,1,1,0
424853,intact_logging,1,1,0
424854,dropout1000_enforced,0,1,0
424854,intact_logging,0,1,0
424854,dropout1000_logging,0,1,0
424854,intact_enforced,0,1,0
424855,dropout1000_logging,1,0,0
424855,intact_logging,1,0,0
424855,dropout1000_enforced,1,0,0
424855,intact_enforced,1,0,0
424856,intact_enforced,0,0,0
424856,intact_logging,0,0,0
424856,dropout1000_logging,0,0,1
424856,dropout1000_enforced,0,0,1
424857,dropout1000_logging,0,0,0
424857,intact_enforced,0,0,0
424857,dropout1000_enforced,0,0,0
424857,intact_logging,0,0,0
424858,dropout1000_enforced,0,1,0
424858,dropout1000_logging,0,1,0
424858,intact_logging,0,1,0
424858,intact_enforced,0,1,0
424859,intact_logging,0,1,0
424859,dropout1000_logging,0,1,0
424859,dropout1000_enforced,0,1,0
424859,intact_enforced,0,1,0
424860,dropout1000_logging,0,1,0
424860,dropout1000_enforced,0,1,0
424860,intact_enforced,0,1,0
424860,intact_logging,0,1,0
424861,intact_logging,1,1,0
424861,dropout1000_enforced,1,1,0
424861,dropout1000_logging,1,1,0
424861,intact_enforced,1,1,0
424862,dropout1000_logging,1,1,0
424862,intact_logging,1,1,0
424862,intact_enforced,1,1,0
424862,dropout1000_enforced,1,1,0
424863,dropout1000_logging,0,0,0
424863,dropout1000_enforced,0,0,0
424863,intact_logging,0,0,0
424863,intact_enforced,0,0,0
424864,intact_logging,0,1,0
424864,intact_enforced,0,1,0
424864,dropout1000_enforced,0,1,1
424864,dropout1000_logging,0,1,1
424865,dropout1000_logging,0,0,0
424865,intact_logging,0,0,0
424865,dropout1000_enforced,0,0,0
424865,intact_enforced,0,0,0
424866,intact_logging,0,0,0
424866,intact_enforced,0,0,0
424866,dropout1000_logging,0,0,0
424866,dropout1000_enforced,0,0,0
424867,intact_logging,1,0,0
424867,dropout1000_enforced,1,0,0
424867,intact_enforced,1,0,0
424867,dropout1000_logging,1,0,0
424868,intact_enforced,1,0,0
424868,intact_logging,1,0,0
424868,dropout1000_logging,1,0,0
424868,dropout1000_enforced,1,0,0
424869,dropout1000_enforced,0,1,0
424869,dropout1000_logging,0,1,0
424869,intact_enforced,0,1,0
424869,intact_logging,0,1,0
424870,intact_logging,0,0,0
424870,dropout1000_logging,0,0,0
424870,dropout1000_enforced,0,0,0
424870,intact_enforced,0,0,0
424871,dropout1000_logging,1,0,1
424871,intact_logging,1,0,0
424871,dropout1000_enforced,1,0,1
424871,intact_enforced,1,0,0
424872,intact_enforced,1,0,0
424872,dropout1000_enforced,1,0,0
424872,intact_logging,1,0,0
424872,dropout1000_logging,1,0,0
424873,intact_logging,0,1,0
424873,dropout1000_logging,0,1,0
424873,dropout1000_enforced,0,1,0
424873,intact_enforced,0,1,0
424874,intact_logging,1,1,0
424874,dropout1000_enforced,1,1,0
424874,intact_enforced,1,1,0
424874,dropout1000_logging,1,1,0
424875,dropout1000_enforced,1,1,1
424875,intact_enforced,1,1,0
424875,intact_logging,1,1,0
424875,dropout1000_logging,1,1,1
424876,intact_enforced,1,1,0
424876,intact_logging,1,1,0
424876,dropout1000_enforced,1,1,0
424876,dropout1000_logging,1,1,0
424877,dropout1000_logging,1,0,0
424877,dropout1000_enforced,1,0,0
424877,intact_logging,1,0,0
424877,intact_enforced,1,0,0
424878,dropout1000_enforced,0,0,0
424878,dropout1000_logging,0,0,0
424878,intact_enforced,0,0,0
424878,intact_logging,0,0,0
424879,intact_enforced,0,1,0
424879,dropout1000_enforced,0,1,0
424879,intact_logging,0,1,0
424879,dropout1000_logging,0,1,0
424880,dropout1000_enforced,0,0,0
424880,intact_enforced,0,0,0
424880,intact_logging,0,0,0
424880,dropout1000_logging,0,0,0
424881,intact_enforced,1,1,0
424881,dropout1000_logging,1,1,0
424881,dropout1000_enforced,1,1,0
424881,intact_logging,1,1,0
424882,dropout1000_logging,0,1,0
424882,dropout1000_enforced,0,1,0
424882,intact_enforced,0,1,0
424882,intact_logging,0,1,0
424883,dropout1000_logging,1,1,0
424883,intact_logging,1,1,0
424883,intact_enforced,1,1,0
424883,dropout1000_enforced,1,1,0
424884,dropout1000_logging,1,1,0
424884,intact_logging,1,1,0
424884,dropout1000_enforced,1,1,0
424884,intact_enforced,1,1,0
424885,dropout1000_logging,1,0,0
424885,intact_logging,1,0,0
424885,dropout1000_enforced,1,0,0
424885,intact_enforced,1,0,0
424886,dropout1000_logging,0,1,1
424886,dropout1000_enforced,0,1,1
424886,intact_enforced,0,1,0
424886,intact_logging,0,1,0
424887,dropout1000_enforced,0,1,0
424887,intact_enforced,0,1,0
424887,dropout1000_logging,0,1,0
424887,intact_logging,0,1,0
424888,intact_enforced,0,0,0
424888,dropout1000_enforced,0,0,0
424888,intact_logging,0,0,0
424888,dropout1000_logging,0,0,0
424889,intact_enforced,0,1,0
424889,dropout1000_enforced,0,1,1
424889,dropout1000_logging,0,1,1
424889,intact_logging,0,1,0
424890,dropout1000_enforced,1,0,0
424890,intact_enforced,1,0,0
424890,intact_logging,1,0,0
424890,dropout1000_logging,1,0,0
424891,dropout1000_enforced,1,1,1
424891,dropout1000_logging,1,1,1
424891,intact_enforced,1,1,0
424891,intact_logging,1,1,0
424892,dropout1000_logging,1,0,0
424892,intact_logging,1,0,0
424892,dropout1000_enforced,1,0,0
424892,intact_enforced,1,0,0
424893,dropout1000_logging,0,1,0
424893,intact_logging,0,1,0
424893,dropout1000_enforced,0,1,0
424893,intact_enforced,0,1,0
424894,intact_logging,0,0,0
424894,dropout1000_logging,0,0,0
424894,intact_enforced,0,0,0
424894,dropout1000_enforced,0,0,0
424895,intact_logging,1,0,0
424895,intact_enforced,1,0,0
424895,dropout1000_logging,1,0,1
424895,dropout1000_enforced,1,0,1
424896,intact_enforced,1,0,0
424896,dropout1000_enforced,1,0,0
424896,dropout1000_logging,1,0,0
424896,intact_logging,1,0,0
424897,intact_enforced,1,1,0
424897,dropout1000_logging,1,1,0
424897,intact_logging,1,1,0
424897,dropout1000_enforced,1,1,0
424898,dropout1000_enforced,1,0,0
424898,intact_logging,1,0,0
424898,dropout1000_logging,1,0,0
424898,intact_enforced,1,0,0
424899,intact_enforced,0,0,0
424899,dropout1000_logging,0,0,0
424899,intact_logging,0,0,0
424899,dropout1000_enforced,0,0,0
424900,intact_enforced,0,1,0
424900,dropout1000_logging,0,1,0
424900,dropout1000_enforced,0,1,0
424900,intact_logging,0,1,0
424901,dropout1000_logging,1,1,1
424901,intact_enforced,1,1,0
424901,dropout1000_enforced,1,1,1
424901,intact_logging,1,1,0
424902,dropout1000_enforced,0,1,0
424902,dropout1000_logging,0,1,0
424902,intact_enforced,0,1,0
424902,intact_logging,0,1,0
424903,intact_enforced,1,1,0
424903,dropout1000_enforced,1,1,0
424903,dropout1000_logging,1,1,0
424903,intact_logging,1,1,0
424904,intact_logging,1,0,0
424904,dropout1000_enforced,1,0,1
424904,dropout1000_logging,1,0,1
424904,intact_enforced,1,0,0
424905,dropout1000_enforced,1,0,0
424905,dropout1000_logging,1,0,0
424905,intact_logging,1,0,0
424905,intact_enforced,1,0,0
424906,dropout1000_enforced,0,0,0
424906,intact_enforced,0,0,0
424906,intact_logging,0,0,0
424906,dropout1000_logging,0,0,0
424907,dropout1000_enforced,1,0,0
424907,intact_enforced,1,0,0
424907,intact_logging,1,0,0
424907,dropout1000_logging,1,0,0
424908,dropout1000_logging,0,0,0
424908,intact_enforced,0,0,0
424908,intact_logging,0,0,0
424908,dropout1000_enforced,0,0,0
424909,dropout1000_logging,1,0,1
424909,intact_logging,1,0,0
424909,intact_enforced,1,0,0
424909,dropout1000_enforced,1,0,1
424910,dropout1000_logging,0,0,0
424910,dropout1000_enforced,0,0,0
424910,intact_enforced,0,0,0
424910,intact_logging,0,0,0
424911,dropout1000_logging,0,1,0
424911,intact_logging,0,1,0
424911,dropout1000_enforced,0,1,0
424911,intact_enforced,0,1,0
424912,intact_enforced,0,0,0
424912,dropout1000_logging,0,0,0
424912,intact_logging,0,0,0
424912,dropout1000_enforced,0,0,0
424913,intact_enforced,0,0,0
424913,dropout1000_logging,0,0,0
424913,intact_logging,0,0,0
424913,dropout1000_enforced,0,0,0
424914,dropout1000_logging,0,1,0
424914,dropout1000_enforced,0,1,0
424914,intact_enforced,0,1,0
424914,intact_logging,0,1,0
424915,dropout1000_logging,1,1,0
424915,dropout1000_enforced,1,1,0
424915,intact_logging,1,1,0
424915,intact_enforced,1,1,0
424916,dropout1000_enforced,1,1,0
424916,intact_enforced,1,1,0
424916,intact_logging,1,1,0
424916,dropout1000_logging,1,1,0
424917,dropout1000_enforced,0,0,0
424917,dropout1000_logging,0,0,0
424917,intact_enforced,0,0,0
424917,intact_logging,0,0,0
424918,intact_enforced,1,0,0
424918,intact_logging,1,0,0
424918,dropout1000_enforced,1,0,0
424918,dropout1000_logging,1,0,0
424919,dropout1000_logging,1,0,0
424919,dropout1000_enforced,1,0,0
424919,intact_logging,1,0,0
424919,intact_enforced,1,0,0
424920,dropout1000_enforced,0,1,0
424920,dropout1000_logging,0,1,0
424920,intact_enforced,0,1,0
424920,intact_logging,0,1,0
424921,dropout1000_enforced,1,0,0
424921,intact_logging,1,0,0
424921,intact_enforced,1,0,0
424921,dropout1000_logging,1,0,0
424922,dropout1000_enforced,1,1,1
424922,intact_enforced,1,1,0
424922,dropout1000_logging,1,1,1
424922,intact_logging,1,1,0
424923,intact_logging,1,1,0
424923,intact_enforced,1,1,0
424923,dropout1000_logging,1,1,0
424923,dropout1000_enforced,1,1,0
424924,intact_enforced,0,0,0
424924,dropout1000_logging,0,0,0
424924,dropout1000_enforced,0,0,0
424924,intact_logging,0,0,0
424925,dropout1000_logging,0,1,0
424925,intact_enforced,0,1,0
424925,dropout1000_enforced,0,1,0
424925,intact_logging,0,1,0
424926,dropout1000_enforced,1,0,0
424926,dropout1000_logging,1,0,0
424926,intact_enforced,1,0,0
424926,intact_logging,1,0,0
424927,intact_enforced,0,1,0
424927,dropout1000_logging,0,1,0
424927,intact_logging,0,1,0
424927,dropout1000_enforced,0,1,0
424928,dropout1000_logging,0,0,0
424928,intact_logging,0,0,0
424928,dropout1000_enforced,0,0,0
424928,intact_enforced,0,0,0
424929,dropout1000_enforced,0,0,0
424929,intact_logging,0,0,0
424929,intact_enforced,0,0,0
424929,dropout1000_logging,0,0,0
424930,intact_enforced,0,0,0
424930,dropout1000_enforced,0,0,0
424930,intact_logging,0,0,0
424930,dropout1000_logging,0,0,0
424931,dropout1000_logging,0,0,0
424931,intact_logging,0,0,0
424931,dropout1000_enforced,0,0,0
424931,intact_enforced,0,0,0
424932,intact_logging,1,0,0
424932,dropout1000_enforced,1,0,0
424932,intact_enforced,1,0,0
424932,dropout1000_logging,1,0,0
424933,intact_logging,0,1,0
424933,dropout1000_enforced,0,1,0
424933,dropout1000_logging,0,1,0
424933,intact_enforced,0,1,0
424934,dropout1000_enforced,1,1,0
424934,dropout1000_logging,1,1,0
424934,intact_logging,1,1,0
424934,intact_enforced,1,1,0
424935,intact_enforced,0,0,0
424935,dropout1000_enforced,0,0,0
424935,dropout1000_logging,0,0,0
424935,intact_logging,0,0,0
424936,dropout1000_enforced,1,0,0
424936,dropout1000_logging,1,0,0
424936,intact_enforced,1,0,0
424936,intact_logging,1,0,0
424937,dropout1000_enforced,0,0,0
424937,intact_logging,0,0,0
424937,dropout1000_logging,0,0,0
424937,intact_enforced,0,0,0
424938,intact_logging,1,1,0
424938,dropout1000_enforced,1,1,0
424938,dropout1000_logging,1,1,0
424938,intact_enforced,1,1,0
424939,intact_enforced,0,1,0
424939,dropout1000_logging,0,1,0
424939,intact_logging,0,1,0
424939,dropout1000_enforced,0,1,0
424940,dropout1000_enforced,0,0,0
424940,intact_logging,0,0,0
424940,intact_enforced,0,0,0
424940,dropout1000_logging,0,0,0
424941,dropout1000_enforced,1,0,0
424941,intact_logging,1,0,0
424941,intact_enforced,1,0,0
424941,dropout1000_logging,1,0,0
424942,dropout1000_logging,1,1,0
424942,intact_logging,1,1,0
424942,dropout1000_enforced,1,1,0
424942,intact_enforced,1,1,0
424943,intact_enforced,0,1,0
424943,dropout1000_logging,0,1,0
424943,intact_logging,0,1,0
424943,dropout1000_enforced,0,1,0
424944,dropout1000_logging,1,1,0
424944,dropout1000_enforced,1,1,0
424944,intact_logging,1,1,0
424944,intact_enforced,1,1,0
424945,intact_enforced,1,0,0
424945,intact_logging,1,0,0
424945,dropout1000_logging,1,0,0
424945,dropout1000_enforced,1,0,0
424946,intact_enforced,1,0,0
424946,dropout1000_logging,1,0,0
424946,intact_logging,1,0,0
424946,dropout1000_enforced,1,0,0
424947,intact_enforced,0,1,0
424947,dropout1000_enforced,0,1,1
424947,dropout1000_logging,0,1,1
424947,intact_logging,0,1,0
424948,intact_logging,0,0,0
424948,intact_enforced,0,0,0
424948,dropout1000_enforced,0,0,0
424948,dropout1000_logging,0,0,0
424949,dropout1000_logging,0,0,0
424949,intact_enforced,0,0,0
424949,dropout1000_enforced,0,0,0
424949,intact_logging,0,0,0
424950,intact_logging,0,1,0
424950,dropout1000_logging,0,1,0
424950,intact_enforced,0,1,0
424950,dropout1000_enforced,0,1,0
424951,intact_enforced,0,1,0
424951,intact_logging,0,1,0
424951,dropout1000_logging,0,1,0
424951,dropout1000_enforced,0,1,0
424952,dropout1000_logging,0,1,0
424952,intact_logging,0,1,0
424952,dropout1000_enforced,0,1,0
424952,intact_enforced,0,1,0
424953,intact_enforced,1,0,0
424953,intact_logging,1,0,0
424953,dropout1000_logging,1,0,0
424953,dropout1000_enforced,1,0,0
424954,dropout1000_logging,1,0,0
424954,dropout1000_enforced,1,0,0
424954,intact_enforced,1,0,0
424954,intact_logging,1,0,0
424955,intact_enforced,0,1,0
424955,dropout1000_logging,0,1,0
424955,intact_logging,0,1,0
424955,dropout1000_enforced,0,1,0
424956,dropout1000_logging,1,0,0
424956,dropout1000_enforced,1,0,0
424956,intact_enforced,1,0,0
424956,intact_logging,1,0,0
424957,dropout1000_enforced,1,1,0
424957,intact_enforced,1,1,0
424957,intact_logging,1,1,0
424957,dropout1000_logging,1,1,0
424958,intact_logging,0,1,0
424958,dropout1000_enforced,0,1,0
424958,dropout1000_logging,0,1,0
424958,intact_enforced,0,1,0
424959,dropout1000_logging,0,0,0
424959,intact_logging,0,0,0
424959,intact_enforced,0,0,0
424959,dropout1000_enforced,0,0,0
424960,intact_logging,0,0,0
424960,dropout1000_logging,0,0,0
424960,intact_enforced,0,0,0
424960,dropout1000_enforced,0,0,0
424961,dropout1000_enforced,1,1,0
424961,intact_logging,1,1,0
424961,dropout1000_logging,1,1,0
424961,intact_enforced,1,1,0
424962,intact_enforced,0,1,0
424962,dropout1000_logging,0,1,0
424962,intact_logging,0,1,0
424962,dropout1000_enforced,0,1,0
424963,intact_logging,1,0,0
424963,dropout1000_enforced,1,0,0
424963,intact_enforced,1,0,0
424963,dropout1000_logging,1,0,0
424964,dropout1000_enforced,0,1,0
424964,intact_enforced,0,1,0
424964,intact_logging,0,1,0
424964,dropout1000_logging,0,1,0
424965,intact_logging,1,1,0
424965,dropout1000_enforced,1,1,0
424965,dropout1000_logging,1,1,0
424965,intact_enforced,1,1,0
424966,dropout1000_enforced,0,1,0
424966,intact_enforced,0,1,0
424966,dropout1000_logging,0,1,0
424966,intact_logging,0,1,0
424967,dropout1000_logging,0,0,0
424967,intact_enforced,0,0,0
424967,intact_logging,0,0,0
424967,dropout1000_enforced,0,0,0
424968,dropout1000_enforced,1,0,1
424968,intact_enforced,1,0,0
424968,dropout1000_logging,1,0,1
424968,intact_logging,1,0,0
424969,intact_logging,0,0,0
424969,dropout1000_enforced,0,0,0
424969,dropout1000_logging,0,0,0
424969,intact_enforced,0,0,0
424970,dropout1000_logging,1,0,0
424970,dropout1000_enforced,1,0,0
424970,intact_logging,1,0,0
424970,intact_enforced,1,0,0
424971,intact_logging,0,1,0
424971,intact_enforced,0,1,0
424971,dropout1000_enforced,0,1,0
424971,dropout1000_logging,0,1,0
424972,intact_enforced,1,1,0
424972,dropout1000_enforced,1,1,0
424972,intact_logging,1,1,0
424972,dropout1000_logging,1,1,0
424973,intact_logging,0,0,0
424973,dropout1000_logging,0,0,0
424973,intact_enforced,0,0,0
424973,dropout1000_enforced,0,0,0
424974,dropout1000_enforced,0,0,0
424974,intact_logging,0,0,0
424974,dropout1000_logging,0,0,0
424974,intact_enforced,0,0,0
424975,intact_enforced,0,1,0
424975,dropout1000_logging,0,1,0
424975,dropout1000_enforced,0,1,0
424975,intact_logging,0,1,0
424976,intact_logging,0,0,0
424976,dropout1000_logging,0,0,0
424976,intact_enforced,0,0,0
424976,dropout1000_enforced,0,0,0
424977,intact_logging,0,0,0
424977,intact_enforced,0,0,0
424977,dropout1000_logging,0,0,0
424977,dropout1000_enforced,0,0,0
424978,intact_enforced,0,1,0
424978,dropout1000_enforced,0,1,0
424978,intact_logging,0,1,0
424978,dropout1000_logging,0,1,0
424979,dropout1000_logging,0,0,0
424979,intact_enforced,0,0,0
424979,intact_logging,0,0,0
424979,dropout1000_enforced,0,0,0
424980,intact_enforced,0,1,0
424980,intact_logging,0,1,0
424980,dropout1000_logging,0,1,0
424980,dropout1000_enforced,0,1,0
424981,intact_enforced,1,1,0
424981,dropout1000_logging,1,1,0
424981,intact_logging,1,1,0
424981,dropout1000_enforced,1,1,0
424982,intact_logging,1,0,0
424982,intact_enforced,1,0,0
424982,dropout1000_enforced,1,0,0
424982,dropout1000_logging,1,0,0
424983,dropout1000_logging,0,0,1
424983,dropout1000_enforced,0,0,1
424983,intact_enforced,0,0,0
424983,intact_logging,0,0,0
424984,intact_enforced,1,0,0
424984,dropout1000_logging,1,0,0
424984,dropout1000_enforced,1,0,0
424984,intact_logging,1,0,0
424985,dropout1000_logging,1,0,1
424985,dropout1000_enforced,1,0,1
424985,intact_logging,1,0,0
424985,intact_enforced,1,0,0
424986,intact_enforced,1,1,0
424986,dropout1000_logging,1,1,0
424986,intact_logging,1,1,0
424986,dropout1000_enforced,1,1,0
424987,intact_enforced,0,0,0
424987,dropout1000_enforced,0,0,0
424987,intact_logging,0,0,0
424987,dropout1000_logging,0,0,0
424988,intact_enforced,1,0,0
424988,intact_logging,1,0,0
424988,dropout1000_enforced,1,0,1
424988,dropout1000_logging,1,0,1
424989,dropout1000_enforced,0,1,1
424989,intact_enforced,0,1,0
424989,dropout1000_logging,0,1,1
424989,intact_logging,0,1,0
424990,dropout1000_enforced,1,1,0
424990,intact_enforced,1,1,0
424990,intact_logging,1,1,0
424990,dropout1000_logging,1,1,0
424991,dropout1000_enforced,1,0,1
424991,dropout1000_logging,1,0,1
424991,intact_enforced,1,0,0
424991,intact_logging,1,0,0
424992,dropout1000_logging,0,1,0
424992,intact_enforced,0,1,0
424992,intact_logging,0,1,0
424992,dropout1000_enforced,0,1,0
424993,intact_enforced,1,0,0
424993,intact_logging,1,0,0
424993,dropout1000_logging,1,0,0
424993,dropout1000_enforced,1,0,0
424994,intact_logging,0,1,0
424994,dropout1000_logging,0,1,0
424994,dropout1000_enforced,0,1,0
424994,intact_enforced,0,1,0
424995,dropout1000_enforced,1,0,0
424995,intact_enforced,1,0,0
424995,intact_logging,1,0,0
424995,dropout1000_logging,1,0,0
424996,intact_logging,0,0,0
424996,dropout1000_enforced,0,0,0
424996,dropout1000_logging,0,0,0
424996,intact_enforced,0,0,0
424997,intact_enforced,0,0,0
424997,dropout1000_logging,0,0,0
424997,dropout1000_enforced,0,0,0
424997,intact_logging,0,0,0
424998,intact_enforced,1,0,0
424998,dropout1000_logging,1,0,0
424998,dropout1000_enforced,1,0,0
424998,intact_logging,1,0,0
424999,intact_enforced,1,0,0
424999,intact_logging,1,0,0
424999,dropout1000_logging,1,0,0
424999,dropout1000_enforced,1,0,0
