seed,condition,violation_present,feasible,dropout_applies
425000,intact_logging,0,0,0
425000,intact_enforced,0,0,0
425000,dropout1000_enforced,0,0,0
425000,dropout1000_logging,0,0,0
425001,dropout1000_enforced,0,0,0
425001,intact_enforced,0,0,0
425001,dropout1000_logging,0,0,0
425001,intact_logging,0,0,0
425002,dropout1000_enforced,1,0,0
425002,dropout1000_logging,1,0,0
425002,intact_logging,1,0,0
425002,intact_enforced,1,0,0
425003,dropout1000_logging,1,1,0
425003,intact_logging,1,1,0
425003,intact_enforced,1,1,0
425003,dropout1000_enforced,1,1,0
425004,intact_enforced,1,1,0
425004,dropout1000_enforced,1,1,0
425004,intact_logging,1,1,0
425004,dropout1000_logging,1,1,0
425005,intact_logging,1,0,0
425005,dropout1000_logging,1,0,1
425005,dropout1000_enforced,1,0,1
425005,intact_enforced,1,0,0
425006,dropout1000_enforced,1,1,0
425006,intact_enforced,1,1,0
425006,dropout1000_logging,1,1,0
425006,intact_logging,1,1,0
425007,dropout1000_logging,1,1,0
425007,dropout1000_enforced,1,1,0
425007,intact_logging,1,1,0
425007,intact_enforced,1,1,0
425008,intact_logging,0,0,0
425008,intact_enforced,0,0,0
425008,dropout1000_enforced,0,0,0
425008,dropout1000_logging,0,0,0
425009,intact_enforced,0,0,0
425009,dropout1000_logging,0,0,1
425009,dropout1000_enforced,0,0,1
425009,intact_logging,0,0,0
425010,intact_logging,1,0,0
425010,dropout1000_logging,1,0,0
425010,intact_enforced,1,0,0
425010,dropout1000_enforced,1,0,0
425011,dropout1000_logging,1,0,0
425011,dropout1000_enforced,1,0,0
425011,intact_enforced,1,0,0
425011,intact_logging,1,0,0
425012,dropout1000_logging,1,1,1
425012,dropout1000_enforced,1,1,1
425012,intact_logging,1,1,0
425012,intact_enforced,1,1,0
425013,intact_logging,1,1,0
425013,dropout1000_enforced,1,1,0
425013,dropout1000_logging,1,1,0
425013,intact_enforced,1,1,0
425014,dropout1000_logging,0,1,0
425014,intact_logging,0,1,0
425014,intact_enforced,0,1,0
425014,dropout1000_enforced,0,1,0
425015,intact_enforced,1,0,0
425015,dropout1000_enforced,1,0,0
425015,dropout1000_logging,1,0,0
425015,intact_logging,1,0,0
425016,intact_enforced,0,1,0
425016,intact_logging,0,1,0
425016,dropout1000_enforced,0,1,0
425016,dropout1000_logging,0,1,0
425017,intact_logging,0,1,0
425017,dropout1000_logging,0,1,1
425017,dropout1000_enforced,0,1,1
425017,intact_enforced,0,1,0
425018,intact_enforced,0,1,0
425018,dropout1000_enforced,0,1,1
425018,dropout1000_logging,0,1,1
425018,intact_logging,0,1,0
425019,intact_enforced,0,1,0
425019,intact_logging,0,1,0
425019,dropout1000_enforced,0,1,0
425019,dropout1000_logging,0,1,0
425020,intact_logging,0,0,0
425020,intact_enforced,0,0,0
425020,dropout1000_logging,0,0,0
425020,dropout1000_enforced,0,0,0
425021,intact_logging,0,0,0
425021,dropout1000_logging,0,0,0
425021,dropout1000_enforced,0,0,0
425021,intact_enforced,0,0,0
425022,dropout1000_enforced,0,0,0
425022,intact_enforced,0,0,0
425022,intact_logging,0,0,0
425022,dropout1000_logging,0,0,0
425023,dropout1000_logging,0,1,0
425023,dropout1000_enforced,0,1,0
425023,intact_logging,0,1,0
425023,intact_enforced,0,1,0
425024,dropout1000_logging,0,0,0
425024,intact_logging,0,0,0
425024,intact_enforced,0,0,0
425024,dropout1000_enforced,0,0,0
425025,intact_enforced,1,1,0
425025,dropout1000_enforced,1,1,0
425025,dropout1000_logging,1,1,0
425025,intact_logging,1,1,0
425026,dropout1000_logging,1,1,0
425026,intact_enforced,1,1,0
425026,dropout1000_enforced,1,1,0
425026,intact_logging,1,1,0
425027,dropout1000_enforced,0,0,0
425027,intact_enforced,0,0,0
425027,intact_logging,0,0,0
425027,dropout1000_logging,0,0,0
425028,dropout1000_enforced,1,1,0
425028,intact_enforced,1,1,0
425028,intact_logging,1,1,0
425028,dropout1000_logging,1,1,0
425029,intact_enforced,0,0,0
425029,dropout1000_logging,0,0,0
425029,dropout1000_enforced,0,0,0
425029,intact_logging,0,0,0
425030,intact_enforced,0,1,0
425030,dropout1000_enforced,0,1,0
425030,dropout1000_logging,0,1,0
425030,intact_logging,0,1,0
425031,dropout1000_enforced,0,0,1
425031,intact_enforced,0,0,0
425031,dropout1000_logging,0,0,1
425031,intact_logging,0,0,0
425032,dropout1000_logging,0,0,0
425032,intact_logging,0,0,0
425032,intact_enforced,0,0,0
425032,dropout1000_enforced,0,0,0
425033,dropout1000_enforced,0,0,0
425033,intact_enforced,0,0,0
425033,intact_logging,0,0,0
425033,dropout1000_logging,0,0,0
425034,intact_logging,0,0,0
425034,intact_enforced,0,0,0
425034,dropout1000_logging,0,0,0
425034,dropout1000_enforced,0,0,0
425035,intact_enforced,0,0,0
425035,dropout1000_logging,0,0,0
425035,dropout1000_enforced,0,0,0
425035,intact_logging,0,0,0
425036,intact_logging,1,0,0
425036,dropout1000_enforced,1,0,0
425036,dropout1000_logging,1,0,0
425036,intact_enforced,1,0,0
425037,intact_enforced,1,1,0
425037,dropout1000_enforced,1,1,0
425037,dropout1000_logging,1,1,0
425037,intact_logging,1,1,0
425038,intact_enforced,0,0,0
425038,intact_logging,0,0,0
425038,dropout1000_logging,0,0,0
425038,dropout1000_enforced,0,0,0
425039,intact_logging,0,1,0
425039,dropout1000_enforced,0,1,0
425039,intact_enforced,0,1,0
425039,dropout1000_logging,0,1,0
425040,intact_logging,1,0,0
425040,dropout1000_enforced,1,0,0
425040,dropout1000_logging,1,0,0
425040,intact_enforced,1,0,0
425041,dropout1000_logging,1,0,0
425041,intact_logging,1,0,0
425041,intact_enforced,1,0,0
425041,dropout1000_enforced,1,0,0
425042,intact_logging,0,1,0
425042,dropout1000_logging,0,1,0
425042,dropout1000_enforced,0,1,0
425042,intact_enforced,0,1,0
425043,dropout1000_logging,0,0,0
425043,dropout1000_enforced,0,0,0
425043,intact_enforced,0,0,0
425043,intact_logging,0,0,0
425044,dropout1000_logging,0,0,0
425044,intact_logging,0,0,0
425044,intact_enforced,0,0,0
425044,dropout1000_enforced,0,0,0
425045,dropout1000_enforced,0,1,0
425045,dropout1000_logging,0,1,0
425045,intact_logging,0,1,0
425045,intact_enforced,0,1,0
425046,dropout1000_logging,1,0,0
425046,intact_logging,1,0,0
425046,intact_enforced,1,0,0
425046,dropout1000_enforced,1,0,0
425047,dropout1000_enforced,0,0,0
425047,intact_enforced,0,0,0
425047,intact_logging,0,0,0
425047,dropout1000_logging,0,0,0
425048,dropout1000_enforced,1,0,0
425048,intact_enforced,1,0,0
425048,intact_logging,1,0,0
425048,dropout1000_logging,1,0,0
425049,intact_logging,0,1,0
425049,dropout1000_logging,0,1,0
425049,intact_enforced,0,1,0
425049,dropout1000_enforced,0,1,0
425050,intact_enforced,1,1,0
425050,intact_logging,1,1,0
425050,dropout1000_logging,1,1,0
425050,dropout1000_enforced,1,1,0
425051,dropout1000_enforced,0,1,0
425051,intact_enforced,0,1,0
425051,dropout1000_logging,0,1,0
425051,intact_logging,0,1,0
425052,dropout1000_enforced,0,1,0
425052,intact_logging,0,1,0
425052,intact_enforced,0,1,0
425052,dropout1000_logging,0,1,0
425053,dropout1000_enforced,1,0,0
425053,intact_enforced,1,0,0
425053,intact_logging,1,0,0
425053,dropout1000_logging,1,0,0
425054,dropout1000_enforced,0,1,0
425054,dropout1000_logging,0,1,0
425054,intact_logging,0,1,0
425054,intact_enforced,0,1,0
425055,intact_enforced,0,0,0
425055,dropout1000_enforced,0,0,0
425055,intact_logging,0,0,0
425055,dropout1000_logging,0,0,0
425056,intact_logging,1,1,0
425056,dropout1000_logging,1,1,0
425056,dropout1000_enforced,1,1,0
425056,intact_enforced,1,1,0
425057,dropout1000_enforced,1,0,0
425057,intact_enforced,1,0,0
425057,dropout1000_logging,1,0,0
425057,intact_logging,1,0,0
425058,dropout1000_logging,1,1,0
425058,intact_enforced,1,1,0
425058,dropout1000_enforced,1,1,0
425058,intact_logging,1,1,0
425059,dropout1000_logging,1,1,0
425059,intact_logging,1,1,0
425059,dropout1000_enforced,1,1,0
425059,intact_enforced,1,1,0
425060,dropout1000_logging,1,1,0
425060,intact_logging,1,1,0
425060,intact_enforced,1,1,0
425060,dropout1000_enforced,1,1,0
425061,intact_logging,0,1,0
425061,dropout1000_logging,0,1,1
425061,intact_enforced,0,1,0
425061,dropout1000_enforced,0,1,1
425062,dropout1000_enforced,0,0,0
425062,intact_logging,0,0,0
425062,intact_enforced,0,0,0
425062,dropout1000_logging,0,0,0
425063,intact_enforced,1,0,0
425063,intact_logging,1,0,0
425063,dropout1000_enforced,1,0,0
425063,dropout1000_logging,1,0,0
425064,intact_logging,0,1,0
425064,intact_enforced,0,1,0
425064,dropout1000_enforced,0,1,0
425064,dropout1000_logging,0,1,0
425065,intact_logging,0,0,0
425065,intact_enforced,0,0,0
425065,dropout1000_logging,0,0,0
425065,dropout1000_enforced,0,0,0
425066,dropout1000_logging,0,1,0
425066,dropout1000_enforced,0,1,0
425066,intact_enforced,0,1,0
425066,intact_logging,0,1,0
425067,intact_enforced,1,1,0
425067,dropout1000_enforced,1,1,0
425067,dropout1000_logging,1,1,0
425067,intact_logging,1,1,0
425068,dropout1000_logging,0,1,0
425068,intact_logging,0,1,0
425068,dropout1000_enforced,0,1,0
425068,intact_enforced,0,1,0
425069,dropout1000_enforced,0,1,1
425069,dropout1000_logging,0,1,1
425069,intact_enforced,0,1,0
425069,intact_logging,0,1,0
425070,intact_enforced,0,0,0
425070,dropout1000_logging,0,0,0
425070,dropout1000_enforced,0,0,0
425070,intact_logging,0,0,0
425071,intact_enforced,0,1,0
425071,dropout1000_enforced,0,1,0
425071,intact_logging,0,1,0
425071,dropout1000_logging,0,1,0
425072,dropout1000_enforced,0,1,0
425072,intact_logging,0,1,0
425072,intact_enforced,0,1,0
425072,dropout1000_logging,0,1,0
425073,dropout1000_enforced,1,0,0
425073,dropout1000_logging,1,0,0
425073,intact_enforced,1,0,0
425073,intact_logging,1,0,0
425074,dropout1000_enforced,1,0,0
425074,intact_logging,1,0,0
425074,intact_enforced,1,0,0
425074,dropout1000_logging,1,0,0
425075,dropout1000_logging,1,0,0
425075,intact_enforced,1,0,0
425075,intact_logging,1,0,0
425075,dropout1000_enforced,1,0,0
425076,intact_logging,0,0,0
425076,intact_enforced,0,0,0
425076,dropout1000_enforced,0,0,0
425076,dropout1000_logging,0,0,0
425077,dropout1000_logging,1,0,1
425077,intact_logging,1,0,0
425077,intact_enforced,1,0,0
425077,dropout1000_enforced,1,0,1
425078,intact_logging,1,1,0
425078,dropout1000_logging,1,1,0
425078,dropout1000_enforced,1,1,0
425078,intact_enforced,1,1,0
425079,dropout1000_enforced,0,0,1
425079,intact_logging,0,0,0
425079,intact_enforced,0,0,0
425079,dropout1000_logging,0,0,1
425080,dropout1000_enforced,0,0,0
425080,intact_logging,0,0,0
425080,dropout1000_logging,0,0,0
425080,intact_enforced,0,0,0
425081,intact_enforced,0,1,0
425081,intact_logging,0,1,0
425081,dropout1000_enforced,0,1,0
425081,dropout1000_logging,0,1,0
425082,intact_enforced,0,0,0
425082,intact_logging,0,0,0
425082,dropout1000_logging,0,0,0
425082,dropout1000_enforced,0,0,0
425083,dropout1000_logging,0,1,0
425083,intact_enforced,0,1,0
425083,dropout1000_enforced,0,1,0
425083,intact_logging,0,1,0
425084,dropout1000_enforced,0,0,0
425084,dropout1000_logging,0,0,0
425084,intact_logging,0,0,0
425084,intact_enforced,0,0,0
425085,intact_logging,1,1,0
425085,intact_enforced,1,1,0
425085,dropout1000_enforced,1,1,0
425085,dropout1000_logging,1,1,0
425086,dropout1000_enforced,1,0,0
425086,intact_enforced,1,0,0
425086,intact_logging,1,0,0
425086,dropout1000_logging,1,0,0
425087,intact_logging,1,0,0
425087,dropout1000_enforced,1,0,0
425087,dropout1000_logging,1,0,0
425087,intact_enforced,1,0,0
425088,intact_logging,1,1,0
425088,dropout1000_enforced,1,1,0
425088,dropout1000_logging,1,1,0
425088,intact_enforced,1,1,0
425089,dropout1000_enforced,0,1,0
425089,intact_enforced,0,1,0
425089,intact_logging,0,1,0
425089,dropout1000_logging,0,1,0
425090,dropout1000_logging,0,0,0
425090,dropout1000_enforced,0,0,0
425090,intact_logging,0,0,0
425090,intact_enforced,0,0,0
425091,intact_logging,0,0,0
425091,intact_enforced,0,0,0
425091,dropout1000_enforced,0,0,0
425091,dropout1000_logging,0,0,0
425092,dropout1000_enforced,1,1,0
425092,intact_logging,1,1,0
425092,intact_enforced,1,1,0
425092,dropout1000_logging,1,1,0
425093,intact_enforced,0,1,0
425093,intact_logging,0,1,0
425093,dropout1000_logging,0,1,0
425093,dropout1000_enforced,0,1,0
425094,intact_enforced,0,1,0
425094,dropout1000_logging,0,1,0
425094,intact_logging,0,1,0
425094,dropout1000_enforced,0,1,0
425095,dropout1000_enforced,1,1,0
425095,dropout1000_logging,1,1,0
425095,intact_enforced,1,1,0
425095,intact_logging,1,1,0
425096,intact_logging,0,1,0
425096,intact_enforced,0,1,0
425096,dropout1000_logging,0,1,0
425096,dropout1000_enforced,0,1,0
425097,intact_logging,1,1,0
425097,dropout1000_logging,1,1,0
425097,dropout1000_enforced,1,1,0
425097,intact_enforced,1,1,0
425098,intact_enforced,0,0,0
425098,dropout1000_logging,0,0,0
425098,intact_logging,0,0,0
425098,dropout1000_enforced,0,0,0
425099,dropout1000_enforced,1,0,0
425099,intact_logging,1,0,0
425099,intact_enforced,1,0,0
425099,dropout1000_logging,1,0,0
425100,dropout1000_enforced,1,1,0
425100,intact_enforced,1,1,0
425100,dropout1000_logging,1,1,0
425100,intact_logging,1,1,0
425101,intact_enforced,1,0,0
425101,dropout1000_enforced,1,0,0
425101,dropout1000_logging,1,0,0
425101,intact_logging,1,0,0
425102,dropout1000_logging,0,1,0
425102,intact_logging,0,1,0
425102,intact_enforced,0,1,0
425102,dropout1000_enforced,0,1,0
425103,dropout1000_enforced,0,1,0
425103,intact_enforced,0,1,0
425103,dropout1000_logging,0,1,0
425103,intact_logging,0,1,0
425104,dropout1000_enforced,1,1,1
425104,dropout1000_logging,1,1,1
425104,intact_logging,1,1,0
425104,intact_enforced,1,1,0
425105,dropout1000_logging,1,1,0
425105,intact_logging,1,1,0
425105,dropout1000_enforced,1,1,0
425105,intact_enforced,1,1,0
425106,dropout1000_logging,0,1,1
425106,dropout1000_enforced,0,1,1
425106,intact_enforced,0,1,0
425106,intact_logging,0,1,0
425107,intact_logging,0,1,0
425107,intact_enforced,0,1,0
425107,dropout1000_logging,0,1,1
425107,dropout1000_enforced,0,1,1
425108,dropout1000_enforced,0,1,1
425108,intact_enforced,0,1,0
425108,dropout1000_logging,0,1,1
425108,intact_logging,0,1,0
425109,dropout1000_logging,1,0,0
425109,intact_enforced,1,0,0
425109,intact_logging,1,0,0
425109,dropout1000_enforced,1,0,0
425110,dropout1000_enforced,1,0,0
425110,dropout1000_logging,1,0,0
425110,intact_logging,1,0,0
425110,intact_enforced,1,0,0
425111,intact_enforced,0,0,0
425111,intact_logging,0,0,0
425111,dropout1000_enforced,0,0,0
425111,dropout1000_logging,0,0,0
425112,intact_logging,0,0,0
425112,intact_enforced,0,0,0
425112,dropout1000_enforced,0,0,0
425112,dropout1000_logging,0,0,0
425113,intact_enforced,0,0,0
425113,dropout1000_enforced,0,0,1
425113,intact_logging,0,0,0
425113,dropout1000_logging,0,0,1
425114,intact_enforced,0,0,0
425114,dropout1000_enforced,0,0,0
425114,dropout1000_logging,0,0,0
425114,intact_logging,0,0,0
425115,intact_logging,0,1,0
425115,intact_enforced,0,1,0
425115,dropout1000_logging,0,1,0
425115,dropout1000_enforced,0,1,0
425116,dropout1000_logging,1,1,1
425116,intact_logging,1,1,0
425116,dropout1000_enforced,1,1,1
425116,intact_enforced,1,1,0
425117,dropout1000_enforced,0,0,0
425117,intact_logging,0,0,0
425117,intact_enforced,0,0,0
425117,dropout1000_logging,0,0,0
425118,dropout1000_enforced,1,0,0
425118,dropout1000_logging,1,0,0
425118,intact_logging,1,0,0
425118,intact_enforced,1,0,0
425119,intact_logging,1,1,0
425119,intact_enforced,1,1,0
425119,dropout1000_enforced,1,1,0
425119,dropout1000_logging,1,1,0
425120,dropout1000_logging,1,1,0
425120,intact_logging,1,1,0
425120,intact_enforced,1,1,0
425120,dropout1000_enforced,1,1,0
425121,intact_logging,1,0,0
425121,dropout1000_logging,1,0,0
425121,dropout1000_enforced,1,0,0
425121,intact_enforced,1,0,0
425122,intact_enforced,1,0,0
425122,dropout1000_enforced,1,0,1
425122,dropout1000_logging,1,0,1
425122,intact_logging,1,0,0
425123,dropout1000_logging,1,1,0
425123,intact_logging,1,1,0
425123,intact_enforced,1,1,0
425123,dropout1000_enforced,1,1,0
425124,intact_enforced,0,1,0
425124,dropout1000_enforced,0,1,0
425124,intact_logging,0,1,0
425124,dropout1000_logging,0,1,0
425125,intact_logging,0,1,0
425125,dropout1000_enforced,0,1,0
425125,intact_enforced,0,1,0
425125,dropout1000_logging,0,1,0
425126,dropout1000_enforced,1,0,1
425126,intact_logging,1,0,0
425126,intact_enforced,1,0,0
425126,dropout1000_logging,1,0,1
425127,dropout1000_logging,1,1,1
425127,intact_enforced,1,1,0
425127,dropout1000_enforced,1,1,1
425127,intact_logging,1,1,0
425128,dropout1000_enforced,0,1,0
425128,dropout1000_logging,0,1,0
425128,intact_enforced,0,1,0
425128,intact_logging,0,1,0
425129,dropout1000_logging,1,0,0
425129,intact_logging,1,0,0
425129,dropout1000_enforced,1,0,0
425129,intact_enforced,1,0,0
425130,dropout1000_logging,0,0,0
425130,intact_logging,0,0,0
425130,intact_enforced,0,0,0
425130,dropout1000_enforced,0,0,0
425131,intact_enforced,0,1,0
425131,dropout1000_logging,0,1,1
425131,intact_logging,0,1,0
425131,dropout1000_enforced,0,1,1
425132,dropout1000_enforced,0,0,0
425132,dropout1000_logging,0,0,0
425132,intact_enforced,0,0,0
425132,intact_logging,0,0,0
425133,intact_logging,1,0,0
425133,dropout1000_enforced,1,0,1
425133,dropout1000_logging,1,0,1
425133,intact_enforced,1,0,0
425134,dropout1000_enforced,0,0,0
425134,intact_logging,0,0,0
425134,dropout1000_logging,0,0,0
425134,intact_enforced,0,0,0
425135,dropout1000_logging,1,1,0
425135,intact_enforced,1,1,0
425135,intact_logging,1,1,0
425135,dropout1000_enforced,1,1,0
425136,intact_logging,1,0,0
425136,dropout1000_enforced,1,0,0
425136,dropout1000_logging,1,0,0
425136,intact_enforced,1,0,0
425137,intact_logging,1,0,0
425137,dropout1000_enforced,1,0,0
425137,intact_enforced,1,0,0
425137,dropout1000_logging,1,0,0
425138,intact_enforced,0,1,0
425138,intact_logging,0,1,0
425138,dropout1000_enforced,0,1,0
425138,dropout1000_logging,0,1,0
425139,intact_enforced,1,0,0
425139,dropout1000_logging,1,0,0
425139,intact_logging,1,0,0
425139,dropout1000_enforced,1,0,0
425140,dropout1000_enforced,0,1,0
425140,dropout1000_logging,0,1,0
425140,intact_logging,0,1,0
425140,intact_enforced,0,1,0
425141,intact_enforced,0,0,0
425141,dropout1000_enforced,0,0,0
425141,intact_logging,0,0,0
425141,dropout1000_logging,0,0,0
425142,intact_logging,0,0,0
425142,dropout1000_enforced,0,0,0
425142,intact_enforced,0,0,0
425142,dropout1000_logging,0,0,0
425143,dropout1000_enforced,0,1,0
425143,dropout1000_logging,0,1,0
425143,intact_enforced,0,1,0
425143,intact_logging,0,1,0
425144,dropout1000_logging,0,1,0
425144,intact_logging,0,1,0
425144,dropout1000_enforced,0,1,0
425144,intact_enforced,0,1,0
425145,dropout1000_logging,0,0,0
425145,dropout1000_enforced,0,0,0
425145,intact_enforced,0,0,0
425145,intact_logging,0,0,0
425146,dropout1000_enforced,0,0,0
425146,intact_logging,0,0,0
425146,intact_enforced,0,0,0
425146,dropout1000_logging,0,0,0
425147,dropout1000_enforced,0,0,0
425147,intact_logging,0,0,0
425147,intact_enforced,0,0,0
425147,dropout1000_logging,0,0,0
425148,intact_logging,1,0,0
425148,intact_enforced,1,0,0
425148,dropout1000_enforced,1,0,0
425148,dropout1000_logging,1,0,0
425149,dropout1000_enforced,0,1,0
425149,intact_enforced,0,1,0
425149,intact_logging,0,1,0
425149,dropout1000_logging,0,1,0
425150,intact_logging,0,1,0
425150,dropout1000_logging,0,1,0
425150,dropout1000_enforced,0,1,0
425150,intact_enforced,0,1,0
425151,dropout1000_enforced,1,1,0
425151,intact_logging,1,1,0
425151,dropout1000_logging,1,1,0
425151,intact_enforced,1,1,0
425152,intact_logging,0,1,0
425152,dropout1000_enforced,0,1,0
425152,intact_enforced,0,1,0
425152,dropout1000_logging,0,1,0
425153,intact_logging,0,0,0
425153,intact_enforced,0,0,0
425153,dropout1000_enforced,0,0,0
425153,dropout1000_logging,0,0,0
425154,dropout1000_enforced,0,0,0
425154,intact_logging,0,0,0
425154,dropout1000_logging,0,0,0
425154,intact_enforced,0,0,0
425155,intact_logging,1,0,0
425155,dropout1000_enforced,1,0,0
425155,intact_enforced,1,0,0
425155,dropout1000_logging,1,0,0
425156,intact_logging,0,1,0
425156,intact_enforced,0,1,0
425156,dropout1000_enforced,0,1,0
425156,dropout1000_logging,0,1,0
425157,dropout1000_enforced,0,0,0
425157,intact_enforced,0,0,0
425157,dropout1000_logging,0,0,0
425157,intact_logging,0,0,0
425158,dropout1000_enforced,1,1,0
425158,intact_logging,1,1,0
425158,intact_enforced,1,1,0
425158,dropout1000_logging,1,1,0
425159,intact_logging,0,0,0
425159,intact_enforced,0,0,0
425159,dropout1000_logging,0,0,0
425159,dropout1000_enforced,0,0,0
425160,intact_logging,0,0,0
425160,dropout1000_enforced,0,0,0
425160,intact_enforced,0,0,0
425160,dropout1000_logging,0,0,0
425161,intact_logging,1,1,0
425161,dropout1000_enforced,1,1,0
425161,dropout1000_logging,1,1,0
425161,intact_enforced,1,1,0
425162,dropout1000_logging,0,0,0
425162,intact_logging,0,0,0
425162,dropout1000_enforced,0,0,0
425162,intact_enforced,0,0,0
425163,intact_enforced,1,1,0
425163,dropout1000_enforced,1,1,0
425163,intact_logging,1,1,0
425163,dropout1000_logging,1,1,0
425164,dropout1000_logging,0,0,0
425164,intact_logging,0,0,0
425164,intact_enforced,0,0,0
425164,dropout1000_enforced,0,0,0
425165,intact_enforced,0,1,0
425165,intact_logging,0,1,0
425165,dropout1000_logging,0,1,0
425165,dropout1000_enforced,0,1,0
425166,dropout1000_enforced,1,0,1
425166,dropout1000_logging,1,0,1
425166,intact_logging,1,0,0
425166,intact_enforced,1,0,0
425167,intact_logging,0,0,0
425167,dropout1000_enforced,0,0,0
425167,intact_enforced,0,0,0
425167,dropout1000_logging,0,0,0
425168,intact_logging,1,0,0
425168,dropout1000_logging,1,0,0
425168,dropout1000_enforced,1,0,0
425168,intact_enforced,1,0,0
425169,intact_logging,1,1,0
425169,dropout1000_logging,1,1,0
425169,dropout1000_enforced,1,1,0
425169,intact_enforced,1,1,0
425170,dropout1000_logging,0,0,0
425170,dropout1000_enforced,0,0,0
425170,intact_enforced,0,0,0
425170,intact_logging,0,0,0
425171,intact_logging,0,0,0
425171,intact_enforced,0,0,0
425171,dropout1000_enforced,0,0,0
425171,dropout1000_logging,0,0,0
425172,dropout1000_enforced,0,0,0
425172,dropout1000_logging,0,0,0
425172,intact_enforced,0,0,0
425172,intact_logging,0,0,0
425173,dropout1000_enforced,1,0,0
425173,intact_logging,1,0,0
425173,intact_enforced,1,0,0
425173,dropout1000_logging,1,0,0
425174,dropout1000_enforced,1,1,0
425174,dropout1000_logging,1,1,0
425174,intact_logging,1,1,0
425174,intact_enforced,1,1,0
425175,dropout1000_enforced,1,0,0
425175,intact_logging,1,0,0
425175,dropout1000_logging,1,0,0
425175,intact_enforced,1,0,0
425176,intact_enforced,1,0,0
425176,dropout1000_enforced,1,0,1
425176,intact_logging,1,0,0
425176,dropout1000_logging,1,0,1
425177,dropout1000_enforced,1,1,0
425177,dropout1000_logging,1,1,0
425177,intact_logging,1,1,0
425177,intact_enforced,1,1,0
425178,dropout1000_enforced,1,0,0
425178,dropout1000_logging,1,0,0
425178,intact_logging,1,0,0
425178,intact_enforced,1,0,0
425179,dropout1000_logging,0,1,0
425179,intact_logging,0,1,0
425179,dropout1000_enforced,0,1,0
425179,intact_enforced,0,1,0
425180,intact_enforced,0,1,0
425180,intact_logging,0,1,0
425180,dropout1000_enforced,0,1,0
425180,dropout1000_logging,0,1,0
425181,dropout1000_logging,1,1,0
425181,intact_logging,1,1,0
425181,intact_enforced,1,1,0
425181,dropout1000_enforced,1,1,0
425182,intact_enforced,0,0,0
425182,dropout1000_enforced,0,0,0
425182,intact_logging,0,0,0
425182,dropout1000_logging,0,0,0
425183,dropout1000_enforced,1,1,0
425183,dropout1000_logging,1,1,0
425183,intact_enforced,1,1,0
425183,intact_logging,1,1,0
425184,dropout1000_logging,1,0,1
425184,intact_enforced,1,0,0
425184,intact_logging,1,0,0
425184,dropout1000_enforced,1,0,1
425185,intact_logging,0,1,0
425185,dropout1000_logging,0,1,0
425185,dropout1000_enforced,0,1,0
425185,intact_enforced,0,1,0
425186,intact_logging,1,0,0
425186,intact_enforced,1,0,0
425186,dropout1000_logging,1,0,0
425186,dropout1000_enforced,1,0,0
425187,intact_logging,0,1,0
425187,intact_enforced,0,1,0
425187,dropout1000_enforced,0,1,0
425187,dropout1000_logging,0,1,0
425188,intact_logging,0,0,0
425188,dropout1000_enforced,0,0,0
425188,intact_enforced,0,0,0
425188,dropout1000_logging,0,0,0
425189,intact_enforced,0,0,0
425189,dropout1000_enforced,0,0,0
425189,dropout1000_logging,0,0,0
425189,intact_logging,0,0,0
425190,intact_enforced,1,0,0
425190,dropout1000_enforced,1,0,0
425190,dropout1000_logging,1,0,0
425190,intact_logging,1,0,0
425191,dropout1000_logging,1,1,0
425191,intact_logging,1,1,0
425191,intact_enforced,1,1,0
425191,dropout1000_enforced,1,1,0
425192,intact_logging,0,0,0
425192,dropout1000_logging,0,0,0
425192,intact_enforced,0,0,0
425192,dropout1000_enforced,0,0,0
425193,dropout1000_enforced,0,0,0
425193,intact_enforced,0,0,0
425193,intact_logging,0,0,0
425193,dropout1000_logging,0,0,0
425194,dropout1000_enforced,1,1,0
425194,dropout1000_logging,1,1,0
425194,intact_logging,1,1,0
425194,intact_enforced,1,1,0
425195,dropout1000_enforced,0,1,0
425195,intact_enforced,0,1,0
425195,intact_logging,0,1,0
425195,dropout1000_logging,0,1,0
425196,dropout1000_logging,1,0,0
425196,dropout1000_enforced,1,0,0
425196,intact_logging,1,0,0
425196,intact_enforced,1,0,0
425197,dropout1000_enforced,1,1,0
425197,dropout1000_logging,1,1,0
425197,intact_logging,1,1,0
425197,intact_enforced,1,1,0
425198,intact_enforced,0,0,0
425198,intact_logging,0,0,0
425198,dropout1000_enforced,0,0,0
425198,dropout1000_logging,0,0,0
425199,intact_logging,1,1,0
425199,dropout1000_enforced,1,1,0
425199,dropout1000_logging,1,1,0
425199,intact_enforced,1,1,0
425200,intact_enforced,1,0,0
425200,dropout1000_logging,1,0,0
425200,intact_logging,1,0,0
425200,dropout1000_enforced,1,0,0
425201,dropout1000_logging,0,1,0
425201,dropout1000_enforced,0,1,0
425201,intact_logging,0,1,0
425201,intact_enforced,0,1,0
425202,intact_logging,0,1,0
425202,dropout1000_logging,0,1,0
425202,intact_enforced,0,1,0
425202,dropout1000_enforced,0,1,0
425203,intact_logging,1,0,0
425203,dropout1000_logging,1,0,0
425203,intact_enforced,1,0,0
425203,dropout1000_enforced,1,0,0
425204,dropout1000_logging,0,1,0
425204,dropout1000_enforced,0,1,0
425204,intact_logging,0,1,0
425204,intact_enforced,0,1,0
425205,dropout1000_logging,0,0,0
425205,dropout1000_enforced,0,0,0
425205,intact_logging,0,0,0
425205,intact_enforced,0,0,0
425206,dropout1000_enforced,0,1,0
425206,intact_logging,0,1,0
425206,dropout1000_logging,0,1,0
425206,intact_enforced,0,1,0
425207,intact_logging,1,0,0
425207,intact_enforced,1,0,0
425207,dropout1000_enforced,1,0,0
425207,dropout1000_logging,1,0,0
425208,dropout1000_enforced,0,1,1
425208,intact_logging,0,1,0
425208,intact_enforced,0,1,0
425208,dropout1000_logging,0,1,1
425209,dropout1000_logging,1,1,0
425209,intact_enforced,1,1,0
425209,dropout1000_enforced,1,1,0
425209,intact_logging,1,1,0
425210,dropout1000_enforced,0,0,0
425210,intact_enforced,0,0,0
425210,intact_logging,0,0,0
425210,dropout1000_logging,0,0,0
425211,intact_enforced,0,1,0
425211,intact_logging,0,1,0
425211,dropout1000_logging,0,1,0
425211,dropout1000_enforced,0,1,0
425212,intact_enforced,1,1,0
425212,intact_logging,1,1,0
425212,dropout1000_enforced,1,1,0
425212,dropout1000_logging,1,1,0
425213,dropout1000_enforced,0,0,0
425213,intact_enforced,0,0,0
425213,dropout1000_logging,0,0,0
425213,intact_logging,0,0,0
425214,dropout1000_logging,0,1,0
425214,dropout1000_enforced,0,1,0
425214,intact_enforced,0,1,0
425214,intact_logging,0,1,0
425215,dropout1000_logging,0,0,1
425215,intact_logging,0,0,0
425215,intact_enforced,0,0,0
425215,dropout1000_enforced,0,0,1
425216,intact_enforced,0,0,0
425216,dropout1000_enforced,0,0,0
425216,intact_logging,0,0,0
425216,dropout1000_logging,0,0,0
425217,intact_enforced,0,0,0
425217,dropout1000_enforced,0,0,1
425217,intact_logging,0,0,0
425217,dropout1000_logging,0,0,1
425218,dropout1000_logging,0,1,0
425218,dropout1000_enforced,0,1,0
425218,intact_logging,0,1,0
425218,intact_enforced,0,1,0
425219,dropout1000_enforced,0,0,0
425219,dropout1000_logging,0,0,0
425219,intact_logging,0,0,0
425219,intact_enforced,0,0,0
425220,intact_logging,0,1,0
425220,dropout1000_enforced,0,1,0
425220,dropout1000_logging,0,1,0
425220,intact_enforced,0,1,0
425221,dropout1000_enforced,1,1,0
425221,dropout1000_logging,1,1,0
425221,intact_enforced,1,1,0
425221,intact_logging,1,1,0
425222,dropout1000_enforced,1,1,0
425222,dropout1000_logging,1,1,0
425222,intact_enforced,1,1,0
425222,intact_logging,1,1,0
425223,dropout1000_logging,0,1,0
425223,intact_enforced,0,1,0
425223,intact_logging,0,1,0
425223,dropout1000_enforced,0,1,0
425224,dropout1000_logging,1,0,0
425224,dropout1000_enforced,1,0,0
425224,intact_enforced,1,0,0
425224,intact_logging,1,0,0
425225,dropout1000_enforced,1,1,0
425225,intact_logging,1,1,0
425225,dropout1000_logging,1,1,0
425225,intact_enforced,1,1,0
425226,dropout1000_logging,0,1,0
425226,dropout1000_enforced,0,1,0
425226,intact_enforced,0,1,0
425226,intact_logging,0,1,0
425227,dropout1000_logging,0,0,0
425227,dropout1000_enforced,0,0,0
425227,intact_enforced,0,0,0
425227,intact_logging,0,0,0
425228,intact_logging,1,0,0
425228,dropout1000_enforced,1,0,0
425228,intact_enforced,1,0,0
425228,dropout1000_logging,1,0,0
425229,intact_enforced,0,1,0
425229,intact_logging,0,1,0
425229,dropout1000_enforced,0,1,0
425229,dropout1000_logging,0,1,0
425230,intact_enforced,1,1,0
425230,dropout1000_logging,1,1,0
425230,dropout1000_enforced,1,1,0
425230,intact_logging,1,1,0
425231,intact_enforced,1,1,0
425231,dropout1000_enforced,1,1,0
425231,dropout1000_logging,1,1,0
425231,intact_logging,1,1,0
425232,dropout1000_logging,1,1,0
425232,intact_logging,1,1,0
425232,dropout1000_enforced,1,1,0
425232,intact_enforced,1,1,0
425233,intact_enforced,0,0,0
425233,dropout1000_logging,0,0,0
425233,intact_logging,0,0,0
425233,dropout1000_enforced,0,0,0
425234,intact_logging,0,1,0
425234,dropout1000_enforced,0,1,0
425234,intact_enforced,0,1,0
425234,dropout1000_logging,0,1,0
425235,dropout1000_enforced,1,1,0
425235,dropout1000_logging,1,1,0
425235,intact_logging,1,1,0
425235,intact_enforced,1,1,0
425236,intact_logging,1,0,0
425236,intact_enforced,1,0,0
425236,dropout1000_enforced,1,0,0
425236,dropout1000_logging,1,0,0
425237,intact_logging,0,1,0
425237,intact_enforced,0,1,0
425237,dropout1000_enforced,0,1,0
425237,dropout1000_logging,0,1,0
425238,dropout1000_enforced,1,0,0
425238,intact_logging,1,0,0
425238,intact_enforced,1,0,0
425238,dropout1000_logging,1,0,0
425239,intact_enforced,0,1,0
425239,intact_logging,0,1,0
425239,dropout1000_logging,0,1,0
425239,dropout1000_enforced,0,1,0
425240,intact_logging,1,0,0
425240,dropout1000_logging,1,0,0
425240,intact_enforced,1,0,0
425240,dropout1000_enforced,1,0,0
425241,dropout1000_logging,0,1,1
425241,intact_enforced,0,1,0
425241,intact_logging,0,1,0
425241,dropout1000_enforced,0,1,1
425242,intact_enforced,0,1,0
425242,intact_logging,0,1,0
425242,dropout1000_enforced,0,1,0
425242,dropout1000_logging,0,1,0
425243,dropout1000_enforced,1,0,0
425243,intact_enforced,1,0,0
425243,dropout1000_logging,1,0,0
425243,intact_logging,1,0,0
425244,dropout1000_logging,0,1,0
425244,dropout1000_enforced,0,1,0
425244,intact_enforced,0,1,0
425244,intact_logging,0,1,0
425245,intact_enforced,1,1,0
425245,dropout1000_enforced,1,1,1
425245,intact_logging,1,1,0
425245,dropout1000_logging,1,1,1
425246,intact_enforced,0,0,0
425246,intact_logging,0,0,0
425246,dropout1000_logging,0,0,0
425246,dropout1000_enforced,0,0,0
425247,dropout1000_enforced,0,1,0
425247,dropout1000_logging,0,1,0
425247,intact_logging,0,1,0
425247,intact_enforced,0,1,0
425248,dropout1000_enforced,0,1,0
425248,dropout1000_logging,0,1,0
425248,intact_enforced,0,1,0
425248,intact_logging,0,1,0
425249,intact_enforced,0,0,0
425249,intact_logging,0,0,0
425249,dropout1000_enforced,0,0,0
425249,dropout1000_logging,0,0,0
425250,dropout1000_enforced,1,0,0
425250,intact_logging,1,0,0
425250,dropout1000_logging,1,0,0
425250,intact_enforced,1,0,0
425251,intact_logging,1,1,0
425251,dropout1000_enforced,1,1,0
425251,intact_enforced,1,1,0
425251,dropout1000_logging,1,1,0
425252,dropout1000_enforced,0,1,0
425252,dropout1000_logging,0,1,0
425252,intact_enforced,0,1,0
425252,intact_logging,0,1,0
425253,intact_enforced,1,0,0
425253,dropout1000_logging,1,0,1
425253,dropout1000_enforced,1,0,1
425253,intact_logging,1,0,0
425254,dropout1000_logging,1,1,0
425254,intact_enforced,1,1,0
425254,dropout1000_enforced,1,1,0
425254,intact_logging,1,1,0
425255,dropout1000_enforced,0,1,0
425255,intact_logging,0,1,0
425255,intact_enforced,0,1,0
425255,dropout1000_logging,0,1,0
425256,intact_enforced,1,0,0
425256,dropout1000_logging,1,0,0
425256,dropout1000_enforced,1,0,0
425256,intact_logging,1,0,0
425257,dropout1000_enforced,0,1,0
425257,dropout1000_logging,0,1,0
425257,intact_logging,0,1,0
425257,intact_enforced,0,1,0
425258,dropout1000_enforced,0,0,0
425258,dropout1000_logging,0,0,0
425258,intact_logging,0,0,0
425258,intact_enforced,0,0,0
425259,dropout1000_logging,1,0,0
425259,intact_enforced,1,0,0
425259,intact_logging,1,0,0
425259,dropout1000_enforced,1,0,0
425260,intact_logging,1,0,0
425260,dropout1000_enforced,1,0,0
425260,dropout1000_logging,1,0,0
425260,intact_enforced,1,0,0
425261,intact_logging,0,1,0
425261,dropout1000_logging,0,1,0
425261,intact_enforced,0,1,0
425261,dropout1000_enforced,0,1,0
425262,intact_enforced,1,0,0
425262,dropout1000_enforced,1,0,0
425262,dropout1000_logging,1,0,0
425262,intact_logging,1,0,0
425263,dropout1000_logging,1,0,0
425263,dropout1000_enforced,1,0,0
425263,intact_logging,1,0,0
425263,intact_enforced,1,0,0
425264,dropout1000_logging,1,1,0
425264,dropout1000_enforced,1,1,0
425264,intact_enforced,1,1,0
425264,intact_logging,1,1,0
425265,intact_enforced,1,1,0
425265,intact_logging,1,1,0
425265,dropout1000_logging,1,1,0
425265,dropout1000_enforced,1,1,0
425266,dropout1000_logging,0,1,0
425266,intact_logging,0,1,0
425266,intact_enforced,0,1,0
425266,dropout1000_enforced,0,1,0
425267,intact_logging,0,0,0
425267,dropout1000_logging,0,0,0
425267,dropout1000_enforced,0,0,0
425267,intact_enforced,0,0,0
425268,dropout1000_enforced,0,1,0
425268,intact_logging,0,1,0
425268,dropout1000_logging,0,1,0
425268,intact_enforced,0,1,0
425269,intact_enforced,1,1,0
425269,intact_logging,1,1,0
425269,dropout1000_logging,1,1,0
425269,dropout1000_enforced,1,1,0
425270,dropout1000_logging,1,0,1
425270,dropout1000_enforced,1,0,1
425270,intact_logging,1,0,0
425270,intact_enforced,1,0,0
425271,dropout1000_enforced,0,1,0
425271,intact_enforced,0,1,0
425271,intact_logging,0,1,0
425271,dropout1000_logging,0,1,0
425272,dropout1000_enforced,1,1,0
425272,intact_enforced,1,1,0
425272,intact_logging,1,1,0
425272,dropout1000_logging,1,1,0
425273,intact_enforced,1,0,0
425273,dropout1000_logging,1,0,0
425273,intact_logging,1,0,0
425273,dropout1000_enforced,1,0,0
425274,intact_logging,0,1,0
425274,dropout1000_logging,0,1,0
425274,dropout1000_enforced,0,1,0
425274,intact_enforced,0,1,0
425275,dropout1000_enforced,1,0,0
425275,dropout1000_logging,1,0,0
425275,intact_enforced,1,0,0
425275,intact_logging,1,0,0
425276,intact_enforced,1,1,0
425276,dropout1000_logging,1,1,0
425276,dropout1000_enforced,1,1,0
425276,intact_logging,1,1,0
425277,dropout1000_enforced,1,1,0
425277,intact_logging,1,1,0
425277,intact_enforced,1,1,0
425277,dropout1000_logging,1,1,0
425278,dropout1000_logging,1,0,1
425278,intact_logging,1,0,0
425278,intact_enforced,1,0,0
425278,dropout1000_enforced,1,0,1
425279,intact_enforced,1,1,0
425279,dropout1000_logging,1,1,0
425279,intact_logging,1,1,0
425279,dropout1000_enforced,1,1,0
425280,dropout1000_logging,1,1,0
425280,intact_logging,1,1,0
425280,dropout1000_enforced,1,1,0
425280,intact_enforced,1,1,0
425281,dropout1000_logging,0,0,0
425281,dropout1000_enforced,0,0,0
425281,intact_enforced,0,0,0
425281,intact_logging,0,0,0
425282,intact_enforced,0,0,0
425282,dropout1000_enforced,0,0,0
425282,intact_logging,0,0,0
425282,dropout1000_logging,0,0,0
425283,dropout1000_enforced,1,0,0
425283,intact_logging,1,0,0
425283,intact_enforced,1,0,0
425283,dropout1000_logging,1,0,0
425284,dropout1000_logging,1,1,0
425284,intact_enforced,1,1,0
425284,dropout1000_enforced,1,1,0
425284,intact_logging,1,1,0
425285,intact_enforced,1,0,0
425285,intact_logging,1,0,0
425285,dropout1000_enforced,1,0,0
425285,dropout1000_logging,1,0,0
425286,dropout1000_enforced,1,1,0
425286,intact_logging,1,1,0
425286,intact_enforced,1,1,0
425286,dropout1000_logging,1,1,0
425287,dropout1000_logging,0,0,0
425287,intact_logging,0,0,0
425287,dropout1000_enforced,0,0,0
425287,intact_enforced,0,0,0
425288,dropout1000_logging,1,0,0
425288,dropout1000_enforced,1,0,0
425288,intact_enforced,1,0,0
425288,intact_logging,1,0,0
425289,intact_enforced,0,1,0
425289,dropout1000_enforced,0,1,0
425289,intact_logging,0,1,0
425289,dropout1000_logging,0,1,0
425290,dropout1000_logging,0,0,0
425290,intact_enforced,0,0,0
425290,dropout1000_enforced,0,0,0
425290,intact_logging,0,0,0
425291,dropout1000_enforced,1,0,0
425291,intact_logging,1,0,0
425291,intact_enforced,1,0,0
425291,dropout1000_logging,1,0,0
425292,intact_enforced,0,0,0
425292,dropout1000_logging,0,0,1
425292,dropout1000_enforced,0,0,1
425292,intact_logging,0,0,0
425293,intact_logging,0,1,0
425293,dropout1000_enforced,0,1,0
425293,dropout1000_logging,0,1,0
425293,intact_enforced,0,1,0
425294,dropout1000_enforced,0,0,0
425294,intact_enforced,0,0,0
425294,intact_logging,0,0,0
425294,dropout1000_logging,0,0,0
425295,dropout1000_enforced,0,0,1
425295,intact_logging,0,0,0
425295,dropout1000_logging,0,0,1
425295,intact_enforced,0,0,0
425296,dropout1000_logging,1,0,0
425296,intact_enforced,1,0,0
425296,intact_logging,1,0,0
425296,dropout1000_enforced,1,0,0
425297,intact_enforced,1,1,0
425297,dropout1000_enforced,1,1,1
425297,intact_logging,1,1,0
425297,dropout1000_logging,1,1,1
425298,dropout1000_logging,0,0,0
425298,intact_logging,0,0,0
425298,intact_enforced,0,0,0
425298,dropout1000_enforced,0,0,0
425299,intact_logging,0,0,0
425299,dropout1000_logging,0,0,0
425299,intact_enforced,0,0,0
425299,dropout1000_enforced,0,0,0
425300,intact_enforced,1,1,0
425300,dropout1000_logging,1,1,0
425300,intact_logging,1,1,0
425300,dropout1000_enforced,1,1,0
425301,dropout1000_enforced,0,0,0
425301,intact_enforced,0,0,0
425301,dropout1000_logging,0,0,0
425301,intact_logging,0,0,0
425302,intact_enforced,1,0,0
425302,intact_logging,1,0,0
425302,dropout1000_logging,1,0,0
425302,dropout1000_enforced,1,0,0
425303,dropout1000_enforced,1,1,0
425303,dropout1000_logging,1,1,0
425303,intact_logging,1,1,0
425303,intact_enforced,1,1,0
425304,dropout1000_enforced,0,0,0
425304,intact_enforced,0,0,0
425304,dropout1000_logging,0,0,0
425304,intact_logging,0,0,0
425305,dropout1000_enforced,0,1,0
425305,intact_logging,0,1,0
425305,intact_enforced,0,1,0
425305,dropout1000_logging,0,1,0
425306,intact_logging,0,1,0
425306,intact_enforced,0,1,0
425306,dropout1000_logging,0,1,0
425306,dropout1000_enforced,0,1,0
425307,dropout1000_enforced,1,1,0
425307,intact_logging,1,1,0
425307,dropout1000_logging,1,1,0
425307,intact_enforced,1,1,0
425308,intact_logging,0,1,0
425308,dropout1000_logging,0,1,0
425308,dropout1000_enforced,0,1,0
425308,intact_enforced,0,1,0
425309,intact_enforced,0,0,0
425309,dropout1000_enforced,0,0,0
425309,dropout1000_logging,0,0,0
425309,intact_logging,0,0,0
425310,intact_enforced,0,0,0
425310,dropout1000_enforced,0,0,0
425310,intact_logging,0,0,0
425310,dropout1000_logging,0,0,0
425311,dropout1000_logging,1,0,0
425311,intact_logging,1,0,0
425311,intact_enforced,1,0,0
425311,dropout1000_enforced,1,0,0
425312,dropout1000_enforced,0,1,0
425312,dropout1000_logging,0,1,0
425312,intact_enforced,0,1,0
425312,intact_logging,0,1,0
425313,intact_logging,0,0,0
425313,intact_enforced,0,0,0
425313,dropout1000_logging,0,0,0
425313,dropout1000_enforced,0,0,0
425314,intact_enforced,1,0,0
425314,intact_logging,1,0,0
425314,dropout1000_enforced,1,0,0
425314,dropout1000_logging,1,0,0
425315,dropout1000_logging,0,1,0
425315,intact_enforced,0,1,0
425315,dropout1000_enforced,0,1,0
425315,intact_logging,0,1,0
425316,dropout1000_logging,0,1,0
425316,intact_enforced,0,1,0
425316,intact_logging,0,1,0
425316,dropout1000_enforced,0,1,0
425317,intact_enforced,1,1,0
425317,dropout1000_enforced,1,1,0
425317,intact_logging,1,1,0
425317,dropout1000_logging,1,1,0
425318,dropout1000_enforced,0,0,0
425318,intact_enforced,0,0,0
425318,dropout1000_logging,0,0,0
425318,intact_logging,0,0,0
425319,dropout1000_logging,1,1,0
425319,intact_enforced,1,1,0
425319,intact_logging,1,1,0
425319,dropout1000_enforced,1,1,0
425320,dropout1000_logging,0,1,0
425320,dropout1000_enforced,0,1,0
425320,intact_logging,0,1,0
425320,intact_enforced,0,1,0
425321,dropout1000_logging,0,1,0
425321,intact_enforced,0,1,0
425321,dropout1000_enforced,0,1,0
425321,intact_logging,0,1,0
425322,intact_logging,1,0,0
425322,dropout1000_enforced,1,0,0
425322,dropout1000_logging,1,0,0
425322,intact_enforced,1,0,0
425323,intact_enforced,1,0,0
425323,intact_logging,1,0,0
425323,dropout1000_enforced,1,0,0
425323,dropout1000_logging,1,0,0
425324,dropout1000_enforced,0,0,1
425324,intact_logging,0,0,0
425324,intact_enforced,0,0,0
425324,dropout1000_logging,0,0,1
425325,dropout1000_logging,0,1,0
425325,intact_logging,0,1,0
425325,dropout1000_enforced,0,1,0
425325,intact_enforced,0,1,0
425326,dropout1000_logging,0,0,0
425326,intact_logging,0,0,0
425326,dropout1000_enforced,0,0,0
425326,intact_enforced,0,0,0
425327,intact_logging,1,1,0
425327,intact_enforced,1,1,0
425327,dropout1000_enforced,1,1,1
425327,dropout1000_logging,1,1,1
425328,intact_enforced,0,1,0
425328,intact_logging,0,1,0
425328,dropout1000_logging,0,1,0
425328,dropout1000_enforced,0,1,0
425329,intact_enforced,0,0,0
425329,dropout1000_enforced,0,0,0
425329,intact_logging,0,0,0
425329,dropout1000_logging,0,0,0
425330,dropout1000_enforced,1,0,0
425330,intact_logging,1,0,0
425330,dropout1000_logging,1,0,0
425330,intact_enforced,1,0,0
425331,dropout1000_enforced,1,1,0
425331,intact_logging,1,1,0
425331,intact_enforced,1,1,0
425331,dropout1000_logging,1,1,0
425332,dropout1000_logging,0,0,0
425332,intact_logging,0,0,0
425332,intact_enforced,0,0,0
425332,dropout1000_enforced,0,0,0
425333,intact_logging,0,1,0
425333,intact_enforced,0,1,0
425333,dropout1000_enforced,0,1,0
425333,dropout1000_logging,0,1,0
425334,intact_logging,1,0,0
425334,dropout1000_logging,1,0,0
425334,dropout1000_enforced,1,0,0
425334,intact_enforced,1,0,0
425335,intact_logging,1,1,0
425335,dropout1000_enforced,1,1,0
425335,intact_enforced,1,1,0
425335,dropout1000_logging,1,1,0
425336,dropout1000_logging,0,1,0
425336,intact_enforced,0,1,0
425336,intact_logging,0,1,0
425336,dropout1000_enforced,0,1,0
425337,dropout1000_enforced,1,0,1
425337,intact_enforced,1,0,0
425337,intact_logging,1,0,0
425337,dropout1000_logging,1,0,1
425338,dropout1000_logging,1,1,0
425338,intact_enforced,1,1,0
425338,dropout1000_enforced,1,1,0
425338,intact_logging,1,1,0
425339,intact_logging,0,0,0
425339,dropout1000_logging,0,0,0
425339,intact_enforced,0,0,0
425339,dropout1000_enforced,0,0,0
425340,intact_enforced,1,1,0
425340,dropout1000_logging,1,1,0
425340,dropout1000_enforced,1,1,0
425340,intact_logging,1,1,0
425341,intact_enforced,0,0,0
425341,intact_logging,0,0,0
425341,dropout1000_enforced,0,0,0
425341,dropout1000_logging,0,0,0
425342,dropout1000_enforced,0,1,0
425342,dropout1000_logging,0,1,0
425342,intact_logging,0,1,0
425342,intact_enforced,0,1,0
425343,dropout1000_enforced,1,0,0
425343,dropout1000_logging,1,0,0
425343,intact_enforced,1,0,0
425343,intact_logging,1,0,0
425344,intact_enforced,1,0,0
425344,intact_logging,1,0,0
425344,dropout1000_enforced,1,0,0
425344,dropout1000_logging,1,0,0
425345,dropout1000_logging,0,0,0
425345,intact_logging,0,0,0
425345,intact_enforced,0,0,0
425345,dropout1000_enforced,0,0,0
425346,intact_enforced,0,1,0
425346,intact_logging,0,1,0
425346,dropout1000_logging,0,1,0
425346,dropout1000_enforced,0,1,0
425347,dropout1000_enforced,0,1,0
425347,dropout1000_logging,0,1,0
425347,intact_enforced,0,1,0
425347,intact_logging,0,1,0
425348,intact_logging,1,0,0
425348,dropout1000_logging,1,0,0
425348,dropout1000_enforced,1,0,0
425348,intact_enforced,1,0,0
425349,intact_logging,1,1,0
425349,dropout1000_enforced,1,1,0
425349,intact_enforced,1,1,0
425349,dropout1000_logging,1,1,0
425350,dropout1000_logging,1,0,0
425350,intact_enforced,1,0,0
425350,dropout1000_enforced,1,0,0
425350,intact_logging,1,0,0
425351,intact_enforced,0,1,0
425351,dropout1000_logging,0,1,0
425351,dropout1000_enforced,0,1,0
425351,intact_logging,0,1,0
425352,dropout1000_enforced,0,0,0
425352,intact_enforced,0,0,0
425352,intact_logging,0,0,0
425352,dropout1000_logging,0,0,0
425353,intact_enforced,0,0,0
425353,dropout1000_logging,0,0,0
425353,intact_logging,0,0,0
425353,dropout1000_enforced,0,0,0
425354,dropout1000_logging,1,0,0
425354,intact_logging,1,0,0
425354,dropout1000_enforced,1,0,0
425354,intact_enforced,1,0,0
425355,intact_logging,1,1,0
425355,dropout1000_enforced,1,1,0
425355,intact_enforced,1,1,0
425355,dropout1000_logging,1,1,0
425356,intact_logging,0,1,0
425356,dropout1000_logging,0,1,0
425356,intact_enforced,0,1,0
425356,dropout1000_enforced,0,1,0
425357,dropout1000_enforced,1,0,0
425357,intact_logging,1,0,0
425357,dropout1000_logging,1,0,0
425357,intact_enforced,1,0,0
425358,intact_logging,0,1,0
425358,dropout1000_enforced,0,1,0
425358,dropout1000_logging,0,1,0
425358,intact_enforced,0,1,0
425359,intact_enforced,1,0,0
425359,dropout1000_enforced,1,0,0
425359,intact_logging,1,0,0
425359,dropout1000_logging,1,0,0
425360,intact_enforced,0,0,0
425360,dropout1000_enforced,0,0,0
425360,intact_logging,0,0,0
425360,dropout1000_logging,0,0,0
425361,intact_logging,1,0,0
425361,intact_enforced,1,0,0
425361,dropout1000_logging,1,0,0
425361,dropout1000_enforced,1,0,0
425362,dropout1000_enforced,0,1,0
425362,intact_logging,0,1,0
425362,intact_enforced,0,1,0
425362,dropout1000_logging,0,1,0
425363,dropout1000_enforced,0,1,0
425363,intact_logging,0,1,0
425363,dropout1000_logging,0,1,0
425363,intact_enforced,0,1,0
425364,dropout1000_enforced,0,1,0
425364,intact_enforced,0,1,0
425364,intact_logging,0,1,0
425364,dropout1000_logging,0,1,0
425365,dropout1000_enforced,0,0,0
425365,dropout1000_logging,0,0,0
425365,intact_logging,0,0,0
425365,intact_enforced,0,0,0
425366,intact_enforced,0,0,0
425366,dropout1000_enforced,0,0,0
425366,intact_logging,0,0,0
425366,dropout1000_logging,0,0,0
425367,intact_enforced,0,0,0
425367,dropout1000_enforced,0,0,0
425367,intact_logging,0,0,0
425367,dropout1000_logging,0,0,0
425368,intact_logging,1,1,0
425368,dropout1000_enforced,1,1,0
425368,dropout1000_logging,1,1,0
425368,intact_enforced,1,1,0
425369,intact_enforced,0,0,0
425369,dropout1000_logging,0,0,0
425369,intact_logging,0,0,0
425369,dropout1000_enforced,0,0,0
425370,intact_enforced,1,0,0
425370,dropout1000_enforced,1,0,0
425370,intact_logging,1,0,0
425370,dropout1000_logging,1,0,0
425371,dropout1000_enforced,0,1,0
425371,dropout1000_logging,0,1,0
425371,intact_logging,0,1,0
425371,intact_enforced,0,1,0
425372,intact_logging,0,1,0
425372,dropout1000_enforced,0,1,0
425372,dropout1000_logging,0,1,0
425372,intact_enforced,0,1,0
425373,intact_enforced,1,0,0
425373,dropout1000_enforced,1,0,0
425373,dropout1000_logging,1,0,0
425373,intact_logging,1,0,0
425374,intact_enforced,1,0,0
425374,intact_logging,1,0,0
425374,dropout1000_enforced,1,0,0
425374,dropout1000_logging,1,0,0
425375,intact_logging,1,0,0
425375,dropout1000_enforced,1,0,0
425375,dropout1000_logging,1,0,0
425375,intact_enforced,1,0,0
425376,dropout1000_logging,0,0,0
425376,intact_enforced,0,0,0
425376,dropout1000_enforced,0,0,0
425376,intact_logging,0,0,0
425377,dropout1000_enforced,0,0,0
425377,intact_logging,0,0,0
425377,intact_enforced,0,0,0
425377,dropout1000_logging,0,0,0
425378,dropout1000_enforced,0,0,0
425378,dropout1000_logging,0,0,0
425378,intact_enforced,0,0,0
425378,intact_logging,0,0,0
425379,dropout1000_logging,1,1,0
425379,intact_enforced,1,1,0
425379,dropout1000_enforced,1,1,0
425379,intact_logging,1,1,0
425380,intact_enforced,1,0,0
425380,intact_logging,1,0,0
425380,dropout1000_logging,1,0,0
425380,dropout1000_enforced,1,0,0
425381,intact_enforced,1,0,0
425381,dropout1000_enforced,1,0,0
425381,intact_logging,1,0,0
425381,dropout1000_logging,1,0,0
425382,dropout1000_logging,0,1,0
425382,intact_enforced,0,1,0
425382,dropout1000_enforced,0,1,0
425382,intact_logging,0,1,0
425383,intact_logging,1,0,0
425383,dropout1000_logging,1,0,1
425383,dropout1000_enforced,1,0,1
425383,intact_enforced,1,0,0
425384,intact_logging,1,1,0
425384,intact_enforced,1,1,0
425384,dropout1000_enforced,1,1,0
425384,dropout1000_logging,1,1,0
425385,dropout1000_enforced,0,0,0
425385,intact_logging,0,0,0
425385,dropout1000_logging,0,0,0
425385,intact_enforced,0,0,0
425386,dropout1000_logging,1,1,1
425386,intact_enforced,1,1,0
425386,dropout1000_enforced,1,1,1
425386,intact_logging,1,1,0
425387,intact_logging,1,1,0
425387,dropout1000_logging,1,1,0
425387,intact_enforced,1,1,0
425387,dropout1000_enforced,1,1,0
425388,intact_enforced,0,0,0
425388,dropout1000_enforced,0,0,1
425388,dropout1000_logging,0,0,1
425388,intact_logging,0,0,0
425389,intact_enforced,0,0,0
425389,dropout1000_logging,0,0,0
425389,dropout1000_enforced,0,0,0
425389,intact_logging,0,0,0
425390,intact_enforced,0,0,0
425390,dropout1000_logging,0,0,0
425390,intact_logging,0,0,0
425390,dropout1000_enforced,0,0,0
425391,dropout1000_logging,1,0,0
425391,intact_logging,1,0,0
425391,intact_enforced,1,0,0
425391,dropout1000_enforced,1,0,0
425392,intact_enforced,1,0,0
425392,dropout1000_enforced,1,0,0
425392,intact_logging,1,0,0
425392,dropout1000_logging,1,0,0
425393,intact_enforced,1,1,0
425393,dropout1000_enforced,1,1,0
425393,dropout1000_logging,1,1,0
425393,intact_logging,1,1,0
425394,intact_enforced,0,1,0
425394,intact_logging,0,1,0
425394,dropout1000_enforced,0,1,0
425394,dropout1000_logging,0,1,0
425395,intact_enforced,0,0,0
425395,dropout1000_logging,0,0,0
425395,dropout1000_enforced,0,0,0
425395,intact_logging,0,0,0
425396,intact_enforced,0,0,0
425396,dropout1000_logging,0,0,0
425396,dropout1000_enforced,0,0,0
425396,intact_logging,0,0,0
425397,intact_logging,0,0,0
425397,dropout1000_enforced,0,0,0
425397,intact_enforced,0,0,0
425397,dropout1000_logging,0,0,0
425398,intact_enforced,0,0,0
425398,intact_logging,0,0,0
425398,dropout1000_logging,0,0,0
425398,dropout1000_enforced,0,0,0
425399,intact_logging,1,1,0
425399,intact_enforced,1,1,0
425399,dropout1000_logging,1,1,0
425399,dropout1000_enforced,1,1,0
425400,intact_logging,1,0,0
425400,dropout1000_enforced,1,0,0
425400,intact_enforced,1,0,0
425400,dropout1000_logging,1,0,0
425401,intact_enforced,0,0,0
425401,intact_logging,0,0,0
425401,dropout1000_logging,0,0,0
425401,dropout1000_enforced,0,0,0
425402,dropout1000_enforced,1,0,0
425402,dropout1000_logging,1,0,0
425402,intact_logging,1,0,0
425402,intact_enforced,1,0,0
425403,dropout1000_logging,1,0,0
425403,intact_logging,1,0,0
425403,intact_enforced,1,0,0
425403,dropout1000_enforced,1,0,0
425404,dropout1000_enforced,1,0,0
425404,intact_logging,1,0,0
425404,dropout1000_logging,1,0,0
425404,intact_enforced,1,0,0
425405,dropout1000_logging,1,0,0
425405,dropout1000_enforced,1,0,0
425405,intact_enforced,1,0,0
425405,intact_logging,1,0,0
425406,dropout1000_enforced,0,1,0
425406,intact_enforced,0,1,0
425406,intact_logging,0,1,0
425406,dropout1000_logging,0,1,0
425407,dropout1000_logging,1,0,0
425407,intact_logging,1,0,0
425407,dropout1000_enforced,1,0,0
425407,intact_enforced,1,0,0
425408,intact_logging,1,0,0
425408,intact_enforced,1,0,0
425408,dropout1000_enforced,1,0,0
425408,dropout1000_logging,1,0,0
425409,dropout1000_enforced,0,1,0
425409,intact_enforced,0,1,0
425409,dropout1000_logging,0,1,0
425409,intact_logging,0,1,0
425410,dropout1000_enforced,1,0,0
425410,dropout1000_logging,1,0,0
425410,intact_enforced,1,0,0
425410,intact_logging,1,0,0
425411,dropout1000_enforced,1,1,0
425411,dropout1000_logging,1,1,0
425411,intact_enforced,1,1,0
425411,intact_logging,1,1,0
425412,dropout1000_enforced,0,0,0
425412,dropout1000_logging,0,0,0
425412,intact_logging,0,0,0
425412,intact_enforced,0,0,0
425413,intact_enforced,0,1,0
425413,dropout1000_logging,0,1,0
425413,intact_logging,0,1,0
425413,dropout1000_enforced,0,1,0
425414,intact_logging,0,0,0
425414,dropout1000_logging,0,0,0
425414,intact_enforced,0,0,0
425414,dropout1000_enforced,0,0,0
425415,intact_enforced,1,1,0
425415,dropout1000_logging,1,1,0
425415,intact_logging,1,1,0
425415,dropout1000_enforced,1,1,0
425416,intact_logging,0,0,0
425416,dropout1000_enforced,0,0,0
425416,intact_enforced,0,0,0
425416,dropout1000_logging,0,0,0
425417,intact_logging,1,0,0
425417,dropout1000_logging,1,0,0
425417,dropout1000_enforced,1,0,0
425417,intact_enforced,1,0,0
425418,intact_enforced,1,0,0
425418,intact_logging,1,0,0
425418,dropout1000_logging,1,0,0
425418,dropout1000_enforced,1,0,0
425419,intact_enforced,0,0,0
425419,intact_logging,0,0,0
425419,dropout1000_logging,0,0,0
425419,dropout1000_enforced,0,0,0
425420,dropout1000_enforced,1,0,0
425420,dropout1000_logging,1,0,0
425420,intact_enforced,1,0,0
425420,intact_logging,1,0,0
425421,intact_enforced,0,1,0
425421,dropout1000_enforced,0,1,0
425421,dropout1000_logging,0,1,0
425421,intact_logging,0,1,0
425422,dropout1000_logging,0,1,1
425422,intact_logging,0,1,0
425422,intact_enforced,0,1,0
425422,dropout1000_enforced,0,1,1
425423,intact_logging,1,0,0
425423,dropout1000_logging,1,0,0
425423,dropout1000_enforced,1,0,0
425423,intact_enforced,1,0,0
425424,dropout1000_enforced,0,0,1
425424,intact_enforced,0,0,0
425424,intact_logging,0,0,0
425424,dropout1000_logging,0,0,1
425425,dropout1000_logging,1,0,0
425425,dropout1000_enforced,1,0,0
425425,intact_logging,1,0,0
425425,intact_enforced,1,0,0
425426,dropout1000_logging,1,1,1
425426,intact_logging,1,1,0
425426,intact_enforced,1,1,0
425426,dropout1000_enforced,1,1,1
425427,intact_enforced,0,0,0
425427,dropout1000_enforced,0,0,0
425427,intact_logging,0,0,0
425427,dropout1000_logging,0,0,0
425428,intact_logging,0,0,0
425428,dropout1000_logging,0,0,0
425428,intact_enforced,0,0,0
425428,dropout1000_enforced,0,0,0
425429,intact_logging,1,1,0
425429,dropout1000_enforced,1,1,0
425429,dropout1000_logging,1,1,0
425429,intact_enforced,1,1,0
425430,dropout1000_enforced,1,0,0
425430,intact_logging,1,0,0
425430,dropout1000_logging,1,0,0
425430,intact_enforced,1,0,0
425431,dropout1000_enforced,1,1,0
425431,intact_enforced,1,1,0
425431,intact_logging,1,1,0
425431,dropout1000_logging,1,1,0
425432,dropout1000_enforced,1,1,0
425432,intact_enforced,1,1,0
425432,dropout1000_logging,1,1,0
425432,intact_logging,1,1,0
425433,dropout1000_logging,0,0,0
425433,intact_logging,0,0,0
425433,dropout1000_enforced,0,0,0
425433,intact_enforced,0,0,0
425434,intact_enforced,0,1,0
425434,dropout1000_enforced,0,1,0
425434,intact_logging,0,1,0
425434,dropout1000_logging,0,1,0
425435,dropout1000_enforced,0,0,0
425435,intact_enforced,0,0,0
425435,intact_logging,0,0,0
425435,dropout1000_logging,0,0,0
425436,dropout1000_enforced,1,1,0
425436,intact_enforced,1,1,0
425436,dropout1000_logging,1,1,0
425436,intact_logging,1,1,0
425437,intact_enforced,1,1,0
425437,dropout1000_logging,1,1,0
425437,intact_logging,1,1,0
425437,dropout1000_enforced,1,1,0
425438,intact_enforced,0,1,0
425438,dropout1000_logging,0,1,0
425438,intact_logging,0,1,0
425438,dropout1000_enforced,0,1,0
425439,dropout1000_logging,0,1,0
425439,intact_logging,0,1,0
425439,dropout1000_enforced,0,1,0
425439,intact_enforced,0,1,0
425440,intact_logging,1,0,0
425440,intact_enforced,1,0,0
425440,dropout1000_logging,1,0,0
425440,dropout1000_enforced,1,0,0
425441,dropout1000_enforced,1,1,0
425441,intact_logging,1,1,0
425441,dropout1000_logging,1,1,0
425441,intact_enforced,1,1,0
425442,intact_logging,0,1,0
425442,dropout1000_enforced,0,1,0
425442,intact_enforced,0,1,0
425442,dropout1000_logging,0,1,0
425443,dropout1000_logging,0,1,0
425443,dropout1000_enforced,0,1,0
425443,intact_logging,0,1,0
425443,intact_enforced,0,1,0
425444,dropout1000_logging,1,0,1
425444,intact_enforced,1,0,0
425444,dropout1000_enforced,1,0,1
425444,intact_logging,1,0,0
425445,dropout1000_logging,1,0,0
425445,dropout1000_enforced,1,0,0
425445,intact_logging,1,0,0
425445,intact_enforced,1,0,0
425446,intact_enforced,0,0,0
425446,dropout1000_enforced,0,0,0
425446,intact_logging,0,0,0
425446,dropout1000_logging,0,0,0
425447,dropout1000_enforced,1,1,0
425447,intact_enforced,1,1,0
425447,dropout1000_logging,1,1,0
425447,intact_logging,1,1,0
425448,intact_enforced,1,0,0
425448,intact_logging,1,0,0
425448,dropout1000_logging,1,0,0
425448,dropout1000_enforced,1,0,0
425449,dropout1000_enforced,1,0,0
425449,intact_logging,1,0,0
425449,dropout1000_logging,1,0,0
425449,intact_enforced,1,0,0
425450,intact_enforced,0,1,0
425450,dropout1000_enforced,0,1,0
425450,dropout1000_logging,0,1,0
425450,intact_logging,0,1,0
425451,intact_logging,1,0,0
425451,dropout1000_logging,1,0,0
425451,dropout1000_enforced,1,0,0
425451,intact_enforced,1,0,0
425452,dropout1000_logging,0,0,0
425452,intact_logging,0,0,0
425452,intact_enforced,0,0,0
425452,dropout1000_enforced,0,0,0
425453,intact_logging,0,1,0
425453,intact_enforced,0,1,0
425453,dropout1000_logging,0,1,0
425453,dropout1000_enforced,0,1,0
425454,dropout1000_logging,1,1,0
425454,intact_enforced,1,1,0
425454,intact_logging,1,1,0
425454,dropout1000_enforced,1,1,0
425455,dropout1000_enforced,1,0,0
425455,intact_enforced,1,0,0
425455,dropout1000_logging,1,0,0
425455,intact_logging,1,0,0
425456,intact_enforced,0,0,0
425456,intact_logging,0,0,0
425456,dropout1000_enforced,0,0,0
425456,dropout1000_logging,0,0,0
425457,dropout1000_logging,0,0,0
425457,intact_enforced,0,0,0
425457,dropout1000_enforced,0,0,0
425457,intact_logging,0,0,0
425458,dropout1000_enforced,0,1,0
425458,intact_enforced,0,1,0
425458,intact_logging,0,1,0
425458,dropout1000_logging,0,1,0
425459,intact_logging,0,0,0
425459,intact_enforced,0,0,0
425459,dropout1000_logging,0,0,0
425459,dropout1000_enforced,0,0,0
425460,dropout1000_enforced,1,0,0
425460,intact_logging,1,0,0
425460,intact_enforced,1,0,0
425460,dropout1000_logging,1,0,0
425461,dropout1000_logging,1,1,0
425461,intact_enforced,1,1,0
425461,dropout1000_enforced,1,1,0
425461,intact_logging,1,1,0
425462,intact_enforced,1,1,0
425462,intact_logging,1,1,0
425462,dropout1000_logging,1,1,0
425462,dropout1000_enforced,1,1,0
425463,dropout1000_enforced,0,1,0
425463,intact_enforced,0,1,0
425463,intact_logging,0,1,0
425463,dropout1000_logging,0,1,0
425464,dropout1000_enforced,0,0,0
425464,intact_logging,0,0,0
425464,dropout1000_logging,0,0,0
425464,intact_enforced,0,0,0
425465,intact_logging,0,1,0
425465,intact_enforced,0,1,0
425465,dropout1000_logging,0,1,0
425465,dropout1000_enforced,0,1,0
425466,dropout1000_logging,0,1,0
425466,intact_logging,0,1,0
425466,intact_enforced,0,1,0
425466,dropout1000_enforced,0,1,0
425467,dropout1000_enforced,0,0,0
425467,intact_logging,0,0,0
425467,intact_enforced,0,0,0
425467,dropout1000_logging,0,0,0
425468,dropout1000_enforced,1,1,1
425468,intact_logging,1,1,0
425468,dropout1000_logging,1,1,1
425468,intact_enforced,1,1,0
425469,intact_enforced,0,1,0
425469,dropout1000_logging,0,1,0
425469,intact_logging,0,1,0
425469,dropout1000_enforced,0,1,0
425470,dropout1000_enforced,1,1,0
425470,intact_logging,1,1,0
425470,intact_enforced,1,1,0
425470,dropout1000_logging,1,1,0
425471,intact_enforced,0,1,0
425471,dropout1000_enforced,0,1,0
425471,dropout1000_logging,0,1,0
425471,intact_logging,0,1,0
425472,dropout1000_logging,1,0,0
425472,dropout1000_enforced,1,0,0
425472,intact_logging,1,0,0
425472,intact_enforced,1,0,0
425473,dropout1000_logging,1,1,1
425473,intact_enforced,1,1,0
425473,intact_logging,1,1,0
425473,dropout1000_enforced,1,1,1
425474,intact_enforced,0,1,0
425474,dropout1000_logging,0,1,0
425474,intact_logging,0,1,0
425474,dropout1000_enforced,0,1,0
425475,dropout1000_logging,1,0,0
425475,dropout1000_enforced,1,0,0
425475,intact_logging,1,0,0
425475,intact_enforced,1,0,0
425476,intact_enforced,1,0,0
425476,dropout1000_enforced,1,0,0
425476,dropout1000_logging,1,0,0
425476,intact_logging,1,0,0
425477,dropout1000_logging,1,0,0
425477,dropout1000_enforced,1,0,0
425477,intact_logging,1,0,0
425477,intact_enforced,1,0,0
425478,intact_enforced,1,1,0
425478,dropout1000_enforced,1,1,1
425478,dropout1000_logging,1,1,1
425478,intact_logging,1,1,0
425479,dropout1000_logging,1,1,0
425479,dropout1000_enforced,1,1,0
425479,intact_enforced,1,1,0
425479,intact_logging,1,1,0
425480,dropout1000_logging,1,0,0
425480,intact_logging,1,0,0
425480,dropout1000_enforced,1,0,0
425480,intact_enforced,1,0,0
425481,intact_logging,0,1,0
425481,intact_enforced,0,1,0
425481,dropout1000_enforced,0,1,0
425481,dropout1000_logging,0,1,0
425482,intact_enforced,1,0,0
425482,dropout1000_enforced,1,0,0
425482,dropout1000_logging,1,0,0
425482,intact_logging,1,0,0
425483,dropout1000_logging,1,0,0
425483,dropout1000_enforced,1,0,0
425483,intact_logging,1,0,0
425483,intact_enforced,1,0,0
425484,dropout1000_logging,0,0,0
425484,intact_logging,0,0,0
425484,dropout1000_enforced,0,0,0
425484,intact_enforced,0,0,0
425485,intact_logging,0,0,0
425485,dropout1000_enforced,0,0,0
425485,dropout1000_logging,0,0,0
425485,intact_enforced,0,0,0
425486,dropout1000_logging,0,0,0
425486,dropout1000_enforced,0,0,0
425486,intact_logging,0,0,0
425486,intact_enforced,0,0,0
425487,intact_enforced,0,1,0
425487,dropout1000_enforced,0,1,0
425487,dropout1000_logging,0,1,0
425487,intact_logging,0,1,0
425488,intact_enforced,1,0,0
425488,dropout1000_logging,1,0,0
425488,dropout1000_enforced,1,0,0
425488,intact_logging,1,0,0
425489,intact_enforced,1,1,0
425489,intact_logging,1,1,0
425489,dropout1000_logging,1,1,0
425489,dropout1000_enforced,1,1,0
425490,intact_enforced,1,1,0
425490,dropout1000_logging,1,1,0
425490,dropout1000_enforced,1,1,0
425490,intact_logging,1,1,0
425491,intact_logging,1,1,0
425491,intact_enforced,1,1,0
425491,dropout1000_enforced,1,1,0
425491,dropout1000_logging,1,1,0
425492,dropout1000_enforced,0,0,0
425492,dropout1000_logging,0,0,0
425492,intact_enforced,0,0,0
425492,intact_logging,0,0,0
425493,dropout1000_enforced,1,0,0
425493,intact_logging,1,0,0
425493,dropout1000_logging,1,0,0
425493,intact_enforced,1,0,0
425494,dropout1000_logging,1,1,0
425494,dropout1000_enforced,1,1,0
425494,intact_logging,1,1,0
425494,intact_enforced,1,1,0
425495,dropout1000_logging,0,0,1
425495,intact_logging,0,0,0
425495,intact_enforced,0,0,0
425495,dropout1000_enforced,0,0,1
425496,dropout1000_enforced,1,0,0
425496,intact_logging,1,0,0
425496,dropout1000_logging,1,0,0
425496,intact_enforced,1,0,0
425497,dropout1000_logging,1,1,0
425497,intact_enforced,1,1,0
425497,intact_logging,1,1,0
425497,dropout1000_enforced,1,1,0
425498,intact_logging,0,1,0
425498,dropout1000_enforced,0,1,0
425498,dropout1000_logging,0,1,0
425498,intact_enforced,0,1,0
425499,intact_logging,1,0,0
425499,dropout1000_logging,1,0,0
425499,intact_enforced,1,0,0
425499,dropout1000_enforced,1,0,0
425500,dropout1000_logging,0,0,0
425500,intact_enforced,0,0,0
425500,intact_logging,0,0,0
425500,dropout1000_enforced,0,0,0
425501,intact_enforced,0,1,0
425501,intact_logging,0,1,0
425501,dropout1000_enforced,0,1,0
425501,dropout1000_logging,0,1,0
425502,intact_logging,1,1,0
425502,dropout1000_logging,1,1,0
425502,dropout1000_enforced,1,1,0
425502,intact_enforced,1,1,0
425503,dropout1000_enforced,1,0,0
425503,intact_logging,1,0,0
425503,dropout1000_logging,1,0,0
425503,intact_enforced,1,0,0
425504,dropout1000_enforced,1,0,0
425504,intact_logging,1,0,0
425504,intact_enforced,1,0,0
425504,dropout1000_logging,1,0,0
425505,intact_logging,0,0,0
425505,intact_enforced,0,0,0
425505,dropout1000_enforced,0,0,0
425505,dropout1000_logging,0,0,0
425506,dropout1000_enforced,1,1,0
425506,intact_enforced,1,1,0
425506,intact_logging,1,1,0
425506,dropout1000_logging,1,1,0
425507,dropout1000_logging,0,0,0
425507,intact_enforced,0,0,0
425507,intact_logging,0,0,0
425507,dropout1000_enforced,0,0,0
425508,dropout1000_logging,0,1,0
425508,intact_enforced,0,1,0
425508,intact_logging,0,1,0
425508,dropout1000_enforced,0,1,0
425509,intact_logging,0,1,0
425509,dropout1000_logging,0,1,0
425509,dropout1000_enforced,0,1,0
425509,intact_enforced,0,1,0
425510,intact_enforced,1,1,0
425510,dropout1000_logging,1,1,0
425510,dropout1000_enforced,1,1,0
425510,intact_logging,1,1,0
425511,intact_logging,1,0,0
425511,intact_enforced,1,0,0
425511,dropout1000_logging,1,0,0
425511,dropout1000_enforced,1,0,0
425512,intact_enforced,1,1,0
425512,intact_logging,1,1,0
425512,dropout1000_logging,1,1,0
425512,dropout1000_enforced,1,1,0
425513,dropout1000_enforced,0,0,0
425513,intact_logging,0,0,0
425513,dropout1000_logging,0,0,0
425513,intact_enforced,0,0,0
425514,intact_logging,0,0,0
425514,dropout1000_logging,0,0,0
425514,intact_enforced,0,0,0
425514,dropout1000_enforced,0,0,0
425515,dropout1000_enforced,1,0,0
425515,intact_enforced,1,0,0
425515,intact_logging,1,0,0
425515,dropout1000_logging,1,0,0
425516,dropout1000_enforced,1,0,0
425516,dropout1000_logging,1,0,0
425516,intact_logging,1,0,0
425516,intact_enforced,1,0,0
425517,intact_logging,1,1,0
425517,dropout1000_logging,1,1,1
425517,intact_enforced,1,1,0
425517,dropout1000_enforced,1,1,1
425518,intact_enforced,1,0,0
425518,dropout1000_enforced,1,0,0
425518,dropout1000_logging,1,0,0
425518,intact_logging,1,0,0
425519,dropout1000_enforced,0,0,0
425519,dropout1000_logging,0,0,0
425519,intact_logging,0,0,0
425519,intact_enforced,0,0,0
425520,dropout1000_logging,1,1,0
425520,intact_enforced,1,1,0
425520,dropout1000_enforced,1,1,0
425520,intact_logging,1,1,0
425521,dropout1000_enforced,0,1,1
425521,intact_logging,0,1,0
425521,intact_enforced,0,1,0
425521,dropout1000_logging,0,1,1
425522,dropout1000_enforced,1,0,0
425522,intact_enforced,1,0,0
425522,dropout1000_logging,1,0,0
425522,intact_logging,1,0,0
425523,intact_enforced,0,0,0
425523,dropout1000_enforced,0,0,0
425523,intact_logging,0,0,0
425523,dropout1000_logging,0,0,0
425524,dropout1000_enforced,1,1,0
425524,intact_logging,1,1,0
425524,intact_enforced,1,1,0
425524,dropout1000_logging,1,1,0
425525,intact_enforced,1,1,0
425525,intact_logging,1,1,0
425525,dropout1000_logging,1,1,0
425525,dropout1000_enforced,1,1,0
425526,dropout1000_logging,1,0,0
425526,dropout1000_enforced,1,0,0
425526,intact_enforced,1,0,0
425526,intact_logging,1,0,0
425527,dropout1000_logging,0,0,0
425527,dropout1000_enforced,0,0,0
425527,intact_logging,0,0,0
425527,intact_enforced,0,0,0
425528,dropout1000_enforced,1,1,0
425528,intact_enforced,1,1,0
425528,dropout1000_logging,1,1,0
425528,intact_logging,1,1,0
425529,dropout1000_enforced,0,1,0
425529,intact_logging,0,1,0
425529,dropout1000_logging,0,1,0
425529,intact_enforced,0,1,0
425530,dropout1000_logging,1,0,0
425530,intact_logging,1,0,0
425530,intact_enforced,1,0,0
425530,dropout1000_enforced,1,0,0
425531,dropout1000_enforced,1,0,0
425531,dropout1000_logging,1,0,0
425531,intact_enforced,1,0,0
425531,intact_logging,1,0,0
425532,intact_enforced,0,1,0
425532,dropout1000_enforced,0,1,0
425532,intact_logging,0,1,0
425532,dropout1000_logging,0,1,0
425533,dropout1000_enforced,1,1,0
425533,intact_enforced,1,1,0
425533,dropout1000_logging,1,1,0
425533,intact_logging,1,1,0
425534,dropout1000_enforced,0,0,0
425534,dropout1000_logging,0,0,0
425534,intact_logging,0,0,0
425534,intact_enforced,0,0,0
425535,dropout1000_enforced,1,0,0
425535,intact_enforced,1,0,0
425535,intact_logging,1,0,0
425535,dropout1000_logging,1,0,0
425536,dropout1000_logging,0,0,0
425536,intact_enforced,0,0,0
425536,dropout1000_enforced,0,0,0
425536,intact_logging,0,0,0
425537,intact_enforced,1,1,0
425537,dropout1000_enforced,1,1,0
425537,dropout1000_logging,1,1,0
425537,intact_logging,1,1,0
425538,dropout1000_logging,1,1,0
425538,intact_enforced,1,1,0
425538,dropout1000_enforced,1,1,0
425538,intact_logging,1,1,0
425539,intact_enforced,0,0,0
425539,dropout1000_enforced,0,0,0
425539,intact_logging,0,0,0
425539,dropout1000_logging,0,0,0
425540,intact_logging,0,1,0
425540,dropout1000_logging,0,1,0
425540,intact_enforced,0,1,0
425540,dropout1000_enforced,0,1,0
425541,intact_enforced,1,1,0
425541,dropout1000_logging,1,1,0
425541,intact_logging,1,1,0
425541,dropout1000_enforced,1,1,0
425542,dropout1000_enforced,0,1,0
425542,dropout1000_logging,0,1,0
425542,intact_enforced,0,1,0
425542,intact_logging,0,1,0
425543,dropout1000_enforced,1,0,0
425543,intact_logging,1,0,0
425543,dropout1000_logging,1,0,0
425543,intact_enforced,1,0,0
425544,intact_logging,0,0,0
425544,dropout1000_enforced,0,0,0
425544,intact_enforced,0,0,0
425544,dropout1000_logging,0,0,0
425545,intact_enforced,0,0,0
425545,dropout1000_logging,0,0,0
425545,dropout1000_enforced,0,0,0
425545,intact_logging,0,0,0
425546,dropout1000_logging,0,1,1
425546,intact_enforced,0,1,0
425546,intact_logging,0,1,0
425546,dropout1000_enforced,0,1,1
425547,dropout1000_enforced,0,1,0
425547,dropout1000_logging,0,1,0
425547,intact_enforced,0,1,0
425547,intact_logging,0,1,0
425548,dropout1000_enforced,1,1,0
425548,intact_enforced,1,1,0
425548,intact_logging,1,1,0
425548,dropout1000_logging,1,1,0
425549,dropout1000_enforced,1,1,0
425549,intact_logging,1,1,0
425549,intact_enforced,1,1,0
425549,dropout1000_logging,1,1,0
425550,dropout1000_enforced,0,0,0
425550,dropout1000_logging,0,0,0
425550,intact_logging,0,0,0
425550,intact_enforced,0,0,0
425551,dropout1000_logging,1,0,0
425551,dropout1000_enforced,1,0,0
425551,intact_logging,1,0,0
425551,intact_enforced,1,0,0
425552,dropout1000_logging,0,1,0
425552,intact_logging,0,1,0
425552,dropout1000_enforced,0,1,0
425552,intact_enforced,0,1,0
425553,dropout1000_logging,1,1,0
425553,intact_enforced,1,1,0
425553,intact_logging,1,1,0
425553,dropout1000_enforced,1,1,0
425554,dropout1000_enforced,1,0,0
425554,intact_enforced,1,0,0
425554,dropout1000_logging,1,0,0
425554,intact_logging,1,0,0
425555,intact_enforced,1,0,0
425555,intact_logging,1,0,0
425555,dropout1000_enforced,1,0,0
425555,dropout1000_logging,1,0,0
425556,intact_enforced,1,0,0
425556,dropout1000_logging,1,0,0
425556,intact_logging,1,0,0
425556,dropout1000_enforced,1,0,0
425557,dropout1000_logging,1,0,1
425557,dropout1000_enforced,1,0,1
425557,intact_logging,1,0,0
425557,intact_enforced,1,0,0
425558,dropout1000_enforced,1,1,1
425558,intact_enforced,1,1,0
425558,intact_logging,1,1,0
425558,dropout1000_logging,1,1,1
425559,dropout1000_enforced,1,1,0
425559,dropout1000_logging,1,1,0
425559,intact_logging,1,1,0
425559,intact_enforced,1,1,0
425560,intact_logging,1,1,0
425560,intact_enforced,1,1,0
425560,dropout1000_enforced,1,1,0
425560,dropout1000_logging,1,1,0
425561,intact_enforced,0,1,0
425561,intact_logging,0,1,0
425561,dropout1000_enforced,0,1,0
425561,dropout1000_logging,0,1,0
425562,dropout1000_logging,0,1,0
425562,dropout1000_enforced,0,1,0
425562,intact_enforced,0,1,0
425562,intact_logging,0,1,0
425563,dropout1000_logging,0,0,0
425563,intact_logging,0,0,0
425563,intact_enforced,0,0,0
425563,dropout1000_enforced,0,0,0
425564,intact_logging,0,0,0
425564,dropout1000_enforced,0,0,0
425564,dropout1000_logging,0,0,0
425564,intact_enforced,0,0,0
425565,dropout1000_logging,0,1,0
425565,intact_logging,0,1,0
425565,intact_enforced,0,1,0
425565,dropout1000_enforced,0,1,0
425566,dropout1000_logging,0,0,0
425566,intact_logging,0,0,0
425566,intact_enforced,0,0,0
425566,dropout1000_enforced,0,0,0
425567,intact_logging,0,0,0
425567,dropout1000_enforced,0,0,0
425567,dropout1000_logging,0,0,0
425567,intact_enforced,0,0,0
425568,intact_enforced,1,0,0
425568,dropout1000_logging,1,0,0
425568,dropout1000_enforced,1,0,0
425568,intact_logging,1,0,0
425569,intact_logging,1,1,0
425569,dropout1000_enforced,1,1,0
425569,dropout1000_logging,1,1,0
425569,intact_enforced,1,1,0
425570,dropout1000_enforced,0,0,0
425570,intact_enforced,0,0,0
425570,intact_logging,0,0,0
425570,dropout1000_logging,0,0,0
425571,intact_logging,1,1,0
425571,dropout1000_enforced,1,1,0
425571,dropout1000_logging,1,1,0
425571,intact_enforced,1,1,0
425572,intact_enforced,0,0,0
425572,intact_logging,0,0,0
425572,dropout1000_enforced,0,0,0
425572,dropout1000_logging,0,0,0
425573,intact_enforced,0,0,0
425573,intact_logging,0,0,0
425573,dropout1000_logging,0,0,0
425573,dropout1000_enforced,0,0,0
425574,intact_logging,1,1,0
425574,intact_enforced,1,1,0
425574,dropout1000_enforced,1,1,0
425574,dropout1000_logging,1,1,0
425575,dropout1000_logging,1,0,0
425575,dropout1000_enforced,1,0,0
425575,intact_logging,1,0,0
425575,intact_enforced,1,0,0
425576,dropout1000_logging,0,1,0
425576,intact_logging,0,1,0
425576,intact_enforced,0,1,0
425576,dropout1000_enforced,0,1,0
425577,dropout1000_logging,1,0,0
425577,intact_enforced,1,0,0
425577,dropout1000_enforced,1,0,0
425577,intact_logging,1,0,0
425578,dropout1000_logging,0,1,0
425578,intact_logging,0,1,0
425578,intact_enforced,0,1,0
425578,dropout1000_enforced,0,1,0
425579,intact_logging,1,0,0
425579,intact_enforced,1,0,0
425579,dropout1000_enforced,1,0,0
425579,dropout1000_logging,1,0,0
425580,intact_enforced,0,0,0
425580,intact_logging,0,0,0
425580,dropout1000_logging,0,0,1
425580,dropout1000_enforced,0,0,1
425581,intact_enforced,0,1,0
425581,intact_logging,0,1,0
425581,dropout1000_logging,0,1,0
425581,dropout1000_enforced,0,1,0
425582,dropout1000_logging,0,1,0
425582,intact_enforced,0,1,0
425582,dropout1000_enforced,0,1,0
425582,intact_logging,0,1,0
425583,intact_logging,0,1,0
425583,intact_enforced,0,1,0
425583,dropout1000_enforced,0,1,0
425583,dropout1000_logging,0,1,0
425584,intact_logging,0,0,0
425584,dropout1000_logging,0,0,0
425584,intact_enforced,0,0,0
425584,dropout1000_enforced,0,0,0
425585,dropout1000_enforced,0,1,0
425585,intact_enforced,0,1,0
425585,intact_logging,0,1,0
425585,dropout1000_logging,0,1,0
425586,dropout1000_logging,0,0,0
425586,intact_logging,0,0,0
425586,dropout1000_enforced,0,0,0
425586,intact_enforced,0,0,0
425587,dropout1000_logging,1,0,0
425587,dropout1000_enforced,1,0,0
425587,intact_enforced,1,0,0
425587,intact_logging,1,0,0
425588,intact_enforced,0,1,0
425588,dropout1000_logging,0,1,0
425588,dropout1000_enforced,0,1,0
425588,intact_logging,0,1,0
425589,dropout1000_logging,0,0,0
425589,intact_logging,0,0,0
425589,dropout1000_enforced,0,0,0
425589,intact_enforced,0,0,0
425590,intact_logging,0,0,0
425590,dropout1000_logging,0,0,0
425590,dropout1000_enforced,0,0,0
425590,intact_enforced,0,0,0
425591,intact_enforced,0,1,0
425591,intact_logging,0,1,0
425591,dropout1000_enforced,0,1,0
425591,dropout1000_logging,0,1,0
425592,intact_enforced,1,1,0
425592,intact_logging,1,1,0
425592,dropout1000_enforced,1,1,0
425592,dropout1000_logging,1,1,0
425593,dropout1000_enforced,1,1,0
425593,intact_logging,1,1,0
425593,dropout1000_logging,1,1,0
425593,intact_enforced,1,1,0
425594,intact_enforced,0,1,0
425594,dropout1000_enforced,0,1,0
425594,intact_logging,0,1,0
425594,dropout1000_logging,0,1,0
425595,dropout1000_enforced,0,1,0
425595,intact_logging,0,1,0
425595,dropout1000_logging,0,1,0
425595,intact_enforced,0,1,0
425596,dropout1000_enforced,0,0,0
425596,intact_enforced,0,0,0
425596,intact_logging,0,0,0
425596,dropout1000_logging,0,0,0
425597,dropout1000_enforced,0,1,0
425597,intact_logging,0,1,0
425597,dropout1000_logging,0,1,0
425597,intact_enforced,0,1,0
425598,intact_enforced,0,1,0
425598,dropout1000_logging,0,1,1
425598,dropout1000_enforced,0,1,1
425598,intact_logging,0,1,0
425599,dropout1000_logging,1,1,0
425599,intact_enforced,1,1,0
425599,intact_logging,1,1,0
425599,dropout1000_enforced,1,1,0
425600,intact_enforced,0,0,0
425600,dropout1000_enforced,0,0,0
425600,dropout1000_logging,0,0,0
425600,intact_logging,0,0,0
425601,dropout1000_enforced,1,0,0
425601,intact_logging,1,0,0
425601,intact_enforced,1,0,0
425601,dropout1000_logging,1,0,0
425602,intact_enforced,1,0,0
425602,dropout1000_logging,1,0,0
425602,intact_logging,1,0,0
425602,dropout1000_enforced,1,0,0
425603,intact_logging,1,1,0
425603,dropout1000_logging,1,1,0
425603,intact_enforced,1,1,0
425603,dropout1000_enforced,1,1,0
425604,dropout1000_logging,0,1,0
425604,dropout1000_enforced,0,1,0
425604,intact_logging,0,1,0
425604,intact_enforced,0,1,0
425605,intact_enforced,0,0,0
425605,dropout1000_logging,0,0,1
425605,intact_logging,0,0,0
425605,dropout1000_enforced,0,0,1
425606,intact_enforced,1,1,0
425606,dropout1000_logging,1,1,0
425606,intact_logging,1,1,0
425606,dropout1000_enforced,1,1,0
425607,intact_enforced,0,0,0
425607,dropout1000_enforced,0,0,0
425607,dropout1000_logging,0,0,0
425607,intact_logging,0,0,0
425608,dropout1000_enforced,0,1,0
425608,intact_logging,0,1,0
425608,dropout1000_logging,0,1,0
425608,intact_enforced,0,1,0
425609,dropout1000_logging,0,1,0
425609,dropout1000_enforced,0,1,0
425609,intact_enforced,0,1,0
425609,intact_logging,0,1,0
425610,dropout1000_enforced,1,0,0
425610,intact_logging,1,0,0
425610,dropout1000_logging,1,0,0
425610,intact_enforced,1,0,0
425611,dropout1000_enforced,1,0,0
425611,intact_enforced,1,0,0
425611,dropout1000_logging,1,0,0
425611,intact_logging,1,0,0
425612,intact_enforced,0,0,0
425612,dropout1000_enforced,0,0,0
425612,dropout1000_logging,0,0,0
425612,intact_logging,0,0,0
425613,dropout1000_logging,1,1,0
425613,intact_enforced,1,1,0
425613,dropout1000_enforced,1,1,0
425613,intact_logging,1,1,0
425614,dropout1000_enforced,0,0,0
425614,intact_logging,0,0,0
425614,dropout1000_logging,0,0,0
425614,intact_enforced,0,0,0
425615,intact_enforced,0,0,0
425615,intact_logging,0,0,0
425615,dropout1000_logging,0,0,0
425615,dropout1000_enforced,0,0,0
425616,intact_logging,0,1,0
425616,intact_enforced,0,1,0
425616,dropout1000_logging,0,1,0
425616,dropout1000_enforced,0,1,0
425617,dropout1000_logging,1,1,0
425617,intact_logging,1,1,0
425617,intact_enforced,1,1,0
425617,dropout1000_enforced,1,1,0
425618,dropout1000_enforced,0,0,1
425618,intact_logging,0,0,0
425618,intact_enforced,0,0,0
425618,dropout1000_logging,0,0,1
425619,intact_logging,1,0,0
425619,dropout1000_enforced,1,0,0
425619,dropout1000_logging,1,0,0
425619,intact_enforced,1,0,0
425620,intact_enforced,1,1,0
425620,intact_logging,1,1,0
425620,dropout1000_logging,1,1,1
425620,dropout1000_enforced,1,1,1
425621,dropout1000_enforced,0,1,0
425621,intact_enforced,0,1,0
425621,dropout1000_logging,0,1,0
425621,intact_logging,0,1,0
425622,dropout1000_enforced,1,1,0
425622,intact_enforced,1,1,0
425622,dropout1000_logging,1,1,0
425622,intact_logging,1,1,0
425623,intact_logging,1,0,0
425623,dropout1000_enforced,1,0,0
425623,dropout1000_logging,1,0,0
425623,intact_enforced,1,0,0
425624,dropout1000_logging,0,0,0
425624,intact_logging,0,0,0
425624,intact_enforced,0,0,0
425624,dropout1000_enforced,0,0,0
425625,dropout1000_logging,0,1,1
425625,intact_logging,0,1,0
425625,dropout1000_enforced,0,1,1
425625,intact_enforced,0,1,0
425626,dropout1000_enforced,0,0,0
425626,intact_enforced,0,0,0
425626,intact_logging,0,0,0
425626,dropout1000_logging,0,0,0
425627,intact_enforced,0,1,0
425627,dropout1000_logging,0,1,0
425627,dropout1000_enforced,0,1,0
425627,intact_logging,0,1,0
425628,dropout1000_enforced,0,1,0
425628,intact_enforced,0,1,0
425628,dropout1000_logging,0,1,0
425628,intact_logging,0,1,0
425629,dropout1000_enforced,1,0,0
425629,intact_enforced,1,0,0
425629,intact_logging,1,0,0
425629,dropout1000_logging,1,0,0
425630,intact_logging,0,0,0
425630,dropout1000_logging,0,0,0
425630,dropout1000_enforced,0,0,0
425630,intact_enforced,0,0,0
425631,dropout1000_enforced,1,1,0
425631,dropout1000_logging,1,1,0
425631,intact_enforced,1,1,0
425631,intact_logging,1,1,0
425632,intact_enforced,1,1,0
425632,intact_logging,1,1,0
425632,dropout1000_logging,1,1,0
425632,dropout1000_enforced,1,1,0
425633,intact_logging,1,0,0
425633,dropout1000_enforced,1,0,0
425633,dropout1000_logging,1,0,0
425633,intact_enforced,1,0,0
425634,intact_enforced,1,1,0
425634,dropout1000_enforced,1,1,0
425634,dropout1000_logging,1,1,0
425634,intact_logging,1,1,0
425635,dropout1000_enforced,1,0,0
425635,intact_logging,1,0,0
425635,intact_enforced,1,0,0
425635,dropout1000_logging,1,0,0
425636,dropout1000_logging,0,0,0
425636,intact_logging,0,0,0
425636,dropout1000_enforced,0,0,0
425636,intact_enforced,0,0,0
425637,intact_logging,1,0,0
425637,dropout1000_enforced,1,0,0
425637,intact_enforced,1,0,0
425637,dropout1000_logging,1,0,0
425638,intact_enforced,1,0,0
425638,dropout1000_enforced,1,0,1
425638,dropout1000_logging,1,0,1
425638,intact_logging,1,0,0
425639,intact_logging,1,1,0
425639,dropout1000_logging,1,1,0
425639,intact_enforced,1,1,0
425639,dropout1000_enforced,1,1,0
425640,intact_enforced,1,1,0
425640,dropout1000_enforced,1,1,0
425640,dropout1000_logging,1,1,0
425640,intact_logging,1,1,0
425641,dropout1000_enforced,1,1,0
425641,dropout1000_logging,1,1,0
425641,intact_logging,1,1,0
425641,intact_enforced,1,1,0
425642,dropout1000_enforced,0,0,0
425642,intact_logging,0,0,0
425642,dropout1000_logging,0,0,0
425642,intact_enforced,0,0,0
425643,intact_logging,0,0,0
425643,dropout1000_logging,0,0,0
425643,intact_enforced,0,0,0
425643,dropout1000_enforced,0,0,0
425644,dropout1000_enforced,0,1,0
425644,dropout1000_logging,0,1,0
425644,intact_logging,0,1,0
425644,intact_enforced,0,1,0
425645,intact_logging,1,1,0
425645,dropout1000_enforced,1,1,0
425645,intact_enforced,1,1,0
425645,dropout1000_logging,1,1,0
425646,dropout1000_enforced,1,0,0
425646,intact_enforced,1,0,0
425646,intact_logging,1,0,0
425646,dropout1000_logging,1,0,0
425647,intact_enforced,1,1,0
425647,intact_logging,1,1,0
425647,dropout1000_logging,1,1,0
425647,dropout1000_enforced,1,1,0
425648,dropout1000_logging,1,1,0
425648,intact_logging,1,1,0
425648,dropout1000_enforced,1,1,0
425648,intact_enforced,1,1,0
425649,intact_enforced,0,0,0
425649,dropout1000_enforced,0,0,0
425649,intact_logging,0,0,0
425649,dropout1000_logging,0,0,0
425650,dropout1000_logging,1,1,1
425650,intact_enforced,1,1,0
425650,intact_logging,1,1,0
425650,dropout1000_enforced,1,1,1
425651,intact_enforced,0,1,0
425651,intact_logging,0,1,0
425651,dropout1000_logging,0,1,0
425651,dropout1000_enforced,0,1,0
425652,dropout1000_enforced,1,1,0
425652,dropout1000_logging,1,1,0
425652,intact_enforced,1,1,0
425652,intact_logging,1,1,0
425653,dropout1000_enforced,1,0,0
425653,dropout1000_logging,1,0,0
425653,intact_logging,1,0,0
425653,intact_enforced,1,0,0
425654,dropout1000_enforced,0,1,0
425654,intact_enforced,0,1,0
425654,intact_logging,0,1,0
425654,dropout1000_logging,0,1,0
425655,dropout1000_enforced,1,1,0
425655,intact_enforced,1,1,0
425655,intact_logging,1,1,0
425655,dropout1000_logging,1,1,0
425656,dropout1000_enforced,1,0,0
425656,intact_enforced,1,0,0
425656,intact_logging,1,0,0
425656,dropout1000_logging,1,0,0
425657,dropout1000_enforced,1,1,0
425657,intact_logging,1,1,0
425657,dropout1000_logging,1,1,0
425657,intact_enforced,1,1,0
425658,intact_logging,0,0,0
425658,dropout1000_logging,0,0,1
425658,intact_enforced,0,0,0
425658,dropout1000_enforced,0,0,1
425659,dropout1000_logging,1,1,0
425659,intact_enforced,1,1,0
425659,intact_logging,1,1,0
425659,dropout1000_enforced,1,1,0
425660,dropout1000_enforced,1,1,0
425660,intact_enforced,1,1,0
425660,dropout1000_logging,1,1,0
425660,intact_logging,1,1,0
425661,dropout1000_enforced,1,0,0
425661,dropout1000_logging,1,0,0
425661,intact_logging,1,0,0
425661,intact_enforced,1,0,0
425662,intact_enforced,1,0,0
425662,intact_logging,1,0,0
425662,dropout1000_enforced,1,0,0
425662,dropout1000_logging,1,0,0
425663,intact_enforced,1,0,0
425663,intact_logging,1,0,0
425663,dropout1000_logging,1,0,0
425663,dropout1000_enforced,1,0,0
425664,intact_logging,0,1,0
425664,intact_enforced,0,1,0
425664,dropout1000_enforced,0,1,0
425664,dropout1000_logging,0,1,0
425665,intact_logging,1,0,0
425665,intact_enforced,1,0,0
425665,dropout1000_logging,1,0,0
425665,dropout1000_enforced,1,0,0
425666,intact_logging,0,1,0
425666,intact_enforced,0,1,0
425666,dropout1000_logging,0,1,0
425666,dropout1000_enforced,0,1,0
425667,dropout1000_enforced,0,1,0
425667,intact_logging,0,1,0
425667,dropout1000_logging,0,1,0
425667,intact_enforced,0,1,0
425668,intact_logging,0,1,0
425668,intact_enforced,0,1,0
425668,dropout1000_enforced,0,1,0
425668,dropout1000_logging,0,1,0
425669,intact_logging,1,0,0
425669,intact_enforced,1,0,0
425669,dropout1000_logging,1,0,0
425669,dropout1000_enforced,1,0,0
425670,intact_logging,1,0,0
425670,dropout1000_enforced,1,0,0
425670,dropout1000_logging,1,0,0
425670,intact_enforced,1,0,0
425671,intact_enforced,0,1,0
425671,dropout1000_logging,0,1,0
425671,dropout1000_enforced,0,1,0
425671,intact_logging,0,1,0
425672,dropout1000_enforced,1,0,0
425672,intact_logging,1,0,0
425672,intact_enforced,1,0,0
425672,dropout1000_logging,1,0,0
425673,dropout1000_enforced,0,0,0
425673,dropout1000_logging,0,0,0
425673,intact_enforced,0,0,0
425673,intact_logging,0,0,0
425674,intact_enforced,0,1,0
425674,intact_logging,0,1,0
425674,dropout1000_logging,0,1,0
425674,dropout1000_enforced,0,1,0
425675,intact_logging,1,0,0
425675,dropout1000_logging,1,0,0
425675,dropout1000_enforced,1,0,0
425675,intact_enforced,1,0,0
425676,intact_enforced,1,1,0
425676,dropout1000_logging,1,1,0
425676,dropout1000_enforced,1,1,0
425676,intact_logging,1,1,0
425677,intact_logging,0,1,0
425677,dropout1000_enforced,0,1,0
425677,intact_enforced,0,1,0
425677,dropout1000_logging,0,1,0
425678,dropout1000_enforced,0,1,0
425678,intact_logging,0,1,0
425678,dropout1000_logging,0,1,0
425678,intact_enforced,0,1,0
425679,dropout1000_logging,0,0,1
425679,intact_enforced,0,0,0
425679,dropout1000_enforced,0,0,1
425679,intact_logging,0,0,0
425680,dropout1000_logging,1,0,0
425680,intact_enforced,1,0,0
425680,dropout1000_enforced,1,0,0
425680,intact_logging,1,0,0
425681,dropout1000_enforced,1,1,0
425681,intact_enforced,1,1,0
425681,dropout1000_logging,1,1,0
425681,intact_logging,1,1,0
425682,intact_enforced,1,0,0
425682,intact_logging,1,0,0
425682,dropout1000_logging,1,0,0
425682,dropout1000_enforced,1,0,0
425683,intact_enforced,1,0,0
425683,dropout1000_logging,1,0,0
425683,dropout1000_enforced,1,0,0
425683,intact_logging,1,0,0
425684,dropout1000_enforced,1,1,0
425684,intact_logging,1,1,0
425684,dropout1000_logging,1,1,0
425684,intact_enforced,1,1,0
425685,intact_logging,1,1,0
425685,dropout1000_logging,1,1,0
425685,dropout1000_enforced,1,1,0
425685,intact_enforced,1,1,0
425686,intact_logging,0,0,0
425686,intact_enforced,0,0,0
425686,dropout1000_logging,0,0,0
425686,dropout1000_enforced,0,0,0
425687,dropout1000_logging,1,0,0
425687,intact_logging,1,0,0
425687,dropout1000_enforced,1,0,0
425687,intact_enforced,1,0,0
425688,dropout1000_enforced,1,1,0
425688,intact_logging,1,1,0
425688,intact_enforced,1,1,0
425688,dropout1000_logging,1,1,0
425689,dropout1000_logging,0,1,0
425689,dropout1000_enforced,0,1,0
425689,intact_logging,0,1,0
425689,intact_enforced,0,1,0
425690,dropout1000_logging,0,0,0
425690,intact_enforced,0,0,0
425690,intact_logging,0,0,0
425690,dropout1000_enforced,0,0,0
425691,intact_enforced,1,1,0
425691,dropout1000_logging,1,1,0
425691,dropout1000_enforced,1,1,0
425691,intact_logging,1,1,0
425692,dropout1000_logging,0,1,0
425692,intact_enforced,0,1,0
425692,intact_logging,0,1,0
425692,dropout1000_enforced,0,1,0
425693,intact_logging,0,0,0
425693,dropout1000_logging,0,0,0
425693,dropout1000_enforced,0,0,0
425693,intact_enforced,0,0,0
425694,intact_logging,1,0,0
425694,dropout1000_logging,1,0,0
425694,dropout1000_enforced,1,0,0
425694,intact_enforced,1,0,0
425695,intact_enforced,1,1,0
425695,intact_logging,1,1,0
425695,dropout1000_enforced,1,1,0
425695,dropout1000_logging,1,1,0
425696,intact_enforced,1,1,0
425696,dropout1000_enforced,1,1,0
425696,intact_logging,1,1,0
425696,dropout1000_logging,1,1,0
425697,dropout1000_enforced,0,1,0
425697,intact_logging,0,1,0
425697,intact_enforced,0,1,0
425697,dropout1000_logging,0,1,0
425698,dropout1000_enforced,0,0,0
425698,intact_enforced,0,0,0
425698,intact_logging,0,0,0
425698,dropout1000_logging,0,0,0
425699,dropout1000_enforced,0,1,0
425699,intact_enforced,0,1,0
425699,dropout1000_logging,0,1,0
425699,intact_logging,0,1,0
425700,dropout1000_logging,0,0,0
425700,intact_logging,0,0,0
425700,dropout1000_enforced,0,0,0
425700,intact_enforced,0,0,0
425701,intact_enforced,0,0,0
425701,intact_logging,0,0,0
425701,dropout1000_logging,0,0,1
425701,dropout1000_enforced,0,0,1
425702,intact_enforced,1,0,0
425702,dropout1000_enforced,1,0,0
425702,intact_logging,1,0,0
425702,dropout1000_logging,1,0,0
425703,dropout1000_enforced,1,1,0
425703,intact_logging,1,1,0
425703,intact_enforced,1,1,0
425703,dropout1000_logging,1,1,0
425704,intact_logging,0,0,0
425704,dropout1000_enforced,0,0,0
425704,dropout1000_logging,0,0,0
425704,intact_enforced,0,0,0
425705,intact_logging,1,0,0
425705,dropout1000_logging,1,0,0
425705,dropout1000_enforced,1,0,0
425705,intact_enforced,1,0,0
425706,dropout1000_logging,0,1,1
425706,intact_enforced,0,1,0
425706,dropout1000_enforced,0,1,1
425706,intact_logging,0,1,0
425707,dropout1000_logging,1,1,0
425707,intact_enforced,1,1,0
425707,dropout1000_enforced,1,1,0
425707,intact_logging,1,1,0
425708,dropout1000_logging,1,0,0
425708,intact_logging,1,0,0
425708,dropout1000_enforced,1,0,0
425708,intact_enforced,1,0,0
425709,intact_enforced,1,0,0
425709,dropout1000_logging,1,0,0
425709,intact_logging,1,0,0
425709,dropout1000_enforced,1,0,0
425710,intact_enforced,1,1,0
425710,dropout1000_logging,1,1,0
425710,intact_logging,1,1,0
425710,dropout1000_enforced,1,1,0
425711,intact_logging,1,1,0
425711,dropout1000_logging,1,1,0
425711,dropout1000_enforced,1,1,0
425711,intact_enforced,1,1,0
425712,intact_logging,0,1,0
425712,dropout1000_logging,0,1,0
425712,dropout1000_enforced,0,1,0
425712,intact_enforced,0,1,0
425713,dropout1000_logging,0,0,0
425713,dropout1000_enforced,0,0,0
425713,intact_logging,0,0,0
425713,intact_enforced,0,0,0
425714,intact_enforced,0,0,0
425714,dropout1000_logging,0,0,0
425714,dropout1000_enforced,0,0,0
425714,intact_logging,0,0,0
425715,dropout1000_enforced,1,1,0
425715,dropout1000_logging,1,1,0
425715,intact_enforced,1,1,0
425715,intact_logging,1,1,0
425716,dropout1000_logging,0,1,0
425716,dropout1000_enforced,0,1,0
425716,intact_enforced,0,1,0
425716,intact_logging,0,1,0
425717,dropout1000_enforced,1,0,0
425717,dropout1000_logging,1,0,0
425717,intact_enforced,1,0,0
425717,intact_logging,1,0,0
425718,intact_enforced,1,0,0
425718,dropout1000_logging,1,0,0
425718,dropout1000_enforced,1,0,0
425718,intact_logging,1,0,0
425719,intact_logging,0,0,0
425719,intact_enforced,0,0,0
425719,dropout1000_enforced,0,0,0
425719,dropout1000_logging,0,0,0
425720,intact_enforced,1,0,0
425720,dropout1000_logging,1,0,1
425720,dropout1000_enforced,1,0,1
425720,intact_logging,1,0,0
425721,dropout1000_enforced,1,0,0
425721,dropout1000_logging,1,0,0
425721,intact_enforced,1,0,0
425721,intact_logging,1,0,0
425722,dropout1000_enforced,0,1,0
425722,intact_logging,0,1,0
425722,dropout1000_logging,0,1,0
425722,intact_enforced,0,1,0
425723,dropout1000_enforced,0,0,0
425723,intact_enforced,0,0,0
425723,dropout1000_logging,0,0,0
425723,intact_logging,0,0,0
425724,intact_enforced,0,1,0
425724,dropout1000_logging,0,1,0
425724,intact_logging,0,1,0
425724,dropout1000_enforced,0,1,0
425725,dropout1000_enforced,1,0,1
425725,dropout1000_logging,1,0,1
425725,intact_logging,1,0,0
425725,intact_enforced,1,0,0
425726,intact_enforced,0,1,0
425726,intact_logging,0,1,0
425726,dropout1000_logging,0,1,0
425726,dropout1000_enforced,0,1,0
425727,dropout1000_logging,1,0,0
425727,intact_enforced,1,0,0
425727,dropout1000_enforced,1,0,0
425727,intact_logging,1,0,0
425728,intact_logging,0,0,0
425728,dropout1000_logging,0,0,0
425728,dropout1000_enforced,0,0,0
425728,intact_enforced,0,0,0
425729,dropout1000_enforced,1,0,0
425729,intact_logging,1,0,0
425729,dropout1000_logging,1,0,0
425729,intact_enforced,1,0,0
425730,dropout1000_logging,1,1,0
425730,intact_enforced,1,1,0
425730,intact_logging,1,1,0
425730,dropout1000_enforced,1,1,0
425731,dropout1000_logging,1,1,1
425731,intact_enforced,1,1,0
425731,dropout1000_enforced,1,1,1
425731,intact_logging,1,1,0
425732,dropout1000_logging,1,1,0
425732,intact_logging,1,1,0
425732,dropout1000_enforced,1,1,0
425732,intact_enforced,1,1,0
425733,intact_logging,1,1,0
425733,dropout1000_enforced,1,1,0
425733,dropout1000_logging,1,1,0
425733,intact_enforced,1,1,0
425734,intact_logging,1,1,0
425734,dropout1000_logging,1,1,0
425734,intact_enforced,1,1,0
425734,dropout1000_enforced,1,1,0
425735,intact_logging,1,1,0
425735,dropout1000_logging,1,1,0
425735,intact_enforced,1,1,0
425735,dropout1000_enforced,1,1,0
425736,dropout1000_enforced,0,0,0
425736,intact_logging,0,0,0
425736,intact_enforced,0,0,0
425736,dropout1000_logging,0,0,0
425737,intact_logging,0,0,0
425737,dropout1000_logging,0,0,0
425737,dropout1000_enforced,0,0,0
425737,intact_enforced,0,0,0
425738,dropout1000_enforced,0,0,0
425738,dropout1000_logging,0,0,0
425738,intact_enforced,0,0,0
425738,intact_logging,0,0,0
425739,dropout1000_logging,0,0,0
425739,intact_logging,0,0,0
425739,intact_enforced,0,0,0
425739,dropout1000_enforced,0,0,0
425740,dropout1000_enforced,1,0,0
425740,intact_enforced,1,0,0
425740,intact_logging,1,0,0
425740,dropout1000_logging,1,0,0
425741,dropout1000_logging,1,1,0
425741,intact_logging,1,1,0
425741,dropout1000_enforced,1,1,0
425741,intact_enforced,1,1,0
425742,intact_logging,1,1,0
425742,dropout1000_logging,1,1,0
425742,dropout1000_enforced,1,1,0
425742,intact_enforced,1,1,0
425743,intact_logging,1,0,0
425743,dropout1000_logging,1,0,0
425743,dropout1000_enforced,1,0,0
425743,intact_enforced,1,0,0
425744,dropout1000_enforced,1,1,0
425744,intact_logging,1,1,0
425744,intact_enforced,1,1,0
425744,dropout1000_logging,1,1,0
425745,dropout1000_logging,0,1,0
425745,intact_enforced,0,1,0
425745,dropout1000_enforced,0,1,0
425745,intact_logging,0,1,0
425746,intact_enforced,0,1,0
425746,dropout1000_enforced,0,1,0
425746,intact_logging,0,1,0
425746,dropout1000_logging,0,1,0
425747,intact_logging,1,1,0
425747,intact_enforced,1,1,0
425747,dropout1000_enforced,1,1,0
425747,dropout1000_logging,1,1,0
425748,intact_enforced,1,0,0
425748,intact_logging,1,0,0
425748,dropout1000_logging,1,0,0
425748,dropout1000_enforced,1,0,0
425749,dropout1000_logging,1,0,0
425749,intact_enforced,1,0,0
425749,intact_logging,1,0,0
425749,dropout1000_enforced,1,0,0
425750,dropout1000_logging,1,0,0
425750,intact_enforced,1,0,0
425750,intact_logging,1,0,0
425750,dropout1000_enforced,1,0,0
425751,intact_enforced,1,0,0
425751,intact_logging,1,0,0
425751,dropout1000_enforced,1,0,0
425751,dropout1000_logging,1,0,0
425752,dropout1000_enforced,0,0,0
425752,dropout1000_logging,0,0,0
425752,intact_logging,0,0,0
425752,intact_enforced,0,0,0
425753,intact_enforced,1,0,0
425753,dropout1000_logging,1,0,0
425753,dropout1000_enforced,1,0,0
425753,intact_logging,1,0,0
425754,intact_enforced,1,0,0
425754,dropout1000_logging,1,0,0
425754,dropout1000_enforced,1,0,0
425754,intact_logging,1,0,0
425755,dropout1000_enforced,0,0,1
425755,intact_enforced,0,0,0
425755,dropout1000_logging,0,0,1
425755,intact_logging,0,0,0
425756,intact_enforced,1,1,0
425756,dropout1000_logging,1,1,0
425756,dropout1000_enforced,1,1,0
425756,intact_logging,1,1,0
425757,intact_enforced,1,1,0
425757,dropout1000_logging,1,1,0
425757,dropout1000_enforced,1,1,0
425757,intact_logging,1,1,0
425758,intact_enforced,0,0,0
425758,dropout1000_logging,0,0,0
425758,dropout1000_enforced,0,0,0
425758,intact_logging,0,0,0
425759,intact_enforced,0,0,0
425759,dropout1000_logging,0,0,0
425759,dropout1000_enforced,0,0,0
425759,intact_logging,0,0,0
425760,dropout1000_enforced,0,0,0
425760,intact_logging,0,0,0
425760,intact_enforced,0,0,0
425760,dropout1000_logging,0,0,0
425761,intact_enforced,0,1,0
425761,dropout1000_logging,0,1,0
425761,dropout1000_enforced,0,1,0
425761,intact_logging,0,1,0
425762,dropout1000_logging,0,1,0
425762,intact_logging,0,1,0
425762,intact_enforced,0,1,0
425762,dropout1000_enforced,0,1,0
425763,dropout1000_enforced,1,1,0
425763,intact_enforced,1,1,0
425763,dropout1000_logging,1,1,0
425763,intact_logging,1,1,0
425764,dropout1000_enforced,1,0,0
425764,intact_logging,1,0,0
425764,dropout1000_logging,1,0,0
425764,intact_enforced,1,0,0
425765,intact_logging,1,1,0
425765,intact_enforced,1,1,0
425765,dropout1000_enforced,1,1,0
425765,dropout1000_logging,1,1,0
425766,dropout1000_enforced,1,1,0
425766,dropout1000_logging,1,1,0
425766,intact_logging,1,1,0
425766,intact_enforced,1,1,0
425767,dropout1000_logging,0,1,0
425767,dropout1000_enforced,0,1,0
425767,intact_logging,0,1,0
425767,intact_enforced,0,1,0
425768,intact_logging,0,1,0
425768,dropout1000_enforced,0,1,0
425768,dropout1000_logging,0,1,0
425768,intact_enforced,0,1,0
425769,dropout1000_enforced,0,0,1
425769,intact_logging,0,0,0
425769,dropout1000_logging,0,0,1
425769,intact_enforced,0,0,0
425770,intact_logging,1,0,0
425770,dropout1000_logging,1,0,0
425770,intact_enforced,1,0,0
425770,dropout1000_enforced,1,0,0
425771,dropout1000_enforced,1,1,0
425771,intact_logging,1,1,0
425771,dropout1000_logging,1,1,0
425771,intact_enforced,1,1,0
425772,dropout1000_logging,0,0,0
425772,intact_logging,0,0,0
425772,dropout1000_enforced,0,0,0
425772,intact_enforced,0,0,0
425773,intact_enforced,1,0,0
425773,dropout1000_enforced,1,0,0
425773,intact_logging,1,0,0
425773,dropout1000_logging,1,0,0
425774,intact_logging,1,0,0
425774,intact_enforced,1,0,0
425774,dropout1000_enforced,1,0,0
425774,dropout1000_logging,1,0,0
425775,intact_enforced,0,1,0
425775,dropout1000_logging,0,1,0
425775,dropout1000_enforced,0,1,0
425775,intact_logging,0,1,0
425776,intact_enforced,0,1,0
425776,intact_logging,0,1,0
425776,dropout1000_enforced,0,1,0
425776,dropout1000_logging,0,1,0
425777,intact_enforced,0,1,0
425777,dropout1000_logging,0,1,0
425777,dropout1000_enforced,0,1,0
425777,intact_logging,0,1,0
425778,dropout1000_enforced,0,0,0
425778,intact_logging,0,0,0
425778,dropout1000_logging,0,0,0
425778,intact_enforced,0,0,0
425779,dropout1000_logging,0,1,0
425779,intact_enforced,0,1,0
425779,dropout1000_enforced,0,1,0
425779,intact_logging,0,1,0
425780,dropout1000_enforced,0,1,0
425780,intact_enforced,0,1,0
425780,dropout1000_logging,0,1,0
425780,intact_logging,0,1,0
425781,intact_logging,0,1,0
425781,dropout1000_enforced,0,1,0
425781,dropout1000_logging,0,1,0
425781,intact_enforced,0,1,0
425782,intact_enforced,0,1,0
425782,dropout1000_logging,0,1,0
425782,dropout1000_enforced,0,1,0
425782,intact_logging,0,1,0
425783,dropout1000_logging,1,1,0
425783,dropout1000_enforced,1,1,0
425783,intact_enforced,1,1,0
425783,intact_logging,1,1,0
425784,intact_logging,1,1,0
425784,intact_enforced,1,1,0
425784,dropout1000_enforced,1,1,0
425784,dropout1000_logging,1,1,0
425785,dropout1000_enforced,0,1,0
425785,dropout1000_logging,0,1,0
425785,intact_enforced,0,1,0
425785,intact_logging,0,1,0
425786,dropout1000_enforced,0,1,0
425786,dropout1000_logging,0,1,0
425786,intact_enforced,0,1,0
425786,intact_logging,0,1,0
425787,dropout1000_enforced,0,1,0
425787,intact_enforced,0,1,0
425787,intact_logging,0,1,0
425787,dropout1000_logging,0,1,0
425788,intact_logging,0,0,0
425788,intact_enforced,0,0,0
425788,dropout1000_enforced,0,0,1
425788,dropout1000_logging,0,0,1
425789,dropout1000_logging,0,1,0
425789,dropout1000_enforced,0,1,0
425789,intact_logging,0,1,0
425789,intact_enforced,0,1,0
425790,dropout1000_enforced,1,1,1
425790,intact_enforced,1,1,0
425790,dropout1000_logging,1,1,1
425790,intact_logging,1,1,0
425791,intact_enforced,1,1,0
425791,dropout1000_logging,1,1,0
425791,intact_logging,1,1,0
425791,dropout1000_enforced,1,1,0
425792,intact_logging,1,1,0
425792,dropout1000_logging,1,1,0
425792,intact_enforced,1,1,0
425792,dropout1000_enforced,1,1,0
425793,dropout1000_enforced,0,0,0
425793,intact_logging,0,0,0
425793,dropout1000_logging,0,0,0
425793,intact_enforced,0,0,0
425794,intact_enforced,1,0,0
425794,dropout1000_enforced,1,0,0
425794,dropout1000_logging,1,0,0
425794,intact_logging,1,0,0
425795,dropout1000_logging,1,0,0
425795,dropout1000_enforced,1,0,0
425795,intact_enforced,1,0,0
425795,intact_logging,1,0,0
425796,dropout1000_logging,1,1,0
425796,intact_enforced,1,1,0
425796,intact_logging,1,1,0
425796,dropout1000_enforced,1,1,0
425797,dropout1000_logging,1,0,0
425797,dropout1000_enforced,1,0,0
425797,intact_enforced,1,0,0
425797,intact_logging,1,0,0
425798,intact_logging,1,0,0
425798,dropout1000_enforced,1,0,0
425798,dropout1000_logging,1,0,0
425798,intact_enforced,1,0,0
425799,intact_logging,0,0,0
425799,dropout1000_enforced,0,0,1
425799,dropout1000_logging,0,0,1
425799,intact_enforced,0,0,0
425800,dropout1000_enforced,1,1,0
425800,intact_enforced,1,1,0
425800,dropout1000_logging,1,1,0
425800,intact_logging,1,1,0
425801,intact_enforced,1,1,0
425801,dropout1000_enforced,1,1,0
425801,dropout1000_logging,1,1,0
425801,intact_logging,1,1,0
425802,intact_enforced,1,0,0
425802,dropout1000_logging,1,0,0
425802,intact_logging,1,0,0
425802,dropout1000_enforced,1,0,0
425803,dropout1000_logging,1,1,0
425803,dropout1000_enforced,1,1,0
425803,intact_logging,1,1,0
425803,intact_enforced,1,1,0
425804,dropout1000_logging,0,1,0
425804,intact_enforced,0,1,0
425804,intact_logging,0,1,0
425804,dropout1000_enforced,0,1,0
425805,intact_enforced,1,1,0
425805,dropout1000_logging,1,1,0
425805,dropout1000_enforced,1,1,0
425805,intact_logging,1,1,0
425806,intact_enforced,0,0,0
425806,dropout1000_enforced,0,0,0
425806,intact_logging,0,0,0
425806,dropout1000_logging,0,0,0
425807,dropout1000_logging,0,1,0
425807,intact_logging,0,1,0
425807,dropout1000_enforced,0,1,0
425807,intact_enforced,0,1,0
425808,dropout1000_enforced,1,0,0
425808,intact_enforced,1,0,0
425808,dropout1000_logging,1,0,0
425808,intact_logging,1,0,0
425809,dropout1000_enforced,1,1,0
425809,intact_logging,1,1,0
425809,intact_enforced,1,1,0
425809,dropout1000_logging,1,1,0
425810,dropout1000_logging,0,0,0
425810,dropout1000_enforced,0,0,0
425810,intact_enforced,0,0,0
425810,intact_logging,0,0,0
425811,intact_enforced,1,0,0
425811,dropout1000_logging,1,0,1
425811,dropout1000_enforced,1,0,1
425811,intact_logging,1,0,0
425812,intact_enforced,0,1,0
425812,dropout1000_logging,0,1,0
425812,intact_logging,0,1,0
425812,dropout1000_enforced,0,1,0
425813,intact_enforced,1,1,0
425813,dropout1000_enforced,1,1,0
425813,dropout1000_logging,1,1,0
425813,intact_logging,1,1,0
425814,dropout1000_enforced,1,0,0
425814,dropout1000_logging,1,0,0
425814,intact_logging,1,0,0
425814,intact_enforced,1,0,0
425815,dropout1000_enforced,0,1,0
425815,intact_enforced,0,1,0
425815,intact_logging,0,1,0
425815,dropout1000_logging,0,1,0
425816,intact_logging,1,0,0
425816,dropout1000_enforced,1,0,0
425816,dropout1000_logging,1,0,0
425816,intact_enforced,1,0,0
425817,dropout1000_enforced,0,1,0
425817,dropout1000_logging,0,1,0
425817,intact_enforced,0,1,0
425817,intact_logging,0,1,0
425818,dropout1000_logging,0,1,0
425818,intact_logging,0,1,0
425818,dropout1000_enforced,0,1,0
425818,intact_enforced,0,1,0
425819,dropout1000_logging,1,0,0
425819,dropout1000_enforced,1,0,0
425819,intact_logging,1,0,0
425819,intact_enforced,1,0,0
425820,intact_enforced,0,1,0
425820,intact_logging,0,1,0
425820,dropout1000_enforced,0,1,1
425820,dropout1000_logging,0,1,1
425821,intact_logging,0,1,0
425821,dropout1000_logging,0,1,0
425821,dropout1000_enforced,0,1,0
425821,intact_enforced,0,1,0
425822,dropout1000_enforced,1,0,0
425822,intact_enforced,1,0,0
425822,dropout1000_logging,1,0,0
425822,intact_logging,1,0,0
425823,dropout1000_logging,0,0,0
425823,intact_enforced,0,0,0
425823,intact_logging,0,0,0
425823,dropout1000_enforced,0,0,0
425824,dropout1000_logging,1,0,0
425824,dropout1000_enforced,1,0,0
425824,intact_logging,1,0,0
425824,intact_enforced,1,0,0
425825,intact_logging,1,1,0
425825,intact_enforced,1,1,0
425825,dropout1000_enforced,1,1,0
425825,dropout1000_logging,1,1,0
425826,intact_enforced,0,0,0
425826,intact_logging,0,0,0
425826,dropout1000_enforced,0,0,0
425826,dropout1000_logging,0,0,0
425827,intact_logging,0,1,0
425827,intact_enforced,0,1,0
425827,dropout1000_logging,0,1,0
425827,dropout1000_enforced,0,1,0
425828,intact_logging,1,1,0
425828,dropout1000_logging,1,1,0
425828,intact_enforced,1,1,0
425828,dropout1000_enforced,1,1,0
425829,intact_enforced,1,1,0
425829,dropout1000_logging,1,1,0
425829,dropout1000_enforced,1,1,0
425829,intact_logging,1,1,0
425830,dropout1000_logging,1,0,0
425830,intact_enforced,1,0,0
425830,dropout1000_enforced,1,0,0
425830,intact_logging,1,0,0
425831,dropout1000_enforced,0,0,0
425831,dropout1000_logging,0,0,0
425831,intact_enforced,0,0,0
425831,intact_logging,0,0,0
425832,dropout1000_enforced,1,1,0
425832,intact_logging,1,1,0
425832,intact_enforced,1,1,0
425832,dropout1000_logging,1,1,0
425833,intact_enforced,0,1,0
425833,dropout1000_enforced,0,1,1
425833,intact_logging,0,1,0
425833,dropout1000_logging,0,1,1
425834,intact_logging,0,1,0
425834,dropout1000_logging,0,1,0
425834,dropout1000_enforced,0,1,0
425834,intact_enforced,0,1,0
425835,dropout1000_logging,0,0,0
425835,intact_logging,0,0,0
425835,dropout1000_enforced,0,0,0
425835,intact_enforced,0,0,0
425836,intact_enforced,0,1,0
425836,dropout1000_enforced,0,1,0
425836,intact_logging,0,1,0
425836,dropout1000_logging,0,1,0
425837,dropout1000_enforced,1,0,0
425837,intact_logging,1,0,0
425837,intact_enforced,1,0,0
425837,dropout1000_logging,1,0,0
425838,dropout1000_logging,0,1,0
425838,dropout1000_enforced,0,1,0
425838,intact_enforced,0,1,0
425838,intact_logging,0,1,0
425839,intact_enforced,1,0,0
425839,dropout1000_logging,1,0,0
425839,dropout1000_enforced,1,0,0
425839,intact_logging,1,0,0
425840,intact_enforced,1,0,0
425840,dropout1000_enforced,1,0,0
425840,dropout1000_logging,1,0,0
425840,intact_logging,1,0,0
425841,intact_logging,1,1,0
425841,dropout1000_enforced,1,1,0
425841,intact_enforced,1,1,0
425841,dropout1000_logging,1,1,0
425842,intact_logging,0,1,0
425842,intact_enforced,0,1,0
425842,dropout1000_enforced,0,1,0
425842,dropout1000_logging,0,1,0
425843,dropout1000_logging,1,0,0
425843,intact_logging,1,0,0
425843,dropout1000_enforced,1,0,0
425843,intact_enforced,1,0,0
425844,dropout1000_logging,1,0,1
425844,dropout1000_enforced,1,0,1
425844,intact_logging,1,0,0
425844,intact_enforced,1,0,0
425845,dropout1000_enforced,0,0,0
425845,dropout1000_logging,0,0,0
425845,intact_enforced,0,0,0
425845,intact_logging,0,0,0
425846,dropout1000_logging,1,0,0
425846,dropout1000_enforced,1,0,0
425846,intact_logging,1,0,0
425846,intact_enforced,1,0,0
425847,dropout1000_logging,0,0,0
425847,dropout1000_enforced,0,0,0
425847,intact_enforced,0,0,0
425847,intact_logging,0,0,0
425848,dropout1000_enforced,0,0,0
425848,dropout1000_logging,0,0,0
425848,intact_enforced,0,0,0
425848,intact_logging,0,0,0
425849,intact_logging,0,1,0
425849,intact_enforced,0,1,0
425849,dropout1000_enforced,0,1,0
425849,dropout1000_logging,0,1,0
425850,intact_logging,0,1,0
425850,intact_enforced,0,1,0
425850,dropout1000_logging,0,1,0
425850,dropout1000_enforced,0,1,0
425851,dropout1000_logging,0,0,0
425851,dropout1000_enforced,0,0,0
425851,intact_logging,0,0,0
425851,intact_enforced,0,0,0
425852,intact_enforced,0,1,0
425852,intact_logging,0,1,0
425852,dropout1000_enforced,0,1,0
425852,dropout1000_logging,0,1,0
425853,dropout1000_enforced,1,0,0
425853,dropout1000_logging,1,0,0
425853,intact_logging,1,0,0
425853,intact_enforced,1,0,0
425854,intact_enforced,1,0,0
425854,dropout1000_enforced,1,0,0
425854,dropout1000_logging,1,0,0
425854,intact_logging,1,0,0
425855,dropout1000_enforced,0,1,0
425855,intact_enforced,0,1,0
425855,intact_logging,0,1,0
425855,dropout1000_logging,0,1,0
425856,intact_logging,0,1,0
425856,intact_enforced,0,1,0
425856,dropout1000_logging,0,1,0
425856,dropout1000_enforced,0,1,0
425857,intact_enforced,0,1,0
425857,intact_logging,0,1,0
425857,dropout1000_logging,0,1,0
425857,dropout1000_enforced,0,1,0
425858,dropout1000_enforced,1,0,0
425858,intact_logging,1,0,0
425858,dropout1000_logging,1,0,0
425858,intact_enforced,1,0,0
425859,dropout1000_logging,0,1,0
425859,intact_enforced,0,1,0
425859,intact_logging,0,1,0
425859,dropout1000_enforced,0,1,0
425860,intact_enforced,1,0,0
425860,dropout1000_enforced,1,0,0
425860,intact_logging,1,0,0
425860,dropout1000_logging,1,0,0
425861,dropout1000_enforced,0,1,0
425861,intact_enforced,0,1,0
425861,dropout1000_logging,0,1,0
425861,intact_logging,0,1,0
425862,intact_enforced,1,1,0
425862,intact_logging,1,1,0
425862,dropout1000_enforced,1,1,0
425862,dropout1000_logging,1,1,0
425863,dropout1000_enforced,1,1,0
425863,dropout1000_logging,1,1,0
425863,intact_enforced,1,1,0
425863,intact_logging,1,1,0
425864,intact_enforced,0,1,0
425864,intact_logging,0,1,0
425864,dropout1000_enforced,0,1,0
425864,dropout1000_logging,0,1,0
425865,dropout1000_enforced,0,1,0
425865,intact_enforced,0,1,0
425865,dropout1000_logging,0,1,0
425865,intact_logging,0,1,0
425866,dropout1000_logging,1,0,0
425866,intact_logging,1,0,0
425866,intact_enforced,1,0,0
425866,dropout1000_enforced,1,0,0
425867,dropout1000_logging,0,0,0
425867,intact_enforced,0,0,0
425867,dropout1000_enforced,0,0,0
425867,intact_logging,0,0,0
425868,dropout1000_logging,1,1,0
425868,intact_enforced,1,1,0
425868,dropout1000_enforced,1,1,0
425868,intact_logging,1,1,0
425869,dropout1000_enforced,1,1,0
425869,intact_logging,1,1,0
425869,dropout1000_logging,1,1,0
425869,intact_enforced,1,1,0
425870,dropout1000_logging,0,0,0
425870,dropout1000_enforced,0,0,0
425870,intact_enforced,0,0,0
425870,intact_logging,0,0,0
425871,dropout1000_enforced,1,1,0
425871,intact_logging,1,1,0
425871,dropout1000_logging,1,1,0
425871,intact_enforced,1,1,0
425872,intact_logging,1,0,0
425872,intact_enforced,1,0,0
425872,dropout1000_enforced,1,0,0
425872,dropout1000_logging,1,0,0
425873,intact_logging,0,0,0
425873,dropout1000_enforced,0,0,0
425873,intact_enforced,0,0,0
425873,dropout1000_logging,0,0,0
425874,dropout1000_enforced,0,0,0
425874,dropout1000_logging,0,0,0
425874,intact_logging,0,0,0
425874,intact_enforced,0,0,0
425875,dropout1000_enforced,0,1,0
425875,intact_logging,0,1,0
425875,intact_enforced,0,1,0
425875,dropout1000_logging,0,1,0
425876,intact_enforced,1,1,0
425876,dropout1000_logging,1,1,0
425876,intact_logging,1,1,0
425876,dropout1000_enforced,1,1,0
425877,dropout1000_logging,0,1,0
425877,intact_enforced,0,1,0
425877,dropout1000_enforced,0,1,0
425877,intact_logging,0,1,0
425878,dropout1000_enforced,1,0,0
425878,intact_enforced,1,0,0
425878,intact_logging,1,0,0
425878,dropout1000_logging,1,0,0
425879,intact_logging,1,0,0
425879,dropout1000_logging,1,0,0
425879,dropout1000_enforced,1,0,0
425879,intact_enforced,1,0,0
425880,intact_enforced,1,0,0
425880,dropout1000_enforced,1,0,1
425880,dropout1000_logging,1,0,1
425880,intact_logging,1,0,0
425881,dropout1000_enforced,1,1,0
425881,intact_enforced,1,1,0
425881,intact_logging,1,1,0
425881,dropout1000_logging,1,1,0
425882,dropout1000_logging,0,0,0
425882,intact_enforced,0,0,0
425882,intact_logging,0,0,0
425882,dropout1000_enforced,0,0,0
425883,intact_enforced,0,0,0
425883,intact_logging,0,0,0
425883,dropout1000_logging,0,0,0
425883,dropout1000_enforced,0,0,0
425884,dropout1000_logging,0,1,0
425884,intact_enforced,0,1,0
425884,intact_logging,0,1,0
425884,dropout1000_enforced,0,1,0
425885,intact_logging,0,1,0
425885,intact_enforced,0,1,0
425885,dropout1000_logging,0,1,0
425885,dropout1000_enforced,0,1,0
425886,intact_enforced,1,1,0
425886,intact_logging,1,1,0
425886,dropout1000_enforced,1,1,0
425886,dropout1000_logging,1,1,0
425887,intact_enforced,1,0,0
425887,dropout1000_enforced,1,0,0
425887,intact_logging,1,0,0
425887,dropout1000_logging,1,0,0
425888,intact_enforced,1,0,0
425888,dropout1000_enforced,1,0,0
425888,intact_logging,1,0,0
425888,dropout1000_logging,1,0,0
425889,intact_enforced,0,1,0
425889,intact_logging,0,1,0
425889,dropout1000_logging,0,1,0
425889,dropout1000_enforced,0,1,0
425890,dropout1000_enforced,0,1,0
425890,intact_enforced,0,1,0
425890,intact_logging,0,1,0
425890,dropout1000_logging,0,1,0
425891,intact_enforced,0,0,0
425891,intact_logging,0,0,0
425891,dropout1000_logging,0,0,1
425891,dropout1000_enforced,0,0,1
425892,dropout1000_enforced,0,0,0
425892,intact_logging,0,0,0
425892,dropout1000_logging,0,0,0
425892,intact_enforced,0,0,0
425893,intact_logging,1,1,0
425893,intact_enforced,1,1,0
425893,dropout1000_enforced,1,1,0
425893,dropout1000_logging,1,1,0
425894,dropout1000_logging,1,1,0
425894,dropout1000_enforced,1,1,0
425894,intact_enforced,1,1,0
425894,intact_logging,1,1,0
425895,intact_enforced,0,0,0
425895,dropout1000_logging,0,0,0
425895,intact_logging,0,0,0
425895,dropout1000_enforced,0,0,0
425896,intact_enforced,1,0,0
425896,dropout1000_logging,1,0,0
425896,intact_logging,1,0,0
425896,dropout1000_enforced,1,0,0
425897,dropout1000_logging,1,0,0
425897,intact_enforced,1,0,0
425897,dropout1000_enforced,1,0,0
425897,intact_logging,1,0,0
425898,intact_logging,1,0,0
425898,dropout1000_logging,1,0,0
425898,dropout1000_enforced,1,0,0
425898,intact_enforced,1,0,0
425899,intact_enforced,0,1,0
425899,intact_logging,0,1,0
425899,dropout1000_enforced,0,1,0
425899,dropout1000_logging,0,1,0
425900,intact_logging,1,0,0
425900,intact_enforced,1,0,0
425900,dropout1000_enforced,1,0,0
425900,dropout1000_logging,1,0,0
425901,dropout1000_enforced,0,0,0
425901,intact_logging,0,0,0
425901,intact_enforced,0,0,0
425901,dropout1000_logging,0,0,0
425902,intact_logging,1,0,0
425902,dropout1000_enforced,1,0,0
425902,intact_enforced,1,0,0
425902,dropout1000_logging,1,0,0
425903,dropout1000_logging,0,0,0
425903,intact_enforced,0,0,0
425903,intact_logging,0,0,0
425903,dropout1000_enforced,0,0,0
425904,intact_enforced,1,1,0
425904,intact_logging,1,1,0
425904,dropout1000_logging,1,1,0
425904,dropout1000_enforced,1,1,0
425905,dropout1000_enforced,1,0,0
425905,dropout1000_logging,1,0,0
425905,intact_logging,1,0,0
425905,intact_enforced,1,0,0
425906,intact_enforced,1,0,0
425906,dropout1000_logging,1,0,0
425906,intact_logging,1,0,0
425906,dropout1000_enforced,1,0,0
425907,intact_enforced,0,0,0
425907,dropout1000_logging,0,0,0
425907,dropout1000_enforced,0,0,0
425907,intact_logging,0,0,0
425908,dropout1000_enforced,1,1,0
425908,intact_logging,1,1,0
425908,intact_enforced,1,1,0
425908,dropout1000_logging,1,1,0
425909,dropout1000_logging,0,0,0
425909,intact_enforced,0,0,0
425909,dropout1000_enforced,0,0,0
425909,intact_logging,0,0,0
425910,intact_enforced,0,1,0
425910,dropout1000_enforced,0,1,0
425910,intact_logging,0,1,0
425910,dropout1000_logging,0,1,0
425911,intact_enforced,0,0,0
425911,intact_logging,0,0,0
425911,dropout1000_enforced,0,0,0
425911,dropout1000_logging,0,0,0
425912,intact_logging,0,0,0
425912,intact_enforced,0,0,0
425912,dropout1000_enforced,0,0,0
425912,dropout1000_logging,0,0,0
425913,intact_enforced,1,0,0
425913,intact_logging,1,0,0
425913,dropout1000_enforced,1,0,1
425913,dropout1000_logging,1,0,1
425914,intact_logging,1,1,0
425914,dropout1000_enforced,1,1,0
425914,intact_enforced,1,1,0
425914,dropout1000_logging,1,1,0
425915,intact_logging,1,1,0
425915,dropout1000_logging,1,1,0
425915,intact_enforced,1,1,0
425915,dropout1000_enforced,1,1,0
425916,intact_enforced,0,0,0
425916,dropout1000_enforced,0,0,0
425916,intact_logging,0,0,0
425916,dropout1000_logging,0,0,0
425917,dropout1000_logging,1,1,0
425917,intact_enforced,1,1,0
425917,intact_logging,1,1,0
425917,dropout1000_enforced,1,1,0
425918,intact_enforced,1,0,0
425918,dropout1000_enforced,1,0,0
425918,intact_logging,1,0,0
425918,dropout1000_logging,1,0,0
425919,dropout1000_enforced,0,1,1
425919,intact_enforced,0,1,0
425919,intact_logging,0,1,0
425919,dropout1000_logging,0,1,1
425920,intact_enforced,1,1,0
425920,dropout1000_enforced,1,1,0
425920,intact_logging,1,1,0
425920,dropout1000_logging,1,1,0
425921,dropout1000_enforced,1,1,0
425921,intact_enforced,1,1,0
425921,intact_logging,1,1,0
425921,dropout1000_logging,1,1,0
425922,intact_enforced,1,1,0
425922,dropout1000_enforced,1,1,0
425922,dropout1000_logging,1,1,0
425922,intact_logging,1,1,0
425923,intact_enforced,1,0,0
425923,intact_logging,1,0,0
425923,dropout1000_enforced,1,0,0
425923,dropout1000_logging,1,0,0
425924,intact_enforced,0,0,0
425924,intact_logging,0,0,0
425924,dropout1000_logging,0,0,0
425924,dropout1000_enforced,0,0,0
425925,intact_logging,1,1,0
425925,intact_enforced,1,1,0
425925,dropout1000_enforced,1,1,0
425925,dropout1000_logging,1,1,0
425926,intact_enforced,0,1,0
425926,intact_logging,0,1,0
425926,dropout1000_logging,0,1,0
425926,dropout1000_enforced,0,1,0
425927,dropout1000_enforced,1,0,0
425927,intact_logging,1,0,0
425927,dropout1000_logging,1,0,0
425927,intact_enforced,1,0,0
425928,intact_enforced,1,0,0
425928,dropout1000_enforced,1,0,0
425928,dropout1000_logging,1,0,0
425928,intact_logging,1,0,0
425929,dropout1000_enforced,1,1,0
425929,intact_enforced,1,1,0
425929,intact_logging,1,1,0
425929,dropout1000_logging,1,1,0
425930,dropout1000_logging,0,1,0
425930,dropout1000_enforced,0,1,0
425930,intact_enforced,0,1,0
425930,intact_logging,0,1,0
425931,intact_enforced,0,0,0
425931,dropout1000_logging,0,0,1
425931,intact_logging,0,0,0
425931,dropout1000_enforced,0,0,1
425932,dropout1000_enforced,1,1,0
425932,intact_logging,1,1,0
425932,dropout1000_logging,1,1,0
425932,intact_enforced,1,1,0
425933,dropout1000_logging,0,1,0
425933,dropout1000_enforced,0,1,0
425933,intact_enforced,0,1,0
425933,intact_logging,0,1,0
425934,dropout1000_logging,1,1,0
425934,dropout1000_enforced,1,1,0
425934,intact_enforced,1,1,0
425934,intact_logging,1,1,0
425935,intact_enforced,1,1,0
425935,dropout1000_enforced,1,1,0
425935,dropout1000_logging,1,1,0
425935,intact_logging,1,1,0
425936,dropout1000_logging,0,0,0
425936,intact_enforced,0,0,0
425936,dropout1000_enforced,0,0,0
425936,intact_logging,0,0,0
425937,dropout1000_enforced,1,0,1
425937,intact_logging,1,0,0
425937,intact_enforced,1,0,0
425937,dropout1000_logging,1,0,1
425938,intact_enforced,1,1,0
425938,dropout1000_enforced,1,1,0
425938,intact_logging,1,1,0
425938,dropout1000_logging,1,1,0
425939,dropout1000_logging,1,0,0
425939,intact_enforced,1,0,0
425939,intact_logging,1,0,0
425939,dropout1000_enforced,1,0,0
425940,intact_logging,0,0,0
425940,intact_enforced,0,0,0
425940,dropout1000_enforced,0,0,0
425940,dropout1000_logging,0,0,0
425941,intact_logging,1,1,0
425941,dropout1000_enforced,1,1,0
425941,intact_enforced,1,1,0
425941,dropout1000_logging,1,1,0
425942,intact_logging,0,1,0
425942,dropout1000_logging,0,1,0
425942,intact_enforced,0,1,0
425942,dropout1000_enforced,0,1,0
425943,intact_enforced,0,1,0
425943,intact_logging,0,1,0
425943,dropout1000_enforced,0,1,1
425943,dropout1000_logging,0,1,1
425944,dropout1000_logging,1,0,0
425944,dropout1000_enforced,1,0,0
425944,intact_enforced,1,0,0
425944,intact_logging,1,0,0
425945,intact_logging,0,0,0
425945,dropout1000_logging,0,0,0
425945,intact_enforced,0,0,0
425945,dropout1000_enforced,0,0,0
425946,intact_enforced,1,0,0
425946,dropout1000_logging,1,0,0
425946,dropout1000_enforced,1,0,0
425946,intact_logging,1,0,0
425947,intact_logging,1,1,0
425947,dropout1000_logging,1,1,0
425947,dropout1000_enforced,1,1,0
425947,intact_enforced,1,1,0
425948,intact_logging,1,1,0
425948,dropout1000_enforced,1,1,0
425948,dropout1000_logging,1,1,0
425948,intact_enforced,1,1,0
425949,dropout1000_enforced,0,1,0
425949,intact_logging,0,1,0
425949,dropout1000_logging,0,1,0
425949,intact_enforced,0,1,0
425950,intact_enforced,0,1,0
425950,dropout1000_logging,0,1,0
425950,intact_logging,0,1,0
425950,dropout1000_enforced,0,1,0
425951,dropout1000_logging,0,0,0
425951,intact_enforced,0,0,0
425951,dropout1000_enforced,0,0,0
425951,intact_logging,0,0,0
425952,intact_logging,0,1,0
425952,intact_enforced,0,1,0
425952,dropout1000_enforced,0,1,0
425952,dropout1000_logging,0,1,0
425953,dropout1000_enforced,1,1,0
425953,intact_enforced,1,1,0
425953,dropout1000_logging,1,1,0
425953,intact_logging,1,1,0
425954,intact_logging,1,1,0
425954,dropout1000_logging,1,1,0
425954,intact_enforced,1,1,0
425954,dropout1000_enforced,1,1,0
425955,dropout1000_logging,1,1,0
425955,intact_enforced,1,1,0
425955,intact_logging,1,1,0
425955,dropout1000_enforced,1,1,0
425956,dropout1000_enforced,0,0,0
425956,intact_enforced,0,0,0
425956,intact_logging,0,0,0
425956,dropout1000_logging,0,0,0
425957,dropout1000_enforced,0,0,0
425957,intact_logging,0,0,0
425957,intact_enforced,0,0,0
425957,dropout1000_logging,0,0,0
425958,dropout1000_logging,0,1,0
425958,intact_logging,0,1,0
425958,intact_enforced,0,1,0
425958,dropout1000_enforced,0,1,0
425959,intact_logging,0,0,0
425959,intact_enforced,0,0,0
425959,dropout1000_enforced,0,0,0
425959,dropout1000_logging,0,0,0
425960,dropout1000_enforced,1,0,0
425960,dropout1000_logging,1,0,0
425960,intact_enforced,1,0,0
425960,intact_logging,1,0,0
425961,intact_logging,0,0,0
425961,dropout1000_enforced,0,0,0
425961,dropout1000_logging,0,0,0
425961,intact_enforced,0,0,0
425962,intact_enforced,0,1,0
425962,dropout1000_logging,0,1,0
425962,intact_logging,0,1,0
425962,dropout1000_enforced,0,1,0
425963,dropout1000_enforced,0,1,0
425963,intact_logging,0,1,0
425963,dropout1000_logging,0,1,0
425963,intact_enforced,0,1,0
425964,dropout1000_logging,0,1,0
425964,intact_enforced,0,1,0
425964,intact_logging,0,1,0
425964,dropout1000_enforced,0,1,0
425965,dropout1000_logging,1,1,0
425965,intact_logging,1,1,0
425965,intact_enforced,1,1,0
425965,dropout1000_enforced,1,1,0
425966,intact_logging,0,0,0
425966,intact_enforced,0,0,0
425966,dropout1000_logging,0,0,1
425966,dropout1000_enforced,0,0,1
425967,dropout1000_enforced,1,1,0
425967,dropout1000_logging,1,1,0
425967,intact_logging,1,1,0
425967,intact_enforced,1,1,0
425968,dropout1000_enforced,0,0,0
425968,intact_enforced,0,0,0
425968,intact_logging,0,0,0
425968,dropout1000_logging,0,0,0
425969,intact_logging,1,0,0
425969,intact_enforced,1,0,0
425969,dropout1000_enforced,1,0,0
425969,dropout1000_logging,1,0,0
425970,intact_logging,0,1,0
425970,dropout1000_enforced,0,1,0
425970,intact_enforced,0,1,0
425970,dropout1000_logging,0,1,0
425971,intact_logging,1,1,0
425971,dropout1000_logging,1,1,0
425971,intact_enforced,1,1,0
425971,dropout1000_enforced,1,1,0
425972,intact_logging,0,1,0
425972,intact_enforced,0,1,0
425972,dropout1000_logging,0,1,0
425972,dropout1000_enforced,0,1,0
425973,dropout1000_logging,1,1,0
425973,dropout1000_enforced,1,1,0
425973,intact_enforced,1,1,0
425973,intact_logging,1,1,0
425974,dropout1000_logging,1,0,0
425974,intact_logging,1,0,0
425974,dropout1000_enforced,1,0,0
425974,intact_enforced,1,0,0
425975,dropout1000_enforced,1,0,0
425975,dropout1000_logging,1,0,0
425975,intact_logging,1,0,0
425975,intact_enforced,1,0,0
425976,intact_enforced,0,1,0
425976,intact_logging,0,1,0
425976,dropout1000_enforced,0,1,0
425976,dropout1000_logging,0,1,0
425977,intact_logging,1,1,0
425977,dropout1000_logging,1,1,1
425977,intact_enforced,1,1,0
425977,dropout1000_enforced,1,1,1
425978,intact_enforced,1,1,0
425978,dropout1000_logging,1,1,0
425978,dropout1000_enforced,1,1,0
425978,intact_logging,1,1,0
425979,intact_enforced,0,0,0
425979,intact_logging,0,0,0
425979,dropout1000_enforced,0,0,0
425979,dropout1000_logging,0,0,0
425980,intact_logging,1,1,0
425980,dropout1000_enforced,1,1,0
425980,intact_enforced,1,1,0
425980,dropout1000_logging,1,1,0
425981,intact_logging,1,0,0
425981,intact_enforced,1,0,0
425981,dropout1000_logging,1,0,0
425981,dropout1000_enforced,1,0,0
425982,intact_logging,0,0,0
425982,dropout1000_logging,0,0,0
425982,dropout1000_enforced,0,0,0
425982,intact_enforced,0,0,0
425983,intact_enforced,1,1,0
425983,intact_logging,1,1,0
425983,dropout1000_logging,1,1,1
425983,dropout1000_enforced,1,1,1
425984,dropout1000_enforced,0,0,0
425984,intact_enforced,0,0,0
425984,intact_logging,0,0,0
425984,dropout1000_logging,0,0,0
425985,intact_enforced,1,1,0
425985,dropout1000_enforced,1,1,0
425985,dropout1000_logging,1,1,0
425985,intact_logging,1,1,0
425986,intact_enforced,1,1,0
425986,dropout1000_enforced,1,1,0
425986,dropout1000_logging,1,1,0
425986,intact_logging,1,1,0
425987,intact_enforced,0,1,0
425987,intact_logging,0,1,0
425987,dropout1000_enforced,0,1,0
425987,dropout1000_logging,0,1,0
425988,dropout1000_enforced,1,0,0
425988,dropout1000_logging,1,0,0
425988,intact_logging,1,0,0
425988,intact_enforced,1,0,0
425989,dropout1000_logging,1,1,0
425989,dropout1000_enforced,1,1,0
425989,intact_logging,1,1,0
425989,intact_enforced,1,1,0
425990,intact_enforced,1,1,0
425990,dropout1000_enforced,1,1,0
425990,dropout1000_logging,1,1,0
425990,intact_logging,1,1,0
425991,dropout1000_enforced,1,1,0
425991,intact_enforced,1,1,0
425991,dropout1000_logging,1,1,0
425991,intact_logging,1,1,0
425992,intact_logging,1,1,0
425992,dropout1000_enforced,1,1,1
425992,intact_enforced,1,1,0
425992,dropout1000_logging,1,1,1
425993,intact_enforced,0,1,0
425993,dropout1000_enforced,0,1,0
425993,dropout1000_logging,0,1,0
425993,intact_logging,0,1,0
425994,intact_enforced,1,1,0
425994,dropout1000_enforced,1,1,0
425994,dropout1000_logging,1,1,0
425994,intact_logging,1,1,0
425995,dropout1000_enforced,1,1,0
425995,intact_enforced,1,1,0
425995,intact_logging,1,1,0
425995,dropout1000_logging,1,1,0
425996,intact_logging,0,1,0
425996,dropout1000_enforced,0,1,0
425996,intact_enforced,0,1,0
425996,dropout1000_logging,0,1,0
425997,dropout1000_logging,1,1,0
425997,intact_logging,1,1,0
425997,dropout1000_enforced,1,1,0
425997,intact_enforced,1,1,0
425998,dropout1000_enforced,0,1,0
425998,intact_enforced,0,1,0
425998,intact_logging,0,1,0
425998,dropout1000_logging,0,1,0
425999,dropout1000_enforced,1,0,0
425999,intact_enforced,1,0,0
425999,dropout1000_logging,1,0,0
425999,intact_logging,1,0,0
